pool,backbone,skin,seed,cal,method,burden@5,ndcg@5,burden@10,ndcg@10,burden@20,ndcg@20,burden@50,ndcg@50
dense,NB,Combination,0,minmax,relevance_only,9.0,0.9999999999999999,8.5,1.0,9.05,0.9999999999999999,9.16,0.9247163791794099
dense,NB,Combination,0,minmax,hard_filter,9.0,0.9999999999999999,8.5,1.0,9.05,0.9999999999999999,9.16,0.9247163791794099
dense,NB,Combination,0,minmax,proportional,4.2,0.9999999999999999,5.3,0.9216017310213245,5.8,0.9494043170253827,6.1,0.8659957967211942
dense,NB,Combination,0,minmax,MMR,9.0,0.8539316501572934,7.5,0.835780413693672,8.8,0.7859883613401489,8.94,0.8375714725148682
dense,NB,Combination,0,minmax,FAIR_prefix,9.0,0.9999999999999999,8.5,1.0,9.05,0.9999999999999999,9.16,0.9247163791794099
dense,NB,Combination,0,minmax,proposed,3.6,0.8687949224876581,4.1,0.914856882358379,4.2,0.8379721946257725,4.28,0.8197816394940746
dense,NB,Combination,0,rank,relevance_only,9.0,0.9999999999999999,8.5,1.0,9.05,0.9999999999999999,9.16,0.9247163791794099
dense,NB,Combination,0,rank,hard_filter,9.0,0.9999999999999999,8.5,1.0,9.05,0.9999999999999999,9.16,0.9247163791794099
dense,NB,Combination,0,rank,proportional,5.0,0.9999999999999999,5.3,0.9266360779006398,6.2,0.952653320122114,7.36,0.9001597498979674
dense,NB,Combination,0,rank,MMR,9.0,0.8539316501572934,8.4,0.9052116356304493,7.95,0.8308690642921883,9.16,0.847035124879277
dense,NB,Combination,0,rank,FAIR_prefix,9.0,0.9999999999999999,8.5,1.0,9.05,0.9999999999999999,9.16,0.9247163791794099
dense,NB,Combination,0,rank,proposed,4.2,0.8687949224876581,4.1,0.914856882358379,4.35,0.8390516304961855,4.32,0.8064440656086475
full,NB,Combination,0,minmax,relevance_only,3.0,0.8304198973631918,2.3,0.8899541168509599,2.1,0.9289799801831712,2.68,0.9612334964944959
full,NB,Combination,0,minmax,hard_filter,1.6,0.7860137352654724,1.6,0.8611375561264455,1.15,0.9103827127966565,1.16,0.9371996610532002
full,NB,Combination,0,minmax,proportional,0.0,0.7860137352654724,0.0,0.8611375561264455,0.1,0.9103827127966565,0.3,0.9510821189928904
full,NB,Combination,0,minmax,MMR,2.6,0.9999999999999999,3.1,0.9266360779006398,2.65,0.9171433102136997,2.48,0.9097189791212802
full,NB,Combination,0,minmax,FAIR_prefix,3.0,0.7860137352654724,2.3,0.8611375561264455,2.1,0.9103827127966565,2.68,0.9510821189928904
full,NB,Combination,0,minmax,proposed,0.0,0.7860137352654724,0.0,0.8611375561264455,0.0,0.9103827127966565,0.0,0.9510821189928904
full,NB,Combination,0,rank,relevance_only,3.0,0.8304198973631918,2.3,0.8899541168509599,2.1,0.9289799801831712,2.68,0.9612334964944959
full,NB,Combination,0,rank,hard_filter,1.6,0.7860137352654724,1.6,0.8611375561264455,1.15,0.9103827127966565,1.16,0.9371996610532002
full,NB,Combination,0,rank,proportional,0.0,0.7860137352654724,0.0,0.8611375561264455,0.2,0.9103827127966565,0.76,0.9510821189928904
full,NB,Combination,0,rank,MMR,4.0,0.9999999999999999,3.6,1.0,4.2,0.9999999999999999,3.64,0.971234405276217
full,NB,Combination,0,rank,FAIR_prefix,3.0,0.7860137352654724,2.3,0.8611375561264455,2.1,0.9103827127966565,2.68,0.9510821189928904
full,NB,Combination,0,rank,proposed,0.0,0.7860137352654724,0.0,0.8611375561264455,0.0,0.9103827127966565,0.0,0.9510821189928904
dense,NB,Combination,1,minmax,relevance_only,7.8,0.9999999999999999,8.2,1.0,9.6,0.9616153618346169,9.34,0.8908401037242203
dense,NB,Combination,1,minmax,hard_filter,7.8,0.9999999999999999,8.2,1.0,9.6,0.9616153618346169,9.34,0.8908401037242203
dense,NB,Combination,1,minmax,proportional,4.4,0.8687949224876581,5.3,0.914856882358379,5.25,0.945051411928014,6.12,0.8775378053367083
dense,NB,Combination,1,minmax,MMR,7.0,0.8304198973631918,7.3,0.8263333286520083,8.4,0.7781668400084721,8.64,0.8204480226981186
dense,NB,Combination,1,minmax,FAIR_prefix,7.8,0.9999999999999999,8.2,1.0,9.6,0.9616153618346169,9.34,0.8908401037242203
dense,NB,Combination,1,minmax,proposed,4.2,0.8687949224876581,4.0,0.914856882358379,4.05,0.8389315166067183,4.28,0.8060342804032472
dense,NB,Combination,1,rank,relevance_only,7.8,0.9999999999999999,8.2,1.0,9.6,0.9616153618346169,9.34,0.8908401037242203
dense,NB,Combination,1,rank,hard_filter,7.8,0.9999999999999999,8.2,1.0,9.6,0.9616153618346169,9.34,0.8908401037242203
dense,NB,Combination,1,rank,proportional,5.0,0.9999999999999999,5.3,0.9305687780632227,5.6,0.9551913563983281,7.58,0.8737835936328624
dense,NB,Combination,1,rank,MMR,9.0,0.8304198973631918,8.3,0.8899541168509599,7.3,0.8626775182308807,8.48,0.8460232613535342
dense,NB,Combination,1,rank,FAIR_prefix,7.8,0.9999999999999999,8.2,1.0,9.6,0.9616153618346169,9.34,0.8908401037242203
dense,NB,Combination,1,rank,proposed,4.2,0.8687949224876581,4.2,0.914856882358379,4.2,0.840656197714381,4.28,0.8066970858505063
full,NB,Combination,1,minmax,relevance_only,0.8,0.7860137352654724,2.2,0.8611375561264455,2.4,0.9103827127966565,3.22,0.9095772473444996
full,NB,Combination,1,minmax,hard_filter,0.8,0.7860137352654724,1.5,0.8611375561264455,1.25,0.9103827127966565,1.42,0.9076873638443477
full,NB,Combination,1,minmax,proportional,0.0,0.7860137352654724,0.0,0.8611375561264455,0.05,0.9103827127966565,0.24,0.9365135255003378
full,NB,Combination,1,minmax,MMR,2.2,0.8687949224876581,2.9,0.8454256604216017,3.0,0.8638864803378035,2.98,0.9104619883387952
full,NB,Combination,1,minmax,FAIR_prefix,0.8,0.7860137352654724,2.2,0.8611375561264455,2.4,0.9103827127966565,3.22,0.9096531595166839
full,NB,Combination,1,minmax,proposed,0.0,0.7860137352654724,0.0,0.8611375561264455,0.0,0.9103827127966565,0.0,0.9510821189928904
full,NB,Combination,1,rank,relevance_only,0.8,0.7860137352654724,2.2,0.8611375561264455,2.4,0.9103827127966565,3.22,0.9095772473444996
full,NB,Combination,1,rank,hard_filter,0.8,0.7860137352654724,1.5,0.8611375561264455,1.25,0.9103827127966565,1.42,0.9076873638443477
full,NB,Combination,1,rank,proportional,0.0,0.7860137352654724,0.0,0.8611375561264455,0.05,0.9103827127966565,0.66,0.9211970971580403
full,NB,Combination,1,rank,MMR,3.8,0.8687949224876581,4.3,0.914856882358379,3.5,0.8699203349637841,3.16,0.8847402644077376
full,NB,Combination,1,rank,FAIR_prefix,0.8,0.7860137352654724,2.2,0.8611375561264455,2.4,0.9103827127966565,3.22,0.9096531595166839
full,NB,Combination,1,rank,proposed,0.0,0.7860137352654724,0.0,0.8611375561264455,0.0,0.9103827127966565,0.0,0.9510821189928904
dense,NB,Combination,2,minmax,relevance_only,6.0,0.9999999999999999,8.4,1.0,9.2,0.9999999999999999,8.94,0.9098884024743905
dense,NB,Combination,2,minmax,hard_filter,6.0,0.9999999999999999,8.4,1.0,9.2,0.9999999999999999,8.94,0.9098884024743905
dense,NB,Combination,2,minmax,proportional,4.8,0.9999999999999999,5.3,0.9305687780632227,5.0,0.9551913563983281,5.96,0.8844487383665307
dense,NB,Combination,2,minmax,MMR,7.2,0.8687949224876581,7.4,0.914856882358379,7.85,0.8390290814678961,8.04,0.8475210339973716
dense,NB,Combination,2,minmax,FAIR_prefix,6.0,0.9999999999999999,8.4,1.0,9.2,0.9999999999999999,8.94,0.9098884024743905
dense,NB,Combination,2,minmax,proposed,4.2,0.8687949224876581,4.3,0.914856882358379,4.15,0.9103012392291454,4.3,0.843733498190809
dense,NB,Combination,2,rank,relevance_only,6.0,0.9999999999999999,8.4,1.0,9.2,0.9999999999999999,8.94,0.9098884024743905
dense,NB,Combination,2,rank,hard_filter,6.0,0.9999999999999999,8.4,1.0,9.2,0.9999999999999999,8.94,0.9098884024743905
dense,NB,Combination,2,rank,proportional,4.8,0.9999999999999999,5.3,0.9305687780632227,5.8,0.9551913563983281,7.18,0.9284245675447594
dense,NB,Combination,2,rank,MMR,7.2,0.8687949224876581,7.8,0.8512360941594274,7.2,0.871127661973548,9.16,0.8699243021763178
dense,NB,Combination,2,rank,FAIR_prefix,6.0,0.9999999999999999,8.4,1.0,9.2,0.9999999999999999,8.94,0.9098884024743905
dense,NB,Combination,2,rank,proposed,4.2,0.8687949224876581,4.3,0.914856882358379,4.25,0.9103012392291454,4.34,0.8575128262925669
full,NB,Combination,2,minmax,relevance_only,0.8,0.6608397947263838,1.1,0.7799082337019198,2.4,0.8579599603663426,3.02,0.9224669929889917
full,NB,Combination,2,minmax,hard_filter,0.8,0.6608397947263838,0.4,0.7799082337019198,1.35,0.8579599603663426,1.26,0.8941608051276317
full,NB,Combination,2,minmax,proportional,0.0,0.6608397947263838,0.0,0.7799082337019198,0.05,0.8579599603663426,0.44,0.9084302160635537
full,NB,Combination,2,minmax,MMR,4.4,0.49125969208957565,3.6,0.6698623505528797,2.5,0.7190916394927798,2.14,0.8466652787423167
full,NB,Combination,2,minmax,FAIR_prefix,0.8,0.6608397947263838,1.1,0.7799082337019198,2.4,0.8579599603663426,2.96,0.9224669929889917
full,NB,Combination,2,minmax,proposed,0.0,0.6608397947263838,0.0,0.7799082337019198,0.0,0.8579599603663426,0.0,0.9224669929889917
full,NB,Combination,2,rank,relevance_only,0.8,0.6608397947263838,1.1,0.7799082337019198,2.4,0.8579599603663426,3.02,0.9224669929889917
full,NB,Combination,2,rank,hard_filter,0.8,0.6608397947263838,0.4,0.7799082337019198,1.35,0.8579599603663426,1.26,0.8941608051276317
full,NB,Combination,2,rank,proportional,0.0,0.6608397947263838,0.0,0.7799082337019198,0.05,0.8579599603663426,0.8,0.9085086228771172
full,NB,Combination,2,rank,MMR,2.8,0.6608397947263838,1.7,0.7799082337019198,3.1,0.8579599603663426,2.92,0.8943828722340136
full,NB,Combination,2,rank,FAIR_prefix,0.8,0.6608397947263838,1.1,0.7799082337019198,2.4,0.8579599603663426,2.96,0.9224669929889917
full,NB,Combination,2,rank,proposed,0.0,0.6608397947263838,0.0,0.7799082337019198,0.0,0.8579599603663426,0.0,0.9224669929889917
dense,NB,Combination,3,minmax,relevance_only,9.0,0.9999999999999999,9.2,1.0,9.15,0.9659370277440174,9.7,0.9358229512241022
dense,NB,Combination,3,minmax,hard_filter,9.0,0.9999999999999999,9.2,1.0,9.15,0.9659370277440174,9.7,0.9358229512241022
dense,NB,Combination,3,minmax,proportional,4.0,0.8539316501572934,5.3,0.9052116356304493,5.4,0.905961714054391,6.14,0.8588766962928444
dense,NB,Combination,3,minmax,MMR,8.0,0.8304198973631918,9.6,0.8899541168509599,9.0,0.8181093043943957,9.14,0.8577464201830755
dense,NB,Combination,3,minmax,FAIR_prefix,9.0,0.9999999999999999,9.2,1.0,9.15,0.9659370277440174,9.7,0.9358229512241022
dense,NB,Combination,3,minmax,proposed,4.2,0.8304198973631918,4.3,0.8899541168509599,4.4,0.8224076779342063,4.28,0.7978225530895794
dense,NB,Combination,3,rank,relevance_only,9.0,0.9999999999999999,9.2,1.0,9.15,0.9659370277440174,9.7,0.9358229512241022
dense,NB,Combination,3,rank,hard_filter,9.0,0.9999999999999999,9.2,1.0,9.15,0.9659370277440174,9.7,0.9358229512241022
dense,NB,Combination,3,rank,proportional,4.6,0.8539316501572934,5.4,0.9052116356304493,6.4,0.938826684621968,7.46,0.891307197495185
dense,NB,Combination,3,rank,MMR,8.4,0.8304198973631918,8.4,0.8899541168509599,8.5,0.8955424887984578,9.42,0.8695385094575055
dense,NB,Combination,3,rank,FAIR_prefix,9.0,0.9999999999999999,9.2,1.0,9.15,0.9659370277440174,9.7,0.9358229512241022
dense,NB,Combination,3,rank,proposed,4.2,0.8304198973631918,4.4,0.8899541168509599,4.4,0.8205457681725046,4.34,0.7974530458688799
full,NB,Combination,3,minmax,relevance_only,3.0,0.9999999999999999,2.1,0.9363792118010483,2.5,0.9589412206131108,2.6,0.9635511578690212
full,NB,Combination,3,minmax,hard_filter,1.6,0.9999999999999999,1.8,0.933745776545611,1.35,0.9572416874849684,1.1,0.9618862152400183
full,NB,Combination,3,minmax,proportional,0.0,0.9999999999999999,0.0,0.9266360779006398,0.0,0.952653320122114,0.3,0.959272527545571
full,NB,Combination,3,minmax,MMR,1.6,0.9999999999999999,0.9,1.0,3.35,0.9999999999999999,3.04,0.9420940175371666
full,NB,Combination,3,minmax,FAIR_prefix,3.0,0.9999999999999999,2.1,0.9363792118010483,2.5,0.9589412206131108,2.6,0.9635511578690212
full,NB,Combination,3,minmax,proposed,0.0,0.9999999999999999,0.0,0.9266360779006398,0.0,0.952653320122114,0.0,0.9741556643296638
full,NB,Combination,3,rank,relevance_only,3.0,0.9999999999999999,2.1,0.9363792118010483,2.5,0.9589412206131108,2.6,0.9635511578690212
full,NB,Combination,3,rank,hard_filter,1.6,0.9999999999999999,1.8,0.933745776545611,1.35,0.9572416874849684,1.1,0.9618862152400183
full,NB,Combination,3,rank,proportional,0.0,0.9999999999999999,0.0,0.9266360779006398,0.0,0.952653320122114,0.74,0.9589156499196612
full,NB,Combination,3,rank,MMR,2.6,0.9999999999999999,3.3,0.9216017310213245,3.85,0.9146541443265142,3.5,0.9257177289866009
full,NB,Combination,3,rank,FAIR_prefix,3.0,0.9999999999999999,2.1,0.9363792118010483,2.5,0.9589412206131108,2.6,0.9635511578690212
full,NB,Combination,3,rank,proposed,0.0,0.9999999999999999,0.0,0.9266360779006398,0.0,0.952653320122114,0.0,0.9741556643296638
dense,NB,Combination,4,minmax,relevance_only,10.8,0.9999999999999999,8.9,1.0,9.85,0.9659370277440174,9.38,0.9217623701615895
dense,NB,Combination,4,minmax,hard_filter,10.8,0.9999999999999999,8.9,1.0,9.85,0.9659370277440174,9.38,0.9217623701615895
dense,NB,Combination,4,minmax,proportional,4.8,0.9999999999999999,5.0,0.9305687780632227,5.1,0.9196813464899138,6.14,0.8651920314273919
dense,NB,Combination,4,minmax,MMR,8.6,0.6843515475204854,8.5,0.7257345305446319,9.25,0.7889350489474851,9.1,0.8066314715108239
dense,NB,Combination,4,minmax,FAIR_prefix,10.8,0.9999999999999999,8.9,1.0,9.85,0.9659370277440174,9.38,0.9217623701615895
dense,NB,Combination,4,minmax,proposed,4.2,0.8687949224876581,4.3,0.914856882358379,4.3,0.8055153376594603,4.28,0.801953623303272
dense,NB,Combination,4,rank,relevance_only,10.8,0.9999999999999999,8.9,1.0,9.85,0.9659370277440174,9.38,0.9217623701615895
dense,NB,Combination,4,rank,hard_filter,10.8,0.9999999999999999,8.9,1.0,9.85,0.9659370277440174,9.38,0.9217623701615895
dense,NB,Combination,4,rank,proportional,4.8,0.9999999999999999,5.0,0.9216017310213245,6.45,0.9494043170253827,7.54,0.8833786611645734
dense,NB,Combination,4,rank,MMR,8.6,0.69921481985085,8.3,0.8048109992093389,8.65,0.8012146318363264,9.16,0.8196271593921687
dense,NB,Combination,4,rank,FAIR_prefix,10.8,0.9999999999999999,8.9,1.0,9.85,0.9659370277440174,9.38,0.9217623701615895
dense,NB,Combination,4,rank,proposed,4.2,0.8687949224876581,4.3,0.914856882358379,4.3,0.8067838506267586,4.38,0.7887425822589198
full,NB,Combination,4,minmax,relevance_only,2.2,0.6608397947263838,2.7,0.7799082337019198,3.4,0.8579599603663426,3.28,0.8917203771767874
full,NB,Combination,4,minmax,hard_filter,2.4,0.6608397947263838,1.2,0.7799082337019198,1.0,0.8579599603663426,1.14,0.8736428741747888
full,NB,Combination,4,minmax,proportional,0.0,0.6608397947263838,0.0,0.7799082337019198,0.0,0.8579599603663426,0.32,0.8888608870910558
full,NB,Combination,4,minmax,MMR,5.8,0.44685352999185624,3.2,0.4892835987503298,3.35,0.6039990469061939,3.04,0.7385347017524039
full,NB,Combination,4,minmax,FAIR_prefix,2.2,0.6608397947263838,2.7,0.7799082337019198,3.4,0.8579599603663426,3.08,0.8772785891601718
full,NB,Combination,4,minmax,proposed,0.0,0.6608397947263838,0.0,0.7799082337019198,0.0,0.8579599603663426,0.0,0.9224669929889917
full,NB,Combination,4,rank,relevance_only,2.2,0.6608397947263838,2.7,0.7799082337019198,3.4,0.8579599603663426,3.28,0.8917203771767874
full,NB,Combination,4,rank,hard_filter,2.4,0.6608397947263838,1.2,0.7799082337019198,1.0,0.8579599603663426,1.14,0.8736428741747888
full,NB,Combination,4,rank,proportional,0.0,0.6608397947263838,0.0,0.7799082337019198,0.1,0.8579599603663426,0.48,0.8883848706954645
full,NB,Combination,4,rank,MMR,6.0,0.44685352999185624,5.8,0.5626475208496899,3.75,0.6490524110515234,3.02,0.7795422968665443
full,NB,Combination,4,rank,FAIR_prefix,2.2,0.6608397947263838,2.7,0.7799082337019198,3.4,0.8579599603663426,3.08,0.8772785891601718
full,NB,Combination,4,rank,proposed,0.0,0.6608397947263838,0.0,0.7799082337019198,0.0,0.8579599603663426,0.0,0.9224669929889917
dense,NB,Combination,5,minmax,relevance_only,8.8,0.9999999999999999,9.0,1.0,9.0,0.9999999999999999,9.44,0.9246134808283833
dense,NB,Combination,5,minmax,hard_filter,8.8,0.9999999999999999,9.0,1.0,9.0,0.9999999999999999,9.44,0.9246134808283833
dense,NB,Combination,5,minmax,proportional,4.2,0.9999999999999999,5.0,0.9363792118010483,4.95,0.9266029294647911,5.9,0.8702373491943446
dense,NB,Combination,5,minmax,MMR,9.4,0.8304198973631918,8.2,0.8899541168509599,9.4,0.8594069980187744,8.76,0.832005444470244
dense,NB,Combination,5,minmax,FAIR_prefix,8.8,0.9999999999999999,9.0,1.0,9.0,0.9999999999999999,9.44,0.9246134808283833
dense,NB,Combination,5,minmax,proposed,4.2,0.9999999999999999,4.1,0.9305687780632227,4.05,0.8532800830856115,4.3,0.7569045012010548
dense,NB,Combination,5,rank,relevance_only,8.8,0.9999999999999999,9.0,1.0,9.0,0.9999999999999999,9.44,0.9246134808283833
dense,NB,Combination,5,rank,hard_filter,8.8,0.9999999999999999,9.0,1.0,9.0,0.9999999999999999,9.44,0.9246134808283833
dense,NB,Combination,5,rank,proportional,5.2,0.9999999999999999,5.3,1.0,6.2,0.963643712011461,7.32,0.9201165031704824
dense,NB,Combination,5,rank,MMR,9.4,0.8539316501572934,8.3,0.9052116356304493,8.8,0.9024703966334292,8.84,0.8703526354783029
dense,NB,Combination,5,rank,FAIR_prefix,8.8,0.9999999999999999,9.0,1.0,9.0,0.9999999999999999,9.44,0.9246134808283833
dense,NB,Combination,5,rank,proposed,4.2,0.9999999999999999,4.3,0.933745776545611,4.15,0.8884285425301173,4.34,0.7465255358021958
full,NB,Combination,5,minmax,relevance_only,3.0,0.6608397947263838,2.7,0.7799082337019198,2.5,0.8579599603663426,3.0,0.9076929689933492
full,NB,Combination,5,minmax,hard_filter,2.4,0.6608397947263838,1.8,0.7799082337019198,1.2,0.8579599603663426,1.32,0.8783869335227711
full,NB,Combination,5,minmax,proportional,0.0,0.6608397947263838,0.0,0.7799082337019198,0.05,0.8579599603663426,0.36,0.9083491705252362
full,NB,Combination,5,minmax,MMR,5.8,0.44685352999185624,3.9,0.6410457898283652,4.0,0.7683426731629991,3.3,0.8248983961958023
full,NB,Combination,5,minmax,FAIR_prefix,2.4,0.6608397947263838,2.7,0.7799082337019198,2.5,0.8579599603663426,3.0,0.9076929689933492
full,NB,Combination,5,minmax,proposed,0.0,0.6608397947263838,0.0,0.7799082337019198,0.0,0.8579599603663426,0.0,0.9087985879705379
full,NB,Combination,5,rank,relevance_only,3.0,0.6608397947263838,2.7,0.7799082337019198,2.5,0.8579599603663426,3.0,0.9076929689933492
full,NB,Combination,5,rank,hard_filter,2.4,0.6608397947263838,1.8,0.7799082337019198,1.2,0.8579599603663426,1.32,0.8783869335227711
full,NB,Combination,5,rank,proportional,0.0,0.6608397947263838,0.0,0.7799082337019198,0.1,0.8579599603663426,0.64,0.907797720188085
full,NB,Combination,5,rank,MMR,5.0,0.44685352999185624,4.0,0.6410457898283652,3.65,0.7008422095223031,3.32,0.8219297454039761
full,NB,Combination,5,rank,FAIR_prefix,2.4,0.6608397947263838,2.7,0.7799082337019198,2.5,0.8579599603663426,3.0,0.9076929689933492
full,NB,Combination,5,rank,proposed,0.0,0.6608397947263838,0.0,0.7799082337019198,0.0,0.8579599603663426,0.0,0.9087985879705379
dense,NB,Combination,6,minmax,relevance_only,9.0,0.9999999999999999,8.1,1.0,8.5,0.9298282790659782,9.24,0.9172774888566371
dense,NB,Combination,6,minmax,hard_filter,9.0,0.9999999999999999,8.1,1.0,8.5,0.9298282790659782,9.24,0.9172774888566371
dense,NB,Combination,6,minmax,proportional,4.4,0.8539316501572934,5.2,0.9052116356304493,5.45,0.938826684621968,5.9,0.8479425691069213
dense,NB,Combination,6,minmax,MMR,9.6,0.8304198973631918,8.6,0.8899541168509599,8.7,0.8274204304787356,8.92,0.797116970082531
dense,NB,Combination,6,minmax,FAIR_prefix,9.0,0.9999999999999999,8.1,1.0,8.5,0.9298282790659782,9.24,0.9172774888566371
dense,NB,Combination,6,minmax,proposed,4.0,0.8304198973631918,4.1,0.8899541168509599,4.25,0.8607923160995892,4.32,0.7998265752126906
dense,NB,Combination,6,rank,relevance_only,9.0,0.9999999999999999,8.1,1.0,8.5,0.9298282790659782,9.24,0.9172774888566371
dense,NB,Combination,6,rank,hard_filter,9.0,0.9999999999999999,8.1,1.0,8.5,0.9298282790659782,9.24,0.9172774888566371
dense,NB,Combination,6,rank,proportional,4.4,0.8304198973631918,5.6,0.8899541168509599,5.85,0.9289799801831712,7.04,0.8743201054335566
dense,NB,Combination,6,rank,MMR,7.8,0.8304198973631918,8.3,0.8263333286520083,9.75,0.8544837094115687,9.1,0.8593994177207795
dense,NB,Combination,6,rank,FAIR_prefix,9.0,0.9999999999999999,8.1,1.0,8.5,0.9298282790659782,9.24,0.9172774888566371
dense,NB,Combination,6,rank,proposed,4.0,0.8304198973631918,4.1,0.8899541168509599,4.25,0.8611316791264372,4.36,0.7872969308778918
full,NB,Combination,6,minmax,relevance_only,2.2,0.8539316501572934,3.9,0.9052116356304493,2.45,0.938826684621968,2.8,0.935995687677946
full,NB,Combination,6,minmax,hard_filter,2.4,0.8539316501572934,1.2,0.9052116356304493,1.3,0.938826684621968,1.48,0.9056355775274441
full,NB,Combination,6,minmax,proportional,0.0,0.8304198973631918,0.0,0.8899541168509599,0.0,0.9289799801831712,0.32,0.9305793020843307
full,NB,Combination,6,minmax,MMR,1.4,0.9999999999999999,3.0,0.9363792118010483,1.85,0.920556582447728,2.78,0.8812932736042535
full,NB,Combination,6,minmax,FAIR_prefix,2.2,0.8539316501572934,2.7,0.9052116356304493,2.45,0.938826684621968,2.8,0.935995687677946
full,NB,Combination,6,minmax,proposed,0.0,0.8304198973631918,0.0,0.8899541168509599,0.0,0.9289799801831712,0.0,0.9612334964944959
full,NB,Combination,6,rank,relevance_only,2.2,0.8539316501572934,3.9,0.9052116356304493,2.45,0.938826684621968,2.8,0.935995687677946
full,NB,Combination,6,rank,hard_filter,2.4,0.8539316501572934,1.2,0.9052116356304493,1.3,0.938826684621968,1.48,0.9056355775274441
full,NB,Combination,6,rank,proportional,0.0,0.8304198973631918,0.0,0.8899541168509599,0.05,0.8966416890348514,0.6,0.9292930701135078
full,NB,Combination,6,rank,MMR,3.6,0.9999999999999999,3.4,0.9216017310213245,4.55,0.8451696238353785,3.76,0.8719885398526821
full,NB,Combination,6,rank,FAIR_prefix,2.2,0.8539316501572934,2.7,0.9052116356304493,2.45,0.938826684621968,2.8,0.935995687677946
full,NB,Combination,6,rank,proposed,0.0,0.8304198973631918,0.0,0.8899541168509599,0.0,0.9289799801831712,0.0,0.9612334964944959
dense,NB,Combination,7,minmax,relevance_only,8.4,0.9999999999999999,8.5,1.0,9.45,0.963643712011461,9.66,0.9180906243350759
dense,NB,Combination,7,minmax,hard_filter,8.4,0.9999999999999999,8.5,1.0,9.45,0.963643712011461,9.66,0.9180906243350759
dense,NB,Combination,7,minmax,proportional,4.4,0.8687949224876581,5.3,0.914856882358379,5.55,0.945051411928014,6.12,0.8457484846232076
dense,NB,Combination,7,minmax,MMR,7.8,0.8304198973631918,7.7,0.7529694065526481,7.8,0.7709294794036319,8.98,0.827517566740382
dense,NB,Combination,7,minmax,FAIR_prefix,8.4,0.9999999999999999,8.5,1.0,9.45,0.963643712011461,9.66,0.9180906243350759
dense,NB,Combination,7,minmax,proposed,3.6,0.8304198973631918,4.0,0.8899541168509599,4.35,0.8253707678644361,4.3,0.8123105121826444
dense,NB,Combination,7,rank,relevance_only,8.4,0.9999999999999999,8.5,1.0,9.45,0.963643712011461,9.66,0.9180906243350759
dense,NB,Combination,7,rank,hard_filter,8.4,0.9999999999999999,8.5,1.0,9.45,0.963643712011461,9.66,0.9180906243350759
dense,NB,Combination,7,rank,proportional,4.4,0.8304198973631918,5.4,0.8899541168509599,6.45,0.8966416890348514,7.16,0.8834598769404565
dense,NB,Combination,7,rank,MMR,7.8,0.8304198973631918,8.1,0.8263333286520083,8.6,0.816054902899329,8.86,0.8543886602711606
dense,NB,Combination,7,rank,FAIR_prefix,8.4,0.9999999999999999,8.5,1.0,9.45,0.963643712011461,9.66,0.9180906243350759
dense,NB,Combination,7,rank,proposed,3.6,0.8304198973631918,4.2,0.8899541168509599,4.35,0.8274204304787356,4.36,0.8135381400180628
full,NB,Combination,7,minmax,relevance_only,1.4,0.8687949224876581,1.7,0.914856882358379,2.7,0.945051411928014,3.38,0.9700061385844561
full,NB,Combination,7,minmax,hard_filter,0.0,0.8539316501572934,1.4,0.9052116356304493,1.35,0.938826684621968,1.2,0.9528707570346112
full,NB,Combination,7,minmax,proportional,0.0,0.8539316501572934,0.0,0.9052116356304493,0.0,0.938826684621968,0.22,0.9527258934637286
full,NB,Combination,7,minmax,MMR,1.8,0.9999999999999999,3.2,0.8643145546088338,2.1,0.9124330438832967,2.34,0.9228434618583478
full,NB,Combination,7,minmax,FAIR_prefix,1.4,0.8687949224876581,1.7,0.914856882358379,2.7,0.945051411928014,3.1,0.9700061385844561
full,NB,Combination,7,minmax,proposed,0.0,0.8539316501572934,0.0,0.9052116356304493,0.0,0.938826684621968,0.0,0.9666083514034186
full,NB,Combination,7,rank,relevance_only,1.4,0.8687949224876581,1.7,0.914856882358379,2.7,0.945051411928014,3.38,0.9700061385844561
full,NB,Combination,7,rank,hard_filter,0.0,0.8539316501572934,1.4,0.9052116356304493,1.35,0.938826684621968,1.2,0.9528707570346112
full,NB,Combination,7,rank,proportional,0.0,0.8539316501572934,0.0,0.9052116356304493,0.05,0.938826684621968,0.82,0.9527994442357098
full,NB,Combination,7,rank,MMR,1.6,0.9999999999999999,3.2,1.0,3.25,0.9603789329441843,2.86,0.9641710518238717
full,NB,Combination,7,rank,FAIR_prefix,1.4,0.8687949224876581,1.7,0.914856882358379,2.7,0.945051411928014,3.1,0.9700061385844561
full,NB,Combination,7,rank,proposed,0.0,0.8539316501572934,0.0,0.9052116356304493,0.0,0.938826684621968,0.0,0.9666083514034186
dense,NB,Combination,8,minmax,relevance_only,6.0,0.9999999999999999,8.9,1.0,9.35,0.9626932496335552,9.38,0.9312640744234649
dense,NB,Combination,8,minmax,hard_filter,6.0,0.9999999999999999,8.9,1.0,9.35,0.9626932496335552,9.38,0.9312640744234649
dense,NB,Combination,8,minmax,proportional,4.4,0.9999999999999999,4.9,1.0,5.05,0.8951756712282875,6.1,0.8699131103335812
dense,NB,Combination,8,minmax,MMR,9.4,0.8687949224876581,9.3,0.914856882358379,9.05,0.8743071701768559,8.86,0.8691852380818126
dense,NB,Combination,8,minmax,FAIR_prefix,6.0,0.9999999999999999,8.9,1.0,9.35,0.9626932496335552,9.38,0.9312640744234649
dense,NB,Combination,8,minmax,proposed,4.2,0.9999999999999999,4.1,0.9305687780632227,4.25,0.9188350684097893,4.14,0.8287250561190102
dense,NB,Combination,8,rank,relevance_only,6.0,0.9999999999999999,8.9,1.0,9.35,0.9626932496335552,9.38,0.9312640744234649
dense,NB,Combination,8,rank,hard_filter,6.0,0.9999999999999999,8.9,1.0,9.35,0.9626932496335552,9.38,0.9312640744234649
dense,NB,Combination,8,rank,proportional,4.4,0.9999999999999999,5.1,1.0,6.0,0.9268651891357484,7.38,0.9031368473806064
dense,NB,Combination,8,rank,MMR,9.4,0.9999999999999999,9.0,0.9363792118010483,8.35,0.854736631567838,8.28,0.8899735808211939
dense,NB,Combination,8,rank,FAIR_prefix,6.0,0.9999999999999999,8.9,1.0,9.35,0.9626932496335552,9.38,0.9312640744234649
dense,NB,Combination,8,rank,proposed,4.2,0.9999999999999999,4.3,0.933745776545611,4.3,0.8885471083481099,4.24,0.8164510112143188
full,NB,Combination,8,minmax,relevance_only,0.8,0.6608397947263838,2.0,0.7799082337019198,1.9,0.8579599603663426,2.72,0.893915451186445
full,NB,Combination,8,minmax,hard_filter,0.8,0.6608397947263838,1.2,0.7799082337019198,1.15,0.8579599603663426,1.2,0.878076976263558
full,NB,Combination,8,minmax,proportional,0.0,0.6608397947263838,0.0,0.7799082337019198,0.05,0.8579599603663426,0.24,0.9066661501741147
full,NB,Combination,8,minmax,MMR,5.8,0.44685352999185624,3.2,0.6410457898283652,3.65,0.7683426731629991,2.7,0.8087697312825731
full,NB,Combination,8,minmax,FAIR_prefix,0.8,0.6608397947263838,2.0,0.7799082337019198,1.9,0.8579599603663426,2.72,0.893915451186445
full,NB,Combination,8,minmax,proposed,0.0,0.6608397947263838,0.0,0.7799082337019198,0.0,0.8579599603663426,0.0,0.9224669929889917
full,NB,Combination,8,rank,relevance_only,0.8,0.6608397947263838,2.0,0.7799082337019198,1.9,0.8579599603663426,2.72,0.893915451186445
full,NB,Combination,8,rank,hard_filter,0.8,0.6608397947263838,1.2,0.7799082337019198,1.15,0.8579599603663426,1.2,0.878076976263558
full,NB,Combination,8,rank,proportional,0.0,0.6608397947263838,0.0,0.7799082337019198,0.05,0.8579599603663426,0.68,0.8920896937875843
full,NB,Combination,8,rank,MMR,4.4,0.44685352999185624,4.2,0.6410457898283652,2.95,0.7683426731629991,3.14,0.8292809083422409
full,NB,Combination,8,rank,FAIR_prefix,0.8,0.6608397947263838,2.0,0.7799082337019198,1.9,0.8579599603663426,2.72,0.893915451186445
full,NB,Combination,8,rank,proposed,0.0,0.6608397947263838,0.0,0.7799082337019198,0.0,0.8579599603663426,0.0,0.9224669929889917
dense,NB,Combination,9,minmax,relevance_only,9.2,0.9999999999999999,9.5,1.0,9.45,0.9999999999999999,9.72,0.9123981121802556
dense,NB,Combination,9,minmax,hard_filter,9.2,0.9999999999999999,9.5,1.0,9.45,0.9999999999999999,9.72,0.9123981121802556
dense,NB,Combination,9,minmax,proportional,4.4,0.9999999999999999,5.3,1.0,5.4,0.9603789329441843,6.08,0.8821330548011994
dense,NB,Combination,9,minmax,MMR,8.0,0.8539316501572934,7.0,0.9052116356304493,8.95,0.8293355857691778,9.26,0.8608519741125548
dense,NB,Combination,9,minmax,FAIR_prefix,9.2,0.9999999999999999,9.5,1.0,9.45,0.9999999999999999,9.72,0.9123981121802556
dense,NB,Combination,9,minmax,proposed,4.2,0.9999999999999999,4.3,0.9305687780632227,4.05,0.7848186617390415,4.34,0.7810004423369943
dense,NB,Combination,9,rank,relevance_only,9.2,0.9999999999999999,9.5,1.0,9.45,0.9999999999999999,9.72,0.9123981121802556
dense,NB,Combination,9,rank,hard_filter,9.2,0.9999999999999999,9.5,1.0,9.45,0.9999999999999999,9.72,0.9123981121802556
dense,NB,Combination,9,rank,proportional,4.4,0.9999999999999999,5.4,1.0,6.2,0.9626932496335552,7.38,0.904548786801721
dense,NB,Combination,9,rank,MMR,8.6,0.8539316501572934,8.0,0.8415908474314976,8.95,0.8325646435191822,9.18,0.835389756184124
dense,NB,Combination,9,rank,FAIR_prefix,9.2,0.9999999999999999,9.5,1.0,9.45,0.9999999999999999,9.72,0.9123981121802556
dense,NB,Combination,9,rank,proposed,4.2,0.9999999999999999,4.3,0.933745776545611,4.2,0.8187835010153528,4.44,0.7687736361546013
full,NB,Combination,9,minmax,relevance_only,1.4,0.8304198973631918,2.5,0.8899541168509599,2.8,0.9289799801831712,3.08,0.9466649030019433
full,NB,Combination,9,minmax,hard_filter,0.8,0.7860137352654724,1.8,0.8611375561264455,1.4,0.9103827127966565,1.5,0.8932255315058608
full,NB,Combination,9,minmax,proportional,0.0,0.7860137352654724,0.0,0.8611375561264455,0.0,0.9103827127966565,0.24,0.9367036985602419
full,NB,Combination,9,minmax,MMR,2.6,0.9999999999999999,3.3,0.9266360779006398,2.55,0.9142686819567312,3.44,0.925177225846432
full,NB,Combination,9,minmax,FAIR_prefix,1.4,0.7860137352654724,2.5,0.8611375561264455,2.8,0.9103827127966565,3.08,0.9364128461919837
full,NB,Combination,9,minmax,proposed,0.0,0.7860137352654724,0.0,0.8611375561264455,0.0,0.9103827127966565,0.0,0.9510821189928904
full,NB,Combination,9,rank,relevance_only,1.4,0.8304198973631918,2.5,0.8899541168509599,2.8,0.9289799801831712,3.08,0.9466649030019433
full,NB,Combination,9,rank,hard_filter,0.8,0.7860137352654724,1.8,0.8611375561264455,1.4,0.9103827127966565,1.5,0.8932255315058608
full,NB,Combination,9,rank,proportional,0.0,0.7860137352654724,0.0,0.8611375561264455,0.0,0.9103827127966565,0.86,0.9361989822087976
full,NB,Combination,9,rank,MMR,1.6,0.9999999999999999,1.9,0.9266360779006398,3.45,0.9192158287374007,3.4,0.9256230780013103
full,NB,Combination,9,rank,FAIR_prefix,1.4,0.7860137352654724,2.5,0.8611375561264455,2.8,0.9103827127966565,3.08,0.9364128461919837
full,NB,Combination,9,rank,proposed,0.0,0.7860137352654724,0.0,0.8611375561264455,0.0,0.9103827127966565,0.0,0.9510821189928904
dense,NB,Dry,0,minmax,relevance_only,9.8,0.9999999999999999,8.9,1.0,8.9,0.9999999999999999,9.38,0.9275696324641338
dense,NB,Dry,0,minmax,hard_filter,9.8,0.9999999999999999,8.9,1.0,8.9,0.9999999999999999,9.38,0.9275696324641338
dense,NB,Dry,0,minmax,proportional,4.4,0.9999999999999999,5.0,1.0,5.2,0.9999999999999999,6.22,0.9187334741792739
dense,NB,Dry,0,minmax,MMR,5.2,0.8304198973631918,5.6,0.8899541168509599,7.6,0.7478917420624949,7.36,0.776276672422102
dense,NB,Dry,0,minmax,FAIR_prefix,9.8,0.9999999999999999,8.9,1.0,8.9,0.9999999999999999,9.38,0.9275696324641338
dense,NB,Dry,0,minmax,proposed,4.2,0.9999999999999999,4.2,1.0,4.2,0.8632782778031881,4.2,0.8663959047989791
dense,NB,Dry,0,rank,relevance_only,9.8,0.9999999999999999,8.9,1.0,8.9,0.9999999999999999,9.38,0.9275696324641338
dense,NB,Dry,0,rank,hard_filter,9.8,0.9999999999999999,8.9,1.0,8.9,0.9999999999999999,9.38,0.9275696324641338
dense,NB,Dry,0,rank,proportional,4.4,0.9999999999999999,4.7,1.0,5.4,0.9999999999999999,6.92,0.893788141178814
dense,NB,Dry,0,rank,MMR,4.6,0.9999999999999999,5.9,0.933745776545611,7.6,0.8512193570248506,9.48,0.7965249436371373
dense,NB,Dry,0,rank,FAIR_prefix,9.8,0.9999999999999999,8.9,1.0,8.9,0.9999999999999999,9.38,0.9275696324641338
dense,NB,Dry,0,rank,proposed,4.2,0.9999999999999999,4.2,1.0,4.2,0.8650029589108508,4.28,0.8535711173895588
full,NB,Dry,0,minmax,relevance_only,4.0,0.9999999999999999,2.7,0.9305687780632227,2.95,0.9551913563983281,3.7,0.9581547615012086
full,NB,Dry,0,minmax,hard_filter,1.0,0.9999999999999999,1.6,0.9216017310213245,1.25,0.9153413447694003,1.32,0.9121098290113774
full,NB,Dry,0,minmax,proportional,0.2,0.9999999999999999,0.1,1.0,0.25,0.9626932496335552,0.52,0.9330284605776836
full,NB,Dry,0,minmax,MMR,0.4,0.9999999999999999,2.4,0.866947989864271,2.8,0.8478301150591486,3.94,0.8557956723756266
full,NB,Dry,0,minmax,FAIR_prefix,1.6,0.9999999999999999,2.7,0.9266360779006398,2.95,0.952653320122114,3.04,0.9567693663344272
full,NB,Dry,0,minmax,proposed,0.0,0.9999999999999999,0.0,1.0,0.0,0.9999999999999999,0.0,0.9522407409474395
full,NB,Dry,0,rank,relevance_only,4.0,0.9999999999999999,2.7,0.9305687780632227,2.95,0.9551913563983281,3.7,0.9581547615012086
full,NB,Dry,0,rank,hard_filter,1.0,0.9999999999999999,1.6,0.9216017310213245,1.25,0.9153413447694003,1.32,0.9121098290113774
full,NB,Dry,0,rank,proportional,0.0,0.9999999999999999,0.2,0.9363792118010483,0.35,0.9589412206131108,0.64,0.931105504087349
full,NB,Dry,0,rank,MMR,1.4,0.9999999999999999,2.6,0.9266360779006398,2.45,0.952653320122114,3.1,0.8854398662777601
full,NB,Dry,0,rank,FAIR_prefix,1.6,0.9999999999999999,2.7,0.9266360779006398,2.95,0.952653320122114,3.04,0.9567693663344272
full,NB,Dry,0,rank,proposed,0.0,0.9999999999999999,0.0,1.0,0.0,0.9999999999999999,0.0,0.9522407409474395
dense,NB,Dry,1,minmax,relevance_only,8.6,0.9999999999999999,9.4,1.0,9.4,0.963643712011461,9.76,0.9046176153912819
dense,NB,Dry,1,minmax,hard_filter,8.6,0.9999999999999999,9.4,1.0,9.4,0.963643712011461,9.76,0.9046176153912819
dense,NB,Dry,1,minmax,proportional,5.4,0.9999999999999999,4.9,0.933745776545611,5.35,0.9224915147860998,5.92,0.910273842287725
dense,NB,Dry,1,minmax,MMR,7.4,0.8539316501572934,8.6,0.9052116356304493,9.3,0.8301818638493023,8.66,0.7999957548505998
dense,NB,Dry,1,minmax,FAIR_prefix,8.6,0.9999999999999999,9.4,1.0,9.4,0.963643712011461,9.76,0.9046176153912819
dense,NB,Dry,1,minmax,proposed,4.8,0.8687949224876581,4.3,0.914856882358379,4.05,0.8402441979208733,4.16,0.8396032265774197
dense,NB,Dry,1,rank,relevance_only,8.6,0.9999999999999999,9.4,1.0,9.4,0.963643712011461,9.76,0.9046176153912819
dense,NB,Dry,1,rank,hard_filter,8.6,0.9999999999999999,9.4,1.0,9.4,0.963643712011461,9.76,0.9046176153912819
dense,NB,Dry,1,rank,proportional,4.0,0.9999999999999999,4.9,0.933745776545611,5.5,0.9224915147860998,7.04,0.9134682607571393
dense,NB,Dry,1,rank,MMR,6.4,0.8539316501572934,6.8,0.8415908474314976,9.3,0.7879751172452417,8.78,0.8101637344412995
dense,NB,Dry,1,rank,FAIR_prefix,8.6,0.9999999999999999,9.4,1.0,9.4,0.963643712011461,9.76,0.9046176153912819
dense,NB,Dry,1,rank,proposed,4.8,0.8687949224876581,4.3,0.914856882358379,4.15,0.8414421996092788,4.24,0.8407295120973416
full,NB,Dry,1,minmax,relevance_only,4.0,0.9999999999999999,3.2,0.9216017310213245,2.7,0.9494043170253827,2.78,0.9448356841280658
full,NB,Dry,1,minmax,hard_filter,1.6,0.8687949224876581,1.2,0.914856882358379,1.35,0.945051411928014,1.12,0.9266773549901237
full,NB,Dry,1,minmax,proportional,0.0,0.8539316501572934,0.0,0.9052116356304493,0.3,0.938826684621968,0.5,0.8952421477083631
full,NB,Dry,1,minmax,MMR,0.2,0.8539316501572934,1.3,0.9052116356304493,2.6,0.8657681261814391,3.14,0.8484873777038144
full,NB,Dry,1,minmax,FAIR_prefix,4.0,0.9999999999999999,3.2,0.9216017310213245,2.7,0.9494043170253827,2.78,0.9448356841280658
full,NB,Dry,1,minmax,proposed,0.0,0.8539316501572934,0.0,0.9052116356304493,0.0,0.938826684621968,0.0,0.919331006394937
full,NB,Dry,1,rank,relevance_only,4.0,0.9999999999999999,3.2,0.9216017310213245,2.7,0.9494043170253827,2.78,0.9448356841280658
full,NB,Dry,1,rank,hard_filter,1.6,0.8687949224876581,1.2,0.914856882358379,1.35,0.945051411928014,1.12,0.9266773549901237
full,NB,Dry,1,rank,proportional,0.0,0.8539316501572934,0.0,0.9052116356304493,0.3,0.938826684621968,0.78,0.9231840134640378
full,NB,Dry,1,rank,MMR,0.2,0.8687949224876581,1.3,0.914856882358379,2.45,0.876863747844432,2.94,0.8666241318989839
full,NB,Dry,1,rank,FAIR_prefix,4.0,0.9999999999999999,3.2,0.9216017310213245,2.7,0.9494043170253827,2.78,0.9448356841280658
full,NB,Dry,1,rank,proposed,0.0,0.8539316501572934,0.0,0.9052116356304493,0.0,0.938826684621968,0.0,0.919331006394937
dense,NB,Dry,2,minmax,relevance_only,10.8,0.9999999999999999,9.7,1.0,10.15,0.9999999999999999,9.66,0.8824235476476717
dense,NB,Dry,2,minmax,hard_filter,10.8,0.9999999999999999,9.7,1.0,10.15,0.9999999999999999,9.66,0.8824235476476717
dense,NB,Dry,2,minmax,proportional,5.4,0.9999999999999999,4.8,1.0,5.6,0.9311868550451489,6.22,0.8548821590809441
dense,NB,Dry,2,minmax,MMR,8.6,0.8304198973631918,9.0,0.8205228949141826,9.9,0.7365926491959042,8.56,0.798563821717629
dense,NB,Dry,2,minmax,FAIR_prefix,10.8,0.9999999999999999,9.7,1.0,10.15,0.9999999999999999,9.66,0.8824235476476717
dense,NB,Dry,2,minmax,proposed,4.4,0.9999999999999999,4.2,1.0,4.05,0.8223973381554557,4.38,0.8289898884913156
dense,NB,Dry,2,rank,relevance_only,10.8,0.9999999999999999,9.7,1.0,10.15,0.9999999999999999,9.66,0.8824235476476717
dense,NB,Dry,2,rank,hard_filter,10.8,0.9999999999999999,9.7,1.0,10.15,0.9999999999999999,9.66,0.8824235476476717
dense,NB,Dry,2,rank,proportional,4.8,0.9999999999999999,4.8,1.0,5.95,0.9676617088516801,7.14,0.8612585378428124
dense,NB,Dry,2,rank,MMR,8.2,0.8304198973631918,9.0,0.8236998933965709,8.9,0.7837116555857983,8.94,0.8248400451432493
dense,NB,Dry,2,rank,FAIR_prefix,10.8,0.9999999999999999,9.7,1.0,10.15,0.9999999999999999,9.66,0.8824235476476717
dense,NB,Dry,2,rank,proposed,4.4,0.9999999999999999,4.2,1.0,4.05,0.8225462273458378,4.42,0.8145699521137515
full,NB,Dry,2,minmax,relevance_only,3.8,0.9999999999999999,3.9,1.0,2.75,0.9665625086152865,3.24,0.9521296042268393
full,NB,Dry,2,minmax,hard_filter,0.8,0.9999999999999999,1.2,1.0,1.4,0.963643712011461,1.34,0.9061224494266479
full,NB,Dry,2,minmax,proportional,0.0,0.9999999999999999,0.0,1.0,0.0,0.9616153618346169,0.8,0.9180931428067746
full,NB,Dry,2,minmax,MMR,2.6,0.9999999999999999,2.3,0.9305687780632227,3.8,0.8853975770250759,3.56,0.8147142154845632
full,NB,Dry,2,minmax,FAIR_prefix,3.2,0.9999999999999999,3.1,1.0,2.75,0.9665625086152865,3.12,0.9521296042268393
full,NB,Dry,2,minmax,proposed,0.0,0.9999999999999999,0.0,1.0,0.0,0.9616153618346169,0.0,0.9323158368986527
full,NB,Dry,2,rank,relevance_only,3.8,0.9999999999999999,3.9,1.0,2.75,0.9665625086152865,3.24,0.9521296042268393
full,NB,Dry,2,rank,hard_filter,0.8,0.9999999999999999,1.2,1.0,1.4,0.963643712011461,1.34,0.9061224494266479
full,NB,Dry,2,rank,proportional,0.0,0.9999999999999999,0.0,1.0,0.0,0.9616153618346169,0.74,0.9181619323030925
full,NB,Dry,2,rank,MMR,2.6,0.9999999999999999,2.2,1.0,3.5,0.9013592468993896,3.2,0.8568140361176607
full,NB,Dry,2,rank,FAIR_prefix,3.2,0.9999999999999999,3.1,1.0,2.75,0.9665625086152865,3.12,0.9521296042268393
full,NB,Dry,2,rank,proposed,0.0,0.9999999999999999,0.0,1.0,0.0,0.9616153618346169,0.0,0.9323158368986527
dense,NB,Dry,3,minmax,relevance_only,10.6,0.9999999999999999,9.0,1.0,8.5,0.9999999999999999,9.38,0.9065562915007619
dense,NB,Dry,3,minmax,hard_filter,10.6,0.9999999999999999,9.0,1.0,8.5,0.9999999999999999,9.38,0.9065562915007619
dense,NB,Dry,3,minmax,proportional,4.4,0.9999999999999999,5.2,1.0,5.25,0.8965552481642728,5.98,0.8825153581405355
dense,NB,Dry,3,minmax,MMR,6.4,0.9999999999999999,5.5,1.0,7.1,0.8591053497522755,7.98,0.7993629404820889
dense,NB,Dry,3,minmax,FAIR_prefix,10.6,0.9999999999999999,9.0,1.0,8.5,0.9999999999999999,9.38,0.9065562915007619
dense,NB,Dry,3,minmax,proposed,4.0,0.9999999999999999,4.1,0.933745776545611,4.15,0.8497723193724186,4.32,0.8260821889802004
dense,NB,Dry,3,rank,relevance_only,10.6,0.9999999999999999,9.0,1.0,8.5,0.9999999999999999,9.38,0.9065562915007619
dense,NB,Dry,3,rank,hard_filter,10.6,0.9999999999999999,9.0,1.0,8.5,0.9999999999999999,9.38,0.9065562915007619
dense,NB,Dry,3,rank,proportional,3.6,0.9999999999999999,4.9,1.0,5.55,0.9256287602453157,6.78,0.8540834626107637
dense,NB,Dry,3,rank,MMR,6.4,0.9999999999999999,7.0,1.0,7.85,0.8984404502955643,8.28,0.826390825086498
dense,NB,Dry,3,rank,FAIR_prefix,10.6,0.9999999999999999,9.0,1.0,8.5,0.9999999999999999,9.38,0.9065562915007619
dense,NB,Dry,3,rank,proposed,3.6,0.9999999999999999,4.1,0.933745776545611,4.15,0.8506693852360036,4.38,0.8131700788929987
full,NB,Dry,3,minmax,relevance_only,4.4,0.9999999999999999,4.7,1.0,4.0,0.9999999999999999,3.34,0.9402648639248343
full,NB,Dry,3,minmax,hard_filter,1.6,0.9999999999999999,1.8,1.0,1.45,0.9671350294324228,1.34,0.9210699279984755
full,NB,Dry,3,minmax,proportional,0.0,0.9999999999999999,0.1,1.0,0.2,0.9659370277440174,0.66,0.947525479091292
full,NB,Dry,3,minmax,MMR,1.4,0.9999999999999999,1.0,0.8579809428223729,1.7,0.8076322660141827,2.8,0.8363409862811495
full,NB,Dry,3,minmax,FAIR_prefix,4.4,0.9999999999999999,3.9,1.0,4.0,0.9999999999999999,2.96,0.9396733130180741
full,NB,Dry,3,minmax,proposed,0.0,0.9999999999999999,0.0,1.0,0.0,0.9313054208631413,0.0,0.962502845679478
full,NB,Dry,3,rank,relevance_only,4.4,0.9999999999999999,4.7,1.0,4.0,0.9999999999999999,3.34,0.9402648639248343
full,NB,Dry,3,rank,hard_filter,1.6,0.9999999999999999,1.8,1.0,1.45,0.9671350294324228,1.34,0.9210699279984755
full,NB,Dry,3,rank,proportional,0.0,0.9999999999999999,0.1,1.0,0.25,0.9335987365956976,0.72,0.9472598180981099
full,NB,Dry,3,rank,MMR,1.4,0.9999999999999999,1.2,0.9266360779006398,2.0,0.850521249600542,2.52,0.8605052462516916
full,NB,Dry,3,rank,FAIR_prefix,4.4,0.9999999999999999,3.9,1.0,4.0,0.9999999999999999,2.96,0.9396733130180741
full,NB,Dry,3,rank,proposed,0.0,0.9999999999999999,0.0,1.0,0.0,0.9313054208631413,0.0,0.962502845679478
dense,NB,Dry,4,minmax,relevance_only,10.2,0.9999999999999999,8.6,1.0,7.65,0.9671350294324228,9.14,0.892124352108953
dense,NB,Dry,4,minmax,hard_filter,10.2,0.9999999999999999,8.6,1.0,7.65,0.9671350294324228,9.14,0.892124352108953
dense,NB,Dry,4,minmax,proportional,4.4,0.9999999999999999,4.7,1.0,5.1,0.8921912688606023,5.9,0.8670406909891928
dense,NB,Dry,4,minmax,MMR,6.2,0.9999999999999999,7.4,0.866947989864271,9.15,0.8074230461084352,8.78,0.7870906622911552
dense,NB,Dry,4,minmax,FAIR_prefix,10.2,0.9999999999999999,8.6,1.0,7.65,0.9671350294324228,9.14,0.892124352108953
dense,NB,Dry,4,minmax,proposed,4.0,0.9999999999999999,4.3,0.9305687780632227,4.0,0.8128127379496715,4.26,0.806137519065118
dense,NB,Dry,4,rank,relevance_only,10.2,0.9999999999999999,8.6,1.0,7.65,0.9671350294324228,9.14,0.892124352108953
dense,NB,Dry,4,rank,hard_filter,10.2,0.9999999999999999,8.6,1.0,7.65,0.9671350294324228,9.14,0.892124352108953
dense,NB,Dry,4,rank,proportional,3.8,0.9999999999999999,4.7,1.0,5.15,0.892003952468193,6.78,0.8678407344878178
dense,NB,Dry,4,rank,MMR,6.2,0.9999999999999999,7.4,0.8643145546088338,8.05,0.9124330438832967,8.74,0.8183946379074266
dense,NB,Dry,4,rank,FAIR_prefix,10.2,0.9999999999999999,8.6,1.0,7.65,0.9671350294324228,9.14,0.892124352108953
dense,NB,Dry,4,rank,proposed,4.0,0.9999999999999999,4.3,0.9305687780632227,4.1,0.8451510290979912,4.28,0.8049853841024894
full,NB,Dry,4,minmax,relevance_only,4.0,0.9999999999999999,2.8,0.933745776545611,3.3,0.9224915147860998,2.82,0.9290863766203709
full,NB,Dry,4,minmax,hard_filter,1.8,0.9999999999999999,0.9,0.9305687780632227,1.2,0.9168067182329452,1.32,0.9099084513122506
full,NB,Dry,4,minmax,proportional,0.0,0.9999999999999999,0.1,0.9216017310213245,0.25,0.9110196788599998,0.36,0.922355679619502
full,NB,Dry,4,minmax,MMR,0.8,0.7860137352654724,0.5,0.8611375561264455,1.2,0.8352516358324265,2.3,0.830505663205569
full,NB,Dry,4,minmax,FAIR_prefix,4.0,0.9999999999999999,2.8,0.933745776545611,3.3,0.921731677576554,2.82,0.928570937756564
full,NB,Dry,4,minmax,proposed,0.0,0.9999999999999999,0.0,0.9216017310213245,0.0,0.9494043170253827,0.0,0.9432674324930546
full,NB,Dry,4,rank,relevance_only,4.0,0.9999999999999999,2.8,0.933745776545611,3.3,0.9224915147860998,2.82,0.9290863766203709
full,NB,Dry,4,rank,hard_filter,1.8,0.9999999999999999,0.9,0.9305687780632227,1.2,0.9168067182329452,1.32,0.9099084513122506
full,NB,Dry,4,rank,proportional,0.0,0.9999999999999999,0.1,0.9216017310213245,0.2,0.9120975666589382,0.6,0.9363682107779698
full,NB,Dry,4,rank,MMR,1.4,0.9999999999999999,0.9,0.8701249883466594,1.95,0.8449332993651194,2.58,0.8714975250901313
full,NB,Dry,4,rank,FAIR_prefix,4.0,0.9999999999999999,2.8,0.933745776545611,3.3,0.921731677576554,2.82,0.928570937756564
full,NB,Dry,4,rank,proposed,0.0,0.9999999999999999,0.0,0.9216017310213245,0.0,0.9494043170253827,0.0,0.9432674324930546
dense,NB,Dry,5,minmax,relevance_only,8.0,0.9999999999999999,9.0,1.0,9.85,0.9999999999999999,9.88,0.9085750119603212
dense,NB,Dry,5,minmax,hard_filter,8.0,0.9999999999999999,9.0,1.0,9.85,0.9999999999999999,9.88,0.9085750119603212
dense,NB,Dry,5,minmax,proportional,5.0,0.9999999999999999,5.5,1.0,5.4,0.9281337021030468,6.04,0.93151896227439
dense,NB,Dry,5,minmax,MMR,6.4,0.8539316501572934,8.0,0.7753366239771086,9.15,0.7860620914269197,8.98,0.8209753323452745
dense,NB,Dry,5,minmax,FAIR_prefix,8.0,0.9999999999999999,9.0,1.0,9.85,0.9999999999999999,9.88,0.9085750119603212
dense,NB,Dry,5,minmax,proposed,4.6,0.9999999999999999,4.2,0.8701249883466594,4.15,0.9161829080980792,4.28,0.8206886434120725
dense,NB,Dry,5,rank,relevance_only,8.0,0.9999999999999999,9.0,1.0,9.85,0.9999999999999999,9.88,0.9085750119603212
dense,NB,Dry,5,rank,hard_filter,8.0,0.9999999999999999,9.0,1.0,9.85,0.9999999999999999,9.88,0.9085750119603212
dense,NB,Dry,5,rank,proportional,5.0,0.9999999999999999,5.5,1.0,5.5,0.9263369616450164,7.22,0.9314713111473766
dense,NB,Dry,5,rank,MMR,6.4,0.8539316501572934,7.4,0.8389574121760602,8.7,0.829140429283377,8.66,0.8612057262272147
dense,NB,Dry,5,rank,FAIR_prefix,8.0,0.9999999999999999,9.0,1.0,9.85,0.9999999999999999,9.88,0.9085750119603212
dense,NB,Dry,5,rank,proposed,4.6,0.9999999999999999,4.2,0.8701249883466594,4.4,0.9161829080980792,4.32,0.8058717714777761
full,NB,Dry,5,minmax,relevance_only,4.0,0.9999999999999999,3.1,0.9216017310213245,2.75,0.9494043170253827,3.04,0.9564222617602335
full,NB,Dry,5,minmax,hard_filter,1.6,0.8687949224876581,1.3,0.914856882358379,0.8,0.9127131207796942,1.2,0.938471721656347
full,NB,Dry,5,minmax,proportional,0.0,0.8539316501572934,0.0,0.9052116356304493,0.15,0.938826684621968,0.4,0.9501135101417015
full,NB,Dry,5,minmax,MMR,2.8,0.8687949224876581,2.2,0.8414929602590189,3.55,0.8613484440615895,3.12,0.8198398157685564
full,NB,Dry,5,minmax,FAIR_prefix,4.0,0.9999999999999999,3.1,0.9216017310213245,2.75,0.9494043170253827,3.04,0.9560762253288789
full,NB,Dry,5,minmax,proposed,0.0,0.8539316501572934,0.0,0.9052116356304493,0.0,0.938826684621968,0.0,0.9528707570346112
full,NB,Dry,5,rank,relevance_only,4.0,0.9999999999999999,3.1,0.9216017310213245,2.75,0.9494043170253827,3.04,0.9564222617602335
full,NB,Dry,5,rank,hard_filter,1.6,0.8687949224876581,1.3,0.914856882358379,0.8,0.9127131207796942,1.2,0.938471721656347
full,NB,Dry,5,rank,proportional,0.0,0.8539316501572934,0.0,0.9052116356304493,0.15,0.938826684621968,0.62,0.9494685381845035
full,NB,Dry,5,rank,MMR,2.8,0.8687949224876581,1.8,0.914856882358379,2.9,0.9103012392291454,3.34,0.8883754023634236
full,NB,Dry,5,rank,FAIR_prefix,4.0,0.9999999999999999,3.1,0.9216017310213245,2.75,0.9494043170253827,3.04,0.9560762253288789
full,NB,Dry,5,rank,proposed,0.0,0.8539316501572934,0.0,0.9052116356304493,0.0,0.938826684621968,0.0,0.9528707570346112
dense,NB,Dry,6,minmax,relevance_only,8.0,0.9999999999999999,8.7,1.0,8.2,0.9999999999999999,9.48,0.8540974981829494
dense,NB,Dry,6,minmax,hard_filter,8.0,0.9999999999999999,8.7,1.0,8.2,0.9999999999999999,9.48,0.8540974981829494
dense,NB,Dry,6,minmax,proportional,4.8,0.9999999999999999,4.7,1.0,5.4,0.8945055855499732,6.34,0.8686465030468743
dense,NB,Dry,6,minmax,MMR,7.8,0.8539316501572934,7.1,0.8268133666517739,9.55,0.8138597618926668,8.98,0.7258991430724412
dense,NB,Dry,6,minmax,FAIR_prefix,8.0,0.9999999999999999,8.7,1.0,8.2,0.9999999999999999,9.48,0.8540974981829494
dense,NB,Dry,6,minmax,proposed,4.4,0.9999999999999999,4.1,1.0,4.2,0.852349253264037,4.46,0.7579094577920732
dense,NB,Dry,6,rank,relevance_only,8.0,0.9999999999999999,8.7,1.0,8.2,0.9999999999999999,9.48,0.8540974981829494
dense,NB,Dry,6,rank,hard_filter,8.0,0.9999999999999999,8.7,1.0,8.2,0.9999999999999999,9.48,0.8540974981829494
dense,NB,Dry,6,rank,proportional,4.0,0.9999999999999999,4.3,1.0,5.15,0.89483056705661,7.16,0.8984434639742829
dense,NB,Dry,6,rank,MMR,7.4,0.8687949224876581,8.8,0.8364586133797036,9.1,0.7885264588004612,9.42,0.7629677832498852
dense,NB,Dry,6,rank,FAIR_prefix,8.0,0.9999999999999999,8.7,1.0,8.2,0.9999999999999999,9.48,0.8540974981829494
dense,NB,Dry,6,rank,proposed,4.4,0.9999999999999999,4.1,1.0,4.2,0.852349253264037,4.5,0.7563995593830427
full,NB,Dry,6,minmax,relevance_only,6.2,0.9999999999999999,4.2,1.0,3.1,0.9999999999999999,2.68,0.9685491905399874
full,NB,Dry,6,minmax,hard_filter,1.8,0.9999999999999999,1.3,1.0,1.15,0.9999999999999999,1.16,0.9516649816181393
full,NB,Dry,6,minmax,proportional,0.0,0.9999999999999999,0.1,1.0,0.35,0.963643712011461,0.5,0.9632445230682515
full,NB,Dry,6,minmax,MMR,3.6,0.9999999999999999,2.5,1.0,2.5,0.8914314316510565,3.54,0.8353370484535805
full,NB,Dry,6,minmax,FAIR_prefix,4.2,0.9999999999999999,3.2,1.0,2.7,0.9999999999999999,2.68,0.9680711599250781
full,NB,Dry,6,minmax,proposed,0.0,0.9999999999999999,0.0,1.0,0.0,0.9626932496335552,0.0,0.9649667189576165
full,NB,Dry,6,rank,relevance_only,6.2,0.9999999999999999,4.2,1.0,3.1,0.9999999999999999,2.68,0.9685491905399874
full,NB,Dry,6,rank,hard_filter,1.8,0.9999999999999999,1.3,1.0,1.15,0.9999999999999999,1.16,0.9516649816181393
full,NB,Dry,6,rank,proportional,0.0,0.9999999999999999,0.1,1.0,0.35,0.963643712011461,0.5,0.9632445230682515
full,NB,Dry,6,rank,MMR,1.4,0.9999999999999999,1.2,0.9363792118010483,1.6,0.9589412206131108,3.26,0.8706771367383012
full,NB,Dry,6,rank,FAIR_prefix,4.2,0.9999999999999999,3.2,1.0,2.7,0.9999999999999999,2.68,0.9680711599250781
full,NB,Dry,6,rank,proposed,0.0,0.9999999999999999,0.0,1.0,0.0,0.9626932496335552,0.0,0.9649667189576165
dense,NB,Dry,7,minmax,relevance_only,9.8,0.9999999999999999,8.4,1.0,9.65,0.9999999999999999,8.66,0.9234061138758954
dense,NB,Dry,7,minmax,hard_filter,9.8,0.9999999999999999,8.4,1.0,9.65,0.9999999999999999,8.66,0.9234061138758954
dense,NB,Dry,7,minmax,proportional,4.2,0.9999999999999999,5.2,1.0,5.5,0.9626932496335552,6.06,0.8761565618117969
dense,NB,Dry,7,minmax,MMR,6.2,0.9999999999999999,6.1,0.9363792118010483,8.4,0.8161613682340949,8.8,0.7437800800370894
dense,NB,Dry,7,minmax,FAIR_prefix,9.8,0.9999999999999999,8.4,1.0,9.65,0.9999999999999999,8.66,0.9234061138758954
dense,NB,Dry,7,minmax,proposed,4.2,0.9999999999999999,4.1,1.0,4.1,0.8945268979874287,4.3,0.8509628486969203
dense,NB,Dry,7,rank,relevance_only,9.8,0.9999999999999999,8.4,1.0,9.65,0.9999999999999999,8.66,0.9234061138758954
dense,NB,Dry,7,rank,hard_filter,9.8,0.9999999999999999,8.4,1.0,9.65,0.9999999999999999,8.66,0.9234061138758954
dense,NB,Dry,7,rank,proportional,4.2,0.9999999999999999,5.2,1.0,5.05,0.9644899900915855,7.12,0.9070643129278843
dense,NB,Dry,7,rank,MMR,6.2,0.9999999999999999,5.9,1.0,7.55,0.8946874190110574,8.6,0.8686018779275846
dense,NB,Dry,7,rank,FAIR_prefix,9.8,0.9999999999999999,8.4,1.0,9.65,0.9999999999999999,8.66,0.9234061138758954
dense,NB,Dry,7,rank,proposed,4.2,0.9999999999999999,4.1,1.0,4.2,0.9279430769346867,4.36,0.8382305345178782
full,NB,Dry,7,minmax,relevance_only,5.0,0.9999999999999999,3.8,0.9216017310213245,4.55,0.9153413447694003,3.0,0.9537888040128281
full,NB,Dry,7,minmax,hard_filter,0.2,0.8539316501572934,1.4,0.9052116356304493,1.35,0.9004420464565851,1.32,0.9314543118662754
full,NB,Dry,7,minmax,proportional,0.2,0.8304198973631918,0.2,0.8899541168509599,0.15,0.8916732298167266,0.46,0.926832711327581
full,NB,Dry,7,minmax,MMR,1.4,0.9999999999999999,2.3,0.8630152897016883,4.05,0.8085840671861149,2.9,0.8816325468494173
full,NB,Dry,7,minmax,FAIR_prefix,2.6,0.8687949224876581,3.8,0.914856882358379,3.3,0.9095414020195997,3.0,0.9506228868317039
full,NB,Dry,7,minmax,proposed,0.0,0.8304198973631918,0.0,0.8899541168509599,0.0,0.9289799801831712,0.0,0.9317817662178505
full,NB,Dry,7,rank,relevance_only,5.0,0.9999999999999999,3.8,0.9216017310213245,4.55,0.9153413447694003,3.0,0.9537888040128281
full,NB,Dry,7,rank,hard_filter,0.2,0.8539316501572934,1.4,0.9052116356304493,1.35,0.9004420464565851,1.32,0.9314543118662754
full,NB,Dry,7,rank,proportional,0.0,0.8304198973631918,0.2,0.8899541168509599,0.2,0.8926236921946324,0.62,0.9270098807297442
full,NB,Dry,7,rank,MMR,2.8,0.8304198973631918,2.1,0.8115558478722845,3.3,0.8120818352562637,3.24,0.882855679112906
full,NB,Dry,7,rank,FAIR_prefix,2.6,0.8687949224876581,3.8,0.914856882358379,3.3,0.9095414020195997,3.0,0.9506228868317039
full,NB,Dry,7,rank,proposed,0.0,0.8304198973631918,0.0,0.8899541168509599,0.0,0.9289799801831712,0.0,0.9317817662178505
dense,NB,Dry,8,minmax,relevance_only,10.4,0.9999999999999999,9.0,1.0,9.1,0.9671350294324228,10.24,0.9066531188764883
dense,NB,Dry,8,minmax,hard_filter,10.4,0.9999999999999999,9.0,1.0,9.1,0.9671350294324228,10.24,0.9066531188764883
dense,NB,Dry,8,minmax,proportional,5.2,0.9999999999999999,5.0,1.0,5.6,0.9297398173927169,6.52,0.8552020920388753
dense,NB,Dry,8,minmax,MMR,11.2,0.9999999999999999,10.3,0.8630152897016883,9.3,0.8426470394420972,8.38,0.8537771391177232
dense,NB,Dry,8,minmax,FAIR_prefix,10.4,0.9999999999999999,9.0,1.0,9.1,0.9671350294324228,10.24,0.9066531188764883
dense,NB,Dry,8,minmax,proposed,4.4,0.9999999999999999,4.2,0.933745776545611,4.05,0.8500054771627071,4.32,0.8412983471974697
dense,NB,Dry,8,rank,relevance_only,10.4,0.9999999999999999,9.0,1.0,9.1,0.9671350294324228,10.24,0.9066531188764883
dense,NB,Dry,8,rank,hard_filter,10.4,0.9999999999999999,9.0,1.0,9.1,0.9671350294324228,10.24,0.9066531188764883
dense,NB,Dry,8,rank,proportional,4.8,0.9999999999999999,5.0,1.0,5.75,0.8967157691879015,7.26,0.8578480118301628
dense,NB,Dry,8,rank,MMR,11.2,0.9999999999999999,9.3,0.9266360779006398,9.75,0.9142686819567312,9.06,0.8623014569026581
dense,NB,Dry,8,rank,FAIR_prefix,10.4,0.9999999999999999,9.0,1.0,9.1,0.9671350294324228,10.24,0.9066531188764883
dense,NB,Dry,8,rank,proposed,4.4,0.9999999999999999,4.2,0.9305687780632227,4.15,0.8503670276266158,4.32,0.8407978013236481
full,NB,Dry,8,minmax,relevance_only,1.6,0.9999999999999999,2.2,1.0,3.15,0.963643712011461,3.04,0.9500106479711898
full,NB,Dry,8,minmax,hard_filter,1.6,0.9999999999999999,1.0,1.0,1.3,0.9603789329441843,1.28,0.9465947507339793
full,NB,Dry,8,minmax,proportional,0.0,0.9999999999999999,0.0,0.933745776545611,0.2,0.9224915147860998,0.62,0.9411969057766442
full,NB,Dry,8,minmax,MMR,4.6,0.9999999999999999,3.4,0.9305687780632227,3.25,0.883821633775901,3.88,0.8732793358958203
full,NB,Dry,8,minmax,FAIR_prefix,1.6,0.9999999999999999,2.2,1.0,3.15,0.963643712011461,3.04,0.9500106479711898
full,NB,Dry,8,minmax,proposed,0.0,0.9999999999999999,0.0,0.933745776545611,0.0,0.9224915147860998,0.0,0.9438092890986711
full,NB,Dry,8,rank,relevance_only,1.6,0.9999999999999999,2.2,1.0,3.15,0.963643712011461,3.04,0.9500106479711898
full,NB,Dry,8,rank,hard_filter,1.6,0.9999999999999999,1.0,1.0,1.3,0.9603789329441843,1.28,0.9465947507339793
full,NB,Dry,8,rank,proportional,0.0,0.9999999999999999,0.0,0.933745776545611,0.2,0.9224915147860998,0.78,0.9411969057766442
full,NB,Dry,8,rank,MMR,5.0,0.9999999999999999,3.6,0.8482378089219645,3.15,0.8679946648915146,3.8,0.8504181481169397
full,NB,Dry,8,rank,FAIR_prefix,1.6,0.9999999999999999,2.2,1.0,3.15,0.963643712011461,3.04,0.9500106479711898
full,NB,Dry,8,rank,proposed,0.0,0.9999999999999999,0.0,0.933745776545611,0.0,0.9224915147860998,0.0,0.9438092890986711
dense,NB,Dry,9,minmax,relevance_only,8.8,0.9999999999999999,10.6,1.0,9.35,0.9659370277440174,8.9,0.9078993558529518
dense,NB,Dry,9,minmax,hard_filter,8.8,0.9999999999999999,10.6,1.0,9.35,0.9659370277440174,8.9,0.9078993558529518
dense,NB,Dry,9,minmax,proportional,5.0,0.9999999999999999,4.9,0.9363792118010483,4.95,0.9255037292283974,6.16,0.839530625302657
dense,NB,Dry,9,minmax,MMR,8.6,0.8539316501572934,9.2,0.9052116356304493,8.0,0.7925891469703308,8.58,0.7540702166049873
dense,NB,Dry,9,minmax,FAIR_prefix,8.8,0.9999999999999999,10.6,1.0,9.35,0.9659370277440174,8.9,0.9078993558529518
dense,NB,Dry,9,minmax,proposed,4.2,0.9999999999999999,4.2,0.9305687780632227,4.15,0.8553526016093124,4.32,0.7990855218878528
dense,NB,Dry,9,rank,relevance_only,8.8,0.9999999999999999,10.6,1.0,9.35,0.9659370277440174,8.9,0.9078993558529518
dense,NB,Dry,9,rank,hard_filter,8.8,0.9999999999999999,10.6,1.0,9.35,0.9659370277440174,8.9,0.9078993558529518
dense,NB,Dry,9,rank,proportional,4.0,0.9999999999999999,4.9,0.9363792118010483,5.55,0.9589412206131108,6.82,0.8593772622772392
dense,NB,Dry,9,rank,MMR,8.8,0.8304198973631918,7.7,0.8899541168509599,8.05,0.8564939425597786,8.96,0.7848588837583794
dense,NB,Dry,9,rank,FAIR_prefix,8.8,0.9999999999999999,10.6,1.0,9.35,0.9659370277440174,8.9,0.9078993558529518
dense,NB,Dry,9,rank,proposed,4.2,0.9999999999999999,4.3,0.9305687780632227,4.15,0.8565506032977178,4.36,0.8134609585542681
full,NB,Dry,9,minmax,relevance_only,3.2,0.9999999999999999,2.3,0.9305687780632227,2.55,0.9551913563983281,3.46,0.9324879565577273
full,NB,Dry,9,minmax,hard_filter,1.8,0.9999999999999999,1.5,0.9266360779006398,1.6,0.952653320122114,1.32,0.914259156159523
full,NB,Dry,9,minmax,proportional,0.2,0.8539316501572934,0.1,0.9052116356304493,0.2,0.938826684621968,0.38,0.9210622483281788
full,NB,Dry,9,minmax,MMR,1.4,0.9999999999999999,2.0,1.0,2.2,0.9665625086152865,3.12,0.8829533496975223
full,NB,Dry,9,minmax,FAIR_prefix,3.2,0.9999999999999999,2.3,0.9305687780632227,2.55,0.9551913563983281,3.46,0.9324879565577273
full,NB,Dry,9,minmax,proposed,0.0,0.8539316501572934,0.0,0.9052116356304493,0.0,0.905961714054391,0.0,0.9198155492001509
full,NB,Dry,9,rank,relevance_only,3.2,0.9999999999999999,2.3,0.9305687780632227,2.55,0.9551913563983281,3.46,0.9324879565577273
full,NB,Dry,9,rank,hard_filter,1.8,0.9999999999999999,1.5,0.9266360779006398,1.6,0.952653320122114,1.32,0.914259156159523
full,NB,Dry,9,rank,proportional,0.0,0.8539316501572934,0.1,0.9052116356304493,0.25,0.938826684621968,0.62,0.921205090713245
full,NB,Dry,9,rank,MMR,1.4,0.9999999999999999,2.7,1.0,3.35,0.8922739893890339,2.76,0.9119638330995601
full,NB,Dry,9,rank,FAIR_prefix,3.2,0.9999999999999999,2.3,0.9305687780632227,2.55,0.9551913563983281,3.46,0.9324879565577273
full,NB,Dry,9,rank,proposed,0.0,0.8539316501572934,0.0,0.9052116356304493,0.0,0.905961714054391,0.0,0.9198155492001509
dense,NB,Normal,0,minmax,relevance_only,7.6,0.9999999999999999,8.4,1.0,9.65,0.9652498273011313,9.72,0.9057116606123937
dense,NB,Normal,0,minmax,hard_filter,7.6,0.9999999999999999,8.4,1.0,9.65,0.9652498273011313,9.72,0.9057116606123937
dense,NB,Normal,0,minmax,proportional,4.4,0.9999999999999999,5.1,0.9305687780632227,4.9,0.8529407200587636,5.52,0.89032031509038
dense,NB,Normal,0,minmax,MMR,10.6,0.9999999999999999,10.0,0.9216017310213245,9.8,0.8765875567505239,9.36,0.8585701656689331
dense,NB,Normal,0,minmax,FAIR_prefix,7.6,0.9999999999999999,8.4,1.0,9.65,0.9652498273011313,9.72,0.9057116606123937
dense,NB,Normal,0,minmax,proposed,4.4,0.9999999999999999,4.3,0.866947989864271,4.2,0.8372047595891788,4.3,0.83663326240496
dense,NB,Normal,0,rank,relevance_only,7.6,0.9999999999999999,8.4,1.0,9.65,0.9652498273011313,9.72,0.9057116606123937
dense,NB,Normal,0,rank,hard_filter,7.6,0.9999999999999999,8.4,1.0,9.65,0.9652498273011313,9.72,0.9057116606123937
dense,NB,Normal,0,rank,proportional,4.8,0.9999999999999999,5.3,1.0,5.25,0.8570714097624962,7.34,0.8792365094416961
dense,NB,Normal,0,rank,MMR,10.0,0.9999999999999999,9.8,0.9363792118010483,9.45,0.853771787669721,9.22,0.8009760405959202
dense,NB,Normal,0,rank,FAIR_prefix,7.6,0.9999999999999999,8.4,1.0,9.65,0.9652498273011313,9.72,0.9057116606123937
dense,NB,Normal,0,rank,proposed,4.4,0.9999999999999999,4.3,0.8701249883466594,4.25,0.8404915195662517,4.3,0.8388194819548871
full,NB,Normal,0,minmax,relevance_only,2.4,0.8539316501572934,2.6,0.9052116356304493,2.9,0.938826684621968,3.2,0.9524905289396631
full,NB,Normal,0,minmax,hard_filter,2.4,0.8539316501572934,1.8,0.9052116356304493,1.05,0.938826684621968,1.34,0.951368336993416
full,NB,Normal,0,minmax,proportional,0.0,0.8304198973631918,0.0,0.8899541168509599,0.0,0.9289799801831712,0.26,0.9473510385548056
full,NB,Normal,0,minmax,MMR,1.4,0.9999999999999999,2.9,1.0,3.4,0.9999999999999999,3.28,0.912492473705752
full,NB,Normal,0,minmax,FAIR_prefix,2.4,0.8539316501572934,2.6,0.9052116356304493,2.9,0.938826684621968,3.2,0.9524066885881308
full,NB,Normal,0,minmax,proposed,0.0,0.8304198973631918,0.0,0.8899541168509599,0.0,0.9289799801831712,0.0,0.9468550760618474
full,NB,Normal,0,rank,relevance_only,2.4,0.8539316501572934,2.6,0.9052116356304493,2.9,0.938826684621968,3.2,0.9524905289396631
full,NB,Normal,0,rank,hard_filter,2.4,0.8539316501572934,1.8,0.9052116356304493,1.05,0.938826684621968,1.34,0.951368336993416
full,NB,Normal,0,rank,proportional,0.0,0.8304198973631918,0.0,0.8899541168509599,0.1,0.9289799801831712,0.6,0.9612334964944959
full,NB,Normal,0,rank,MMR,1.4,0.9999999999999999,2.5,0.9363792118010483,2.0,0.9234312107046965,2.76,0.9274720818179786
full,NB,Normal,0,rank,FAIR_prefix,2.4,0.8539316501572934,2.6,0.9052116356304493,2.9,0.938826684621968,3.2,0.9524066885881308
full,NB,Normal,0,rank,proposed,0.0,0.8304198973631918,0.0,0.8899541168509599,0.0,0.9289799801831712,0.0,0.9468550760618474
dense,NB,Normal,1,minmax,relevance_only,7.0,0.9999999999999999,8.1,1.0,9.1,0.9665625086152865,9.6,0.9042062765088121
dense,NB,Normal,1,minmax,hard_filter,7.0,0.9999999999999999,8.1,1.0,9.1,0.9665625086152865,9.6,0.9042062765088121
dense,NB,Normal,1,minmax,proportional,3.8,0.9999999999999999,5.1,0.933745776545611,4.95,0.886822427240447,5.64,0.860084882783105
dense,NB,Normal,1,minmax,MMR,12.4,0.9999999999999999,9.7,0.9305687780632227,10.05,0.852433805005487,9.36,0.8136451666616459
dense,NB,Normal,1,minmax,FAIR_prefix,7.0,0.9999999999999999,8.1,1.0,9.1,0.9665625086152865,9.6,0.9042062765088121
dense,NB,Normal,1,minmax,proposed,4.2,0.9999999999999999,4.4,0.8603818544462509,4.1,0.8397232866730608,4.3,0.7804022859060213
dense,NB,Normal,1,rank,relevance_only,7.0,0.9999999999999999,8.1,1.0,9.1,0.9665625086152865,9.6,0.9042062765088121
dense,NB,Normal,1,rank,hard_filter,7.0,0.9999999999999999,8.1,1.0,9.1,0.9665625086152865,9.6,0.9042062765088121
dense,NB,Normal,1,rank,proportional,3.8,0.9999999999999999,5.1,0.933745776545611,5.45,0.8870699665509467,7.04,0.8784811576323106
dense,NB,Normal,1,rank,MMR,7.0,0.9999999999999999,9.9,0.9363792118010483,9.8,0.920556582447728,8.74,0.8621895833727639
dense,NB,Normal,1,rank,FAIR_prefix,7.0,0.9999999999999999,8.1,1.0,9.1,0.9665625086152865,9.6,0.9042062765088121
dense,NB,Normal,1,rank,proposed,4.2,0.9999999999999999,4.4,0.8603818544462509,4.3,0.8725882572406379,4.3,0.7813664660628988
full,NB,Normal,1,minmax,relevance_only,3.2,0.9999999999999999,3.1,1.0,2.1,0.9616153618346169,3.22,0.9790476232781447
full,NB,Normal,1,minmax,hard_filter,1.8,0.9999999999999999,1.3,0.933745776545611,1.35,0.9572416874849684,1.46,0.9766602392356607
full,NB,Normal,1,minmax,proportional,0.0,0.9999999999999999,0.0,0.9216017310213245,0.05,0.9494043170253827,0.38,0.9723821856645821
full,NB,Normal,1,minmax,MMR,1.4,0.9999999999999999,1.8,0.9305687780632227,3.3,0.9551913563983281,3.1,0.9285588644334911
full,NB,Normal,1,minmax,FAIR_prefix,3.2,0.9999999999999999,2.8,1.0,2.1,0.9603789329441843,3.0,0.9783727146391596
full,NB,Normal,1,minmax,proposed,0.0,0.9999999999999999,0.0,0.9216017310213245,0.0,0.9494043170253827,0.0,0.9723821856645821
full,NB,Normal,1,rank,relevance_only,3.2,0.9999999999999999,3.1,1.0,2.1,0.9616153618346169,3.22,0.9790476232781447
full,NB,Normal,1,rank,hard_filter,1.8,0.9999999999999999,1.3,0.933745776545611,1.35,0.9572416874849684,1.46,0.9766602392356607
full,NB,Normal,1,rank,proportional,0.0,0.9999999999999999,0.0,0.9216017310213245,0.15,0.9494043170253827,0.84,0.9723821856645821
full,NB,Normal,1,rank,MMR,4.0,0.9999999999999999,4.6,0.9216017310213245,3.15,0.9494043170253827,3.28,0.9410792946211068
full,NB,Normal,1,rank,FAIR_prefix,3.2,0.9999999999999999,2.8,1.0,2.1,0.9603789329441843,3.0,0.9783727146391596
full,NB,Normal,1,rank,proposed,0.0,0.9999999999999999,0.0,0.9216017310213245,0.0,0.9494043170253827,0.0,0.9723821856645821
dense,NB,Normal,2,minmax,relevance_only,8.8,0.9999999999999999,8.1,1.0,10.65,0.9281778704499035,10.5,0.9171646512742323
dense,NB,Normal,2,minmax,hard_filter,8.8,0.9999999999999999,8.1,1.0,10.65,0.9281778704499035,10.5,0.9171646512742323
dense,NB,Normal,2,minmax,proportional,4.2,0.8304198973631918,5.0,0.8899541168509599,4.95,0.8949170079271888,5.8,0.8668503362904909
dense,NB,Normal,2,minmax,MMR,10.6,0.9999999999999999,11.4,1.0,10.15,0.8524423135712191,8.96,0.8002577060814471
dense,NB,Normal,2,minmax,FAIR_prefix,8.8,0.9999999999999999,8.1,1.0,10.65,0.9281778704499035,10.5,0.9171646512742323
dense,NB,Normal,2,minmax,proposed,4.2,0.8539316501572934,4.2,0.9052116356304493,4.4,0.8691816431072036,4.26,0.8530067910227344
dense,NB,Normal,2,rank,relevance_only,8.8,0.9999999999999999,8.1,1.0,10.65,0.9281778704499035,10.5,0.9171646512742323
dense,NB,Normal,2,rank,hard_filter,8.8,0.9999999999999999,8.1,1.0,10.65,0.9281778704499035,10.5,0.9171646512742323
dense,NB,Normal,2,rank,proportional,5.0,0.8539316501572934,5.4,0.9052116356304493,6.25,0.938826684621968,7.26,0.8626959000364516
dense,NB,Normal,2,rank,MMR,7.0,0.9999999999999999,10.9,0.933745776545611,10.1,0.8477505886321781,9.16,0.8285906253218057
dense,NB,Normal,2,rank,FAIR_prefix,8.8,0.9999999999999999,8.1,1.0,10.65,0.9281778704499035,10.5,0.9171646512742323
dense,NB,Normal,2,rank,proposed,4.2,0.8539316501572934,4.2,0.9052116356304493,4.4,0.8692537024575712,4.28,0.8393712048758978
full,NB,Normal,2,minmax,relevance_only,0.8,0.7860137352654724,1.4,0.8611375561264455,2.35,0.9103827127966565,3.4,0.9226669216348039
full,NB,Normal,2,minmax,hard_filter,0.8,0.7860137352654724,0.6,0.8611375561264455,1.1,0.9103827127966565,1.34,0.9358421045828877
full,NB,Normal,2,minmax,proportional,0.0,0.7860137352654724,0.0,0.8611375561264455,0.0,0.9103827127966565,0.36,0.9218485373177846
full,NB,Normal,2,minmax,MMR,1.8,0.9999999999999999,3.8,0.9216017310213245,4.3,0.8804568157322551,4.14,0.8896460535668546
full,NB,Normal,2,minmax,FAIR_prefix,0.8,0.7860137352654724,1.4,0.8611375561264455,2.35,0.9103827127966565,3.22,0.9230715490098935
full,NB,Normal,2,minmax,proposed,0.0,0.7860137352654724,0.0,0.8611375561264455,0.0,0.9103827127966565,0.0,0.9216404417675997
full,NB,Normal,2,rank,relevance_only,0.8,0.7860137352654724,1.4,0.8611375561264455,2.35,0.9103827127966565,3.4,0.9226669216348039
full,NB,Normal,2,rank,hard_filter,0.8,0.7860137352654724,0.6,0.8611375561264455,1.1,0.9103827127966565,1.34,0.9358421045828877
full,NB,Normal,2,rank,proportional,0.0,0.7860137352654724,0.0,0.8611375561264455,0.1,0.9103827127966565,0.76,0.9352812761780134
full,NB,Normal,2,rank,MMR,2.6,0.8687949224876581,6.0,0.914856882358379,3.75,0.945051411928014,3.64,0.9086679645753211
full,NB,Normal,2,rank,FAIR_prefix,0.8,0.7860137352654724,1.4,0.8611375561264455,2.35,0.9103827127966565,3.22,0.9230715490098935
full,NB,Normal,2,rank,proposed,0.0,0.7860137352654724,0.0,0.8611375561264455,0.0,0.9103827127966565,0.0,0.9216404417675997
dense,NB,Normal,3,minmax,relevance_only,9.0,0.9999999999999999,9.4,1.0,10.4,0.9659370277440174,9.86,0.8613890147199047
dense,NB,Normal,3,minmax,hard_filter,9.0,0.9999999999999999,9.4,1.0,10.4,0.9659370277440174,9.86,0.8613890147199047
dense,NB,Normal,3,minmax,proportional,4.8,0.9999999999999999,4.8,0.9305687780632227,4.95,0.852433805005487,5.72,0.8430704619715644
dense,NB,Normal,3,minmax,MMR,10.6,0.8539316501572934,9.1,0.9052116356304493,7.85,0.7978435727009825,8.9,0.8125682669548497
dense,NB,Normal,3,minmax,FAIR_prefix,9.0,0.9999999999999999,9.4,1.0,10.4,0.9659370277440174,9.86,0.8613890147199047
dense,NB,Normal,3,minmax,proposed,4.2,0.8687949224876581,4.3,0.914856882358379,4.3,0.7994290153688952,4.26,0.8038744785638968
dense,NB,Normal,3,rank,relevance_only,9.0,0.9999999999999999,9.4,1.0,10.4,0.9659370277440174,9.86,0.8613890147199047
dense,NB,Normal,3,rank,hard_filter,9.0,0.9999999999999999,9.4,1.0,10.4,0.9659370277440174,9.86,0.8613890147199047
dense,NB,Normal,3,rank,proportional,4.8,0.9999999999999999,5.1,0.9266360779006398,6.15,0.9203150289737942,7.42,0.8484427816084442
dense,NB,Normal,3,rank,MMR,11.0,0.8304198973631918,8.9,0.8899541168509599,8.75,0.7917197954019611,8.94,0.8274134766479745
dense,NB,Normal,3,rank,FAIR_prefix,9.0,0.9999999999999999,9.4,1.0,10.4,0.9659370277440174,9.86,0.8613890147199047
dense,NB,Normal,3,rank,proposed,4.2,0.8687949224876581,4.3,0.914856882358379,4.45,0.8326135845973395,4.3,0.8046100025706024
full,NB,Normal,3,minmax,relevance_only,2.2,0.7860137352654724,2.7,0.8611375561264455,3.15,0.9103827127966565,3.44,0.9215387406652509
full,NB,Normal,3,minmax,hard_filter,0.8,0.7860137352654724,1.2,0.8611375561264455,1.5,0.9103827127966565,1.54,0.9189318229832425
full,NB,Normal,3,minmax,proportional,0.0,0.7860137352654724,0.0,0.8611375561264455,0.1,0.9103827127966565,0.4,0.9374137139744366
full,NB,Normal,3,minmax,MMR,0.4,0.9999999999999999,1.0,0.9216017310213245,3.7,0.9159668256406694,3.98,0.8312689669264145
full,NB,Normal,3,minmax,FAIR_prefix,2.2,0.7860137352654724,2.7,0.8611375561264455,3.15,0.9103827127966565,3.44,0.921230489532467
full,NB,Normal,3,minmax,proposed,0.0,0.7860137352654724,0.0,0.8611375561264455,0.0,0.9103827127966565,0.0,0.9078233010190176
full,NB,Normal,3,rank,relevance_only,2.2,0.7860137352654724,2.7,0.8611375561264455,3.15,0.9103827127966565,3.44,0.9215387406652509
full,NB,Normal,3,rank,hard_filter,0.8,0.7860137352654724,1.2,0.8611375561264455,1.5,0.9103827127966565,1.54,0.9189318229832425
full,NB,Normal,3,rank,proportional,0.0,0.7860137352654724,0.0,0.8611375561264455,0.15,0.9103827127966565,0.76,0.9510821189928904
full,NB,Normal,3,rank,MMR,0.6,0.8687949224876581,1.3,0.914856882358379,2.35,0.9103012392291454,3.82,0.8581625379143127
full,NB,Normal,3,rank,FAIR_prefix,2.2,0.7860137352654724,2.7,0.8611375561264455,3.15,0.9103827127966565,3.44,0.921230489532467
full,NB,Normal,3,rank,proposed,0.0,0.7860137352654724,0.0,0.8611375561264455,0.0,0.9103827127966565,0.0,0.9078233010190176
dense,NB,Normal,4,minmax,relevance_only,7.2,0.9999999999999999,8.6,1.0,9.45,0.9671350294324228,9.48,0.8777309077196689
dense,NB,Normal,4,minmax,hard_filter,7.2,0.9999999999999999,8.6,1.0,9.45,0.9671350294324228,9.48,0.8777309077196689
dense,NB,Normal,4,minmax,proportional,4.6,0.9999999999999999,5.0,0.9305687780632227,5.05,0.8849311737910452,5.96,0.8735642787442497
dense,NB,Normal,4,minmax,MMR,8.6,0.9999999999999999,8.9,1.0,9.8,0.8933835294041782,9.08,0.8342469878196191
dense,NB,Normal,4,minmax,FAIR_prefix,7.2,0.9999999999999999,8.6,1.0,9.45,0.9671350294324228,9.48,0.8777309077196689
dense,NB,Normal,4,minmax,proposed,4.2,0.9999999999999999,3.9,0.9305687780632227,4.35,0.8442005667200854,4.3,0.8127133388101313
dense,NB,Normal,4,rank,relevance_only,7.2,0.9999999999999999,8.6,1.0,9.45,0.9671350294324228,9.48,0.8777309077196689
dense,NB,Normal,4,rank,hard_filter,7.2,0.9999999999999999,8.6,1.0,9.45,0.9671350294324228,9.48,0.8777309077196689
dense,NB,Normal,4,rank,proportional,4.2,0.9999999999999999,5.3,0.9363792118010483,5.05,0.889368238448714,7.32,0.8508342226366381
dense,NB,Normal,4,rank,MMR,10.8,0.9999999999999999,10.2,0.9363792118010483,9.65,0.8529398911098076,8.66,0.8029563586937513
dense,NB,Normal,4,rank,FAIR_prefix,7.2,0.9999999999999999,8.6,1.0,9.45,0.9671350294324228,9.48,0.8777309077196689
dense,NB,Normal,4,rank,proposed,4.2,0.9999999999999999,4.2,0.866947989864271,4.35,0.8420756539461258,4.32,0.8117016960393395
full,NB,Normal,4,minmax,relevance_only,2.8,0.9999999999999999,2.8,0.933745776545611,2.5,0.9572416874849684,3.2,0.9766602392356607
full,NB,Normal,4,minmax,hard_filter,1.6,0.9999999999999999,2.0,0.9266360779006398,1.15,0.952653320122114,1.26,0.9458179865103034
full,NB,Normal,4,minmax,proportional,0.0,0.8687949224876581,0.0,0.914856882358379,0.15,0.945051411928014,0.32,0.9553368657835494
full,NB,Normal,4,minmax,MMR,1.4,0.9999999999999999,3.5,0.9266360779006398,4.6,0.8823931375148312,3.7,0.8924701991273174
full,NB,Normal,4,minmax,FAIR_prefix,2.8,0.9999999999999999,2.8,0.933745776545611,2.5,0.9572416874849684,3.02,0.9629918342172069
full,NB,Normal,4,minmax,proposed,0.0,0.8687949224876581,0.0,0.914856882358379,0.0,0.945051411928014,0.0,0.9547661241744533
full,NB,Normal,4,rank,relevance_only,2.8,0.9999999999999999,2.8,0.933745776545611,2.5,0.9572416874849684,3.2,0.9766602392356607
full,NB,Normal,4,rank,hard_filter,1.6,0.9999999999999999,2.0,0.9266360779006398,1.15,0.952653320122114,1.26,0.9458179865103034
full,NB,Normal,4,rank,proportional,0.0,0.8687949224876581,0.0,0.914856882358379,0.15,0.945051411928014,0.64,0.955804475769168
full,NB,Normal,4,rank,MMR,3.4,0.9999999999999999,3.5,1.0,5.2,0.9310524987068721,4.04,0.8868963371938031
full,NB,Normal,4,rank,FAIR_prefix,2.8,0.9999999999999999,2.8,0.933745776545611,2.5,0.9572416874849684,3.02,0.9629918342172069
full,NB,Normal,4,rank,proposed,0.0,0.8687949224876581,0.0,0.914856882358379,0.0,0.945051411928014,0.0,0.9547661241744533
dense,NB,Normal,5,minmax,relevance_only,7.6,0.9999999999999999,7.7,1.0,9.15,0.9665625086152865,9.48,0.90658017826772
dense,NB,Normal,5,minmax,hard_filter,7.6,0.9999999999999999,7.7,1.0,9.15,0.9665625086152865,9.48,0.90658017826772
dense,NB,Normal,5,minmax,proportional,4.2,0.9999999999999999,5.1,1.0,4.85,0.8587218183785708,5.74,0.8927386989093035
dense,NB,Normal,5,minmax,MMR,8.6,0.9999999999999999,9.0,0.9216017310213245,9.3,0.84519972798011,9.08,0.7905924033623167
dense,NB,Normal,5,minmax,FAIR_prefix,7.6,0.9999999999999999,7.7,1.0,9.15,0.9665625086152865,9.48,0.90658017826772
dense,NB,Normal,5,minmax,proposed,4.2,0.9999999999999999,4.4,0.8643145546088338,4.25,0.8385383958094994,4.32,0.8244889504007632
dense,NB,Normal,5,rank,relevance_only,7.6,0.9999999999999999,7.7,1.0,9.15,0.9665625086152865,9.48,0.90658017826772
dense,NB,Normal,5,rank,hard_filter,7.6,0.9999999999999999,7.7,1.0,9.15,0.9665625086152865,9.48,0.90658017826772
dense,NB,Normal,5,rank,proportional,4.8,0.9999999999999999,5.3,1.0,5.8,0.8902456392121898,7.62,0.8528635352078201
dense,NB,Normal,5,rank,MMR,8.6,0.9999999999999999,7.9,1.0,8.4,0.8980887266872832,8.96,0.8338702251656297
dense,NB,Normal,5,rank,FAIR_prefix,7.6,0.9999999999999999,7.7,1.0,9.15,0.9665625086152865,9.48,0.90658017826772
dense,NB,Normal,5,rank,proposed,4.2,0.9999999999999999,4.4,0.8643145546088338,4.5,0.8385383958094994,4.38,0.824084318841962
full,NB,Normal,5,minmax,relevance_only,3.2,0.9999999999999999,2.0,0.9216017310213245,4.25,0.9494043170253827,2.88,0.9723821856645821
full,NB,Normal,5,minmax,hard_filter,1.6,0.8687949224876581,1.8,0.914856882358379,1.55,0.945051411928014,1.42,0.9420794089529916
full,NB,Normal,5,minmax,proportional,0.0,0.8539316501572934,0.0,0.9052116356304493,0.05,0.938826684621968,0.32,0.9512382187023543
full,NB,Normal,5,minmax,MMR,1.4,0.9999999999999999,0.9,0.9266360779006398,2.05,0.8855648562749256,2.48,0.8926266432591968
full,NB,Normal,5,minmax,FAIR_prefix,3.2,0.9999999999999999,2.0,0.9216017310213245,3.05,0.9494043170253827,2.88,0.9723821856645821
full,NB,Normal,5,minmax,proposed,0.0,0.8539316501572934,0.0,0.9052116356304493,0.0,0.938826684621968,0.0,0.9366900573871955
full,NB,Normal,5,rank,relevance_only,3.2,0.9999999999999999,2.0,0.9216017310213245,4.25,0.9494043170253827,2.88,0.9723821856645821
full,NB,Normal,5,rank,hard_filter,1.6,0.8687949224876581,1.8,0.914856882358379,1.55,0.945051411928014,1.42,0.9420794089529916
full,NB,Normal,5,rank,proportional,0.0,0.8539316501572934,0.0,0.9052116356304493,0.15,0.938826684621968,0.76,0.951939078602512
full,NB,Normal,5,rank,MMR,1.4,0.9999999999999999,1.7,0.9216017310213245,2.35,0.8791441344180998,2.9,0.9057934432035243
full,NB,Normal,5,rank,FAIR_prefix,3.2,0.9999999999999999,2.0,0.9216017310213245,3.05,0.9494043170253827,2.88,0.9723821856645821
full,NB,Normal,5,rank,proposed,0.0,0.8539316501572934,0.0,0.9052116356304493,0.0,0.938826684621968,0.0,0.9366900573871955
dense,NB,Normal,6,minmax,relevance_only,7.6,0.9999999999999999,8.1,1.0,8.75,0.9297398173927169,9.84,0.8398625674490964
dense,NB,Normal,6,minmax,hard_filter,7.6,0.9999999999999999,8.1,1.0,8.75,0.9297398173927169,9.84,0.8398625674490964
dense,NB,Normal,6,minmax,proportional,4.8,0.9999999999999999,4.7,0.8553475075669357,4.95,0.8376985032172235,6.04,0.8497819187120264
dense,NB,Normal,6,minmax,MMR,8.6,0.9999999999999999,8.8,0.933745776545611,9.9,0.8145338944563201,8.86,0.8257340877570362
dense,NB,Normal,6,minmax,FAIR_prefix,7.6,0.9999999999999999,8.1,1.0,8.75,0.9297398173927169,9.84,0.8398625674490964
dense,NB,Normal,6,minmax,proposed,4.2,0.8687949224876581,4.1,0.8414929602590189,4.4,0.8207769146278681,4.36,0.8438478434189628
dense,NB,Normal,6,rank,relevance_only,7.6,0.9999999999999999,8.1,1.0,8.75,0.9297398173927169,9.84,0.8398625674490964
dense,NB,Normal,6,rank,hard_filter,7.6,0.9999999999999999,8.1,1.0,8.75,0.9297398173927169,9.84,0.8398625674490964
dense,NB,Normal,6,rank,proportional,4.2,0.8687949224876581,5.1,0.8512360941594274,5.65,0.8369041686939367,7.42,0.8211324554822705
dense,NB,Normal,6,rank,MMR,5.6,0.9999999999999999,9.0,0.8572048559638626,9.4,0.7945605711096433,8.82,0.8443262382443826
dense,NB,Normal,6,rank,FAIR_prefix,7.6,0.9999999999999999,8.1,1.0,8.75,0.9297398173927169,9.84,0.8398625674490964
dense,NB,Normal,6,rank,proposed,4.2,0.8687949224876581,4.1,0.8414929602590189,4.5,0.8217273770057739,4.38,0.8304167424977862
full,NB,Normal,6,minmax,relevance_only,1.6,0.8687949224876581,2.9,0.914856882358379,2.55,0.945051411928014,2.66,0.9416693480399331
full,NB,Normal,6,minmax,hard_filter,1.6,0.8687949224876581,1.8,0.914856882358379,1.55,0.945051411928014,1.2,0.9255512062840109
full,NB,Normal,6,minmax,proportional,0.0,0.8539316501572934,0.0,0.9052116356304493,0.0,0.938826684621968,0.34,0.9359791546981634
full,NB,Normal,6,minmax,MMR,1.6,0.7860137352654724,3.1,0.7254521107352793,2.75,0.7855090063135085,2.8,0.8529169038533546
full,NB,Normal,6,minmax,FAIR_prefix,1.6,0.8687949224876581,2.9,0.914856882358379,2.55,0.945051411928014,2.66,0.9416693480399331
full,NB,Normal,6,minmax,proposed,0.0,0.8539316501572934,0.0,0.9052116356304493,0.0,0.938826684621968,0.0,0.9356417874324908
full,NB,Normal,6,rank,relevance_only,1.6,0.8687949224876581,2.9,0.914856882358379,2.55,0.945051411928014,2.66,0.9416693480399331
full,NB,Normal,6,rank,hard_filter,1.6,0.8687949224876581,1.8,0.914856882358379,1.55,0.945051411928014,1.2,0.9255512062840109
full,NB,Normal,6,rank,proportional,0.0,0.8539316501572934,0.0,0.9052116356304493,0.0,0.938826684621968,0.64,0.9366094554079755
full,NB,Normal,6,rank,MMR,2.2,0.7860137352654724,1.4,0.7917063341896682,3.55,0.790833143041063,3.16,0.8709424696512843
full,NB,Normal,6,rank,FAIR_prefix,1.6,0.8687949224876581,2.9,0.914856882358379,2.55,0.945051411928014,2.66,0.9416693480399331
full,NB,Normal,6,rank,proposed,0.0,0.8539316501572934,0.0,0.9052116356304493,0.0,0.938826684621968,0.0,0.9356417874324908
dense,NB,Normal,7,minmax,relevance_only,8.8,0.9999999999999999,7.8,1.0,9.2,0.9652498273011313,9.84,0.8791550964061595
dense,NB,Normal,7,minmax,hard_filter,8.8,0.9999999999999999,7.8,1.0,9.2,0.9652498273011313,9.84,0.8791550964061595
dense,NB,Normal,7,minmax,proportional,4.2,0.9999999999999999,4.9,1.0,5.3,0.8576213815513433,5.92,0.8608025126814864
dense,NB,Normal,7,minmax,MMR,9.4,0.6843515475204854,10.9,0.7951657524814092,10.6,0.767853230390374,8.76,0.7873343532231447
dense,NB,Normal,7,minmax,FAIR_prefix,8.8,0.9999999999999999,7.8,1.0,9.2,0.9652498273011313,9.84,0.8791550964061595
dense,NB,Normal,7,minmax,proposed,4.0,0.9999999999999999,4.0,0.8701249883466594,4.3,0.8410518311338495,4.32,0.8378108890360334
dense,NB,Normal,7,rank,relevance_only,8.8,0.9999999999999999,7.8,1.0,9.2,0.9652498273011313,9.84,0.8791550964061595
dense,NB,Normal,7,rank,hard_filter,8.8,0.9999999999999999,7.8,1.0,9.2,0.9652498273011313,9.84,0.8791550964061595
dense,NB,Normal,7,rank,proportional,4.4,0.9999999999999999,5.6,1.0,5.95,0.8956768451367345,7.38,0.8665958980619168
dense,NB,Normal,7,rank,MMR,7.0,0.8304198973631918,7.8,0.8236998933965709,8.75,0.8466006006123241,8.62,0.8256230087546466
dense,NB,Normal,7,rank,FAIR_prefix,8.8,0.9999999999999999,7.8,1.0,9.2,0.9652498273011313,9.84,0.8791550964061595
dense,NB,Normal,7,rank,proposed,4.0,0.9999999999999999,4.2,0.8701249883466594,4.3,0.8424988687862812,4.36,0.8389212543495277
full,NB,Normal,7,minmax,relevance_only,2.2,0.9999999999999999,2.7,0.933745776545611,2.35,0.9572416874849684,3.08,0.9766602392356607
full,NB,Normal,7,minmax,hard_filter,0.8,0.9999999999999999,1.2,0.9305687780632227,1.3,0.9551913563983281,1.4,0.9617321523287363
full,NB,Normal,7,minmax,proportional,0.0,0.9999999999999999,0.0,0.9216017310213245,0.0,0.9494043170253827,0.42,0.9723821856645821
full,NB,Normal,7,minmax,MMR,3.6,0.9999999999999999,4.3,0.9216017310213245,4.15,0.9120975666589382,4.0,0.9080464092759689
full,NB,Normal,7,minmax,FAIR_prefix,2.2,0.9999999999999999,2.7,0.933745776545611,2.35,0.9572416874849684,3.08,0.9766602392356607
full,NB,Normal,7,minmax,proposed,0.0,0.9999999999999999,0.0,0.9216017310213245,0.0,0.9494043170253827,0.0,0.9723821856645821
full,NB,Normal,7,rank,relevance_only,2.2,0.9999999999999999,2.7,0.933745776545611,2.35,0.9572416874849684,3.08,0.9766602392356607
full,NB,Normal,7,rank,hard_filter,0.8,0.9999999999999999,1.2,0.9305687780632227,1.3,0.9551913563983281,1.4,0.9617321523287363
full,NB,Normal,7,rank,proportional,0.0,0.9999999999999999,0.0,0.9216017310213245,0.0,0.9494043170253827,0.92,0.9723821856645821
full,NB,Normal,7,rank,MMR,1.4,0.9999999999999999,2.3,1.0,3.65,0.9665625086152865,3.34,0.937672100363686
full,NB,Normal,7,rank,FAIR_prefix,2.2,0.9999999999999999,2.7,0.933745776545611,2.35,0.9572416874849684,3.08,0.9766602392356607
full,NB,Normal,7,rank,proposed,0.0,0.9999999999999999,0.0,0.9216017310213245,0.0,0.9494043170253827,0.0,0.9723821856645821
dense,NB,Normal,8,minmax,relevance_only,7.0,0.9999999999999999,8.5,1.0,9.15,0.9321516989432658,9.84,0.8882697885616496
dense,NB,Normal,8,minmax,hard_filter,7.0,0.9999999999999999,8.5,1.0,9.15,0.9321516989432658,9.84,0.8882697885616496
dense,NB,Normal,8,minmax,proportional,4.4,0.8687949224876581,4.8,0.8364586133797036,4.9,0.8621174378050771,6.0,0.8514707639141254
dense,NB,Normal,8,minmax,MMR,7.8,0.8539316501572934,7.8,0.9052116356304493,7.8,0.7189702769622041,8.26,0.7721972048478433
dense,NB,Normal,8,minmax,FAIR_prefix,7.0,0.9999999999999999,8.5,1.0,9.15,0.9321516989432658,9.84,0.8882697885616496
dense,NB,Normal,8,minmax,proposed,4.4,0.8539316501572934,4.2,0.8268133666517739,4.2,0.8206158583809054,4.32,0.8243088104334705
dense,NB,Normal,8,rank,relevance_only,7.0,0.9999999999999999,8.5,1.0,9.15,0.9321516989432658,9.84,0.8882697885616496
dense,NB,Normal,8,rank,hard_filter,7.0,0.9999999999999999,8.5,1.0,9.15,0.9321516989432658,9.84,0.8882697885616496
dense,NB,Normal,8,rank,proportional,4.6,0.8687949224876581,5.5,0.8364586133797036,5.85,0.8944557289533969,7.18,0.8694136043067142
dense,NB,Normal,8,rank,MMR,7.0,0.8539316501572934,9.1,0.8415908474314976,8.2,0.7495904790798588,9.16,0.818060594159073
dense,NB,Normal,8,rank,FAIR_prefix,7.0,0.9999999999999999,8.5,1.0,9.15,0.9321516989432658,9.84,0.8882697885616496
dense,NB,Normal,8,rank,proposed,4.4,0.8539316501572934,4.4,0.8268133666517739,4.2,0.8203827005906169,4.38,0.8246841900412343
full,NB,Normal,8,minmax,relevance_only,2.6,0.8687949224876581,3.3,0.914856882358379,2.7,0.945051411928014,3.36,0.9555344158752455
full,NB,Normal,8,minmax,hard_filter,2.0,0.8539316501572934,1.8,0.9052116356304493,1.35,0.938826684621968,1.42,0.9508075085885417
full,NB,Normal,8,minmax,proportional,0.0,0.8304198973631918,0.0,0.8899541168509599,0.05,0.9289799801831712,0.4,0.9612334964944959
full,NB,Normal,8,minmax,MMR,0.4,0.8304198973631918,2.8,0.8115558478722845,4.15,0.8410775468421096,3.74,0.8534684648894671
full,NB,Normal,8,minmax,FAIR_prefix,2.6,0.8687949224876581,3.3,0.914856882358379,2.7,0.945051411928014,3.36,0.9553368657835494
full,NB,Normal,8,minmax,proposed,0.0,0.8304198973631918,0.0,0.8899541168509599,0.0,0.9289799801831712,0.0,0.9195699444387295
full,NB,Normal,8,rank,relevance_only,2.6,0.8687949224876581,3.3,0.914856882358379,2.7,0.945051411928014,3.36,0.9555344158752455
full,NB,Normal,8,rank,hard_filter,2.0,0.8539316501572934,1.8,0.9052116356304493,1.35,0.938826684621968,1.42,0.9508075085885417
full,NB,Normal,8,rank,proportional,0.0,0.8304198973631918,0.0,0.8899541168509599,0.3,0.9289799801831712,0.82,0.9612334964944959
full,NB,Normal,8,rank,MMR,0.6,0.8687949224876581,3.0,0.914856882358379,2.65,0.9054303448721984,3.76,0.8852714727076534
full,NB,Normal,8,rank,FAIR_prefix,2.6,0.8687949224876581,3.3,0.914856882358379,2.7,0.945051411928014,3.36,0.9553368657835494
full,NB,Normal,8,rank,proposed,0.0,0.8304198973631918,0.0,0.8899541168509599,0.0,0.9289799801831712,0.0,0.9195699444387295
dense,NB,Normal,9,minmax,relevance_only,7.8,0.9999999999999999,7.9,1.0,8.4,0.9297398173927169,9.54,0.9135779784557421
dense,NB,Normal,9,minmax,hard_filter,7.8,0.9999999999999999,7.9,1.0,8.4,0.9297398173927169,9.54,0.9135779784557421
dense,NB,Normal,9,minmax,proportional,3.8,0.8539316501572934,5.1,0.9052116356304493,5.15,0.9040765119230995,5.86,0.8686925695116825
dense,NB,Normal,9,minmax,MMR,8.4,0.9999999999999999,8.0,0.9363792118010483,10.6,0.9225849326245721,9.3,0.8952877548891262
dense,NB,Normal,9,minmax,FAIR_prefix,7.8,0.9999999999999999,7.9,1.0,8.4,0.9297398173927169,9.54,0.9135779784557421
dense,NB,Normal,9,minmax,proposed,4.2,0.8687949224876581,4.2,0.914856882358379,4.25,0.8713673726162159,4.26,0.825365402553626
dense,NB,Normal,9,rank,relevance_only,7.8,0.9999999999999999,7.9,1.0,8.4,0.9297398173927169,9.54,0.9135779784557421
dense,NB,Normal,9,rank,hard_filter,7.8,0.9999999999999999,7.9,1.0,8.4,0.9297398173927169,9.54,0.9135779784557421
dense,NB,Normal,9,rank,proportional,4.2,0.8539316501572934,5.1,0.9052116356304493,5.9,0.9053891932372545,7.26,0.8858476083031743
dense,NB,Normal,9,rank,MMR,8.0,0.9999999999999999,7.8,0.9363792118010483,9.3,0.9266029294647911,8.94,0.9001889338657805
dense,NB,Normal,9,rank,FAIR_prefix,7.8,0.9999999999999999,7.9,1.0,8.4,0.9297398173927169,9.54,0.9135779784557421
dense,NB,Normal,9,rank,proposed,4.2,0.8687949224876581,4.2,0.914856882358379,4.4,0.8713673726162159,4.36,0.8249064560892019
full,NB,Normal,9,minmax,relevance_only,5.6,0.9999999999999999,3.4,0.9216017310213245,2.85,0.9494043170253827,2.92,0.9723821856645821
full,NB,Normal,9,minmax,hard_filter,2.4,0.8539316501572934,2.0,0.9052116356304493,1.15,0.938826684621968,1.3,0.9525715744779808
full,NB,Normal,9,minmax,proportional,0.0,0.8304198973631918,0.0,0.8899541168509599,0.05,0.9289799801831712,0.3,0.946350359710403
full,NB,Normal,9,minmax,MMR,4.6,0.9999999999999999,4.1,0.9305687780632227,4.25,0.9196813464899138,2.36,0.9561578077436932
full,NB,Normal,9,minmax,FAIR_prefix,3.2,0.8687949224876581,3.4,0.914856882358379,2.85,0.945051411928014,2.92,0.9700061385844561
full,NB,Normal,9,minmax,proposed,0.0,0.8304198973631918,0.0,0.8899541168509599,0.0,0.9289799801831712,0.0,0.9312309908643309
full,NB,Normal,9,rank,relevance_only,5.6,0.9999999999999999,3.4,0.9216017310213245,2.85,0.9494043170253827,2.92,0.9723821856645821
full,NB,Normal,9,rank,hard_filter,2.4,0.8539316501572934,2.0,0.9052116356304493,1.15,0.938826684621968,1.3,0.9525715744779808
full,NB,Normal,9,rank,proportional,0.0,0.8304198973631918,0.0,0.8899541168509599,0.15,0.9289799801831712,0.56,0.9466649030019433
full,NB,Normal,9,rank,MMR,3.6,0.9999999999999999,3.7,1.0,3.3,0.9268651891357484,2.56,0.9461966731411551
full,NB,Normal,9,rank,FAIR_prefix,3.2,0.8687949224876581,3.4,0.914856882358379,2.85,0.945051411928014,2.92,0.9700061385844561
full,NB,Normal,9,rank,proposed,0.0,0.8304198973631918,0.0,0.8899541168509599,0.0,0.9289799801831712,0.0,0.9312309908643309
dense,NB,Oily,0,minmax,relevance_only,8.6,0.7860137352654724,9.7,0.8611375561264455,10.05,0.9103827127966565,10.62,0.8342211575261093
dense,NB,Oily,0,minmax,hard_filter,8.6,0.7860137352654724,9.7,0.8611375561264455,10.05,0.9103827127966565,10.62,0.8342211575261093
dense,NB,Oily,0,minmax,proportional,5.0,0.9999999999999999,5.1,1.0,6.0,0.9292557582488418,6.96,0.8526151356064817
dense,NB,Oily,0,minmax,MMR,11.6,0.8304198973631918,9.7,0.8899541168509599,8.25,0.7863907529725154,9.68,0.8248113489668123
dense,NB,Oily,0,minmax,FAIR_prefix,8.6,0.7860137352654724,9.7,0.8611375561264455,10.05,0.9103827127966565,10.62,0.8342211575261093
dense,NB,Oily,0,minmax,proposed,4.0,0.9999999999999999,4.1,0.8643145546088338,4.1,0.8385383958094994,4.28,0.7159396086608503
dense,NB,Oily,0,rank,relevance_only,8.6,0.7860137352654724,9.7,0.8611375561264455,10.05,0.9103827127966565,10.62,0.8342211575261093
dense,NB,Oily,0,rank,hard_filter,8.6,0.7860137352654724,9.7,0.8611375561264455,10.05,0.9103827127966565,10.62,0.8342211575261093
dense,NB,Oily,0,rank,proportional,4.4,0.9999999999999999,5.1,1.0,6.2,0.9671350294324228,7.56,0.8285852489608394
dense,NB,Oily,0,rank,MMR,11.8,0.8304198973631918,11.2,0.8899541168509599,9.85,0.7825992944859814,10.02,0.8384625833954323
dense,NB,Oily,0,rank,FAIR_prefix,8.6,0.7860137352654724,9.7,0.8611375561264455,10.05,0.9103827127966565,10.62,0.8342211575261093
dense,NB,Oily,0,rank,proposed,4.0,0.9999999999999999,4.1,0.8643145546088338,4.1,0.8396162836084377,4.28,0.7162090488555478
full,NB,Oily,0,minmax,relevance_only,3.2,0.9999999999999999,2.2,0.9216017310213245,1.8,0.9494043170253827,3.02,0.9097594528827141
full,NB,Oily,0,minmax,hard_filter,3.2,0.9999999999999999,2.2,0.9216017310213245,1.65,0.9494043170253827,1.42,0.9106805852979841
full,NB,Oily,0,minmax,proportional,0.0,0.8304198973631918,0.0,0.8899541168509599,0.2,0.8591862008099189,0.68,0.9231363402318832
full,NB,Oily,0,minmax,MMR,0.8,0.8539316501572934,0.9,0.9052116356304493,3.5,0.9004420464565851,4.3,0.8869459363958125
full,NB,Oily,0,minmax,FAIR_prefix,3.2,0.9999999999999999,2.2,0.9216017310213245,1.8,0.9494043170253827,3.02,0.9097594528827141
full,NB,Oily,0,minmax,proposed,0.0,0.8304198973631918,0.0,0.8899541168509599,0.0,0.8591862008099189,0.0,0.9231363402318832
full,NB,Oily,0,rank,relevance_only,3.2,0.9999999999999999,2.2,0.9216017310213245,1.8,0.9494043170253827,3.02,0.9097594528827141
full,NB,Oily,0,rank,hard_filter,3.2,0.9999999999999999,2.2,0.9216017310213245,1.65,0.9494043170253827,1.42,0.9106805852979841
full,NB,Oily,0,rank,proportional,0.0,0.8304198973631918,0.0,0.8899541168509599,0.1,0.8591862008099189,0.92,0.9231363402318832
full,NB,Oily,0,rank,MMR,1.6,0.9999999999999999,2.6,0.9363792118010483,2.45,0.9589412206131108,4.2,0.9336710771781265
full,NB,Oily,0,rank,FAIR_prefix,3.2,0.9999999999999999,2.2,0.9216017310213245,1.8,0.9494043170253827,3.02,0.9097594528827141
full,NB,Oily,0,rank,proposed,0.0,0.8304198973631918,0.0,0.8899541168509599,0.0,0.8591862008099189,0.0,0.9231363402318832
dense,NB,Oily,1,minmax,relevance_only,13.0,0.9999999999999999,10.2,1.0,10.05,0.9676617088516801,10.22,0.8902421060520342
dense,NB,Oily,1,minmax,hard_filter,13.0,0.9999999999999999,10.2,1.0,10.05,0.9676617088516801,10.22,0.8902421060520342
dense,NB,Oily,1,minmax,proportional,4.4,0.8687949224876581,5.5,0.914856882358379,5.85,0.876863747844432,6.86,0.8560152673479487
dense,NB,Oily,1,minmax,MMR,6.6,0.8687949224876581,8.9,0.8414929602590189,8.35,0.8593200938847453,8.7,0.831279734498785
dense,NB,Oily,1,minmax,FAIR_prefix,13.0,0.9999999999999999,10.2,1.0,10.05,0.9676617088516801,10.22,0.8902421060520342
dense,NB,Oily,1,minmax,proposed,3.6,0.8539316501572934,4.0,0.835780413693672,4.35,0.826929577173108,4.28,0.755196449171826
dense,NB,Oily,1,rank,relevance_only,13.0,0.9999999999999999,10.2,1.0,10.05,0.9676617088516801,10.22,0.8902421060520342
dense,NB,Oily,1,rank,hard_filter,13.0,0.9999999999999999,10.2,1.0,10.05,0.9676617088516801,10.22,0.8902421060520342
dense,NB,Oily,1,rank,proportional,5.0,0.9999999999999999,5.4,0.9216017310213245,5.85,0.8823158531781944,7.46,0.8593390515127562
dense,NB,Oily,1,rank,MMR,6.6,0.8687949224876581,8.9,0.914856882358379,8.5,0.8703104857740923,9.36,0.8527769659307869
dense,NB,Oily,1,rank,FAIR_prefix,13.0,0.9999999999999999,10.2,1.0,10.05,0.9676617088516801,10.22,0.8902421060520342
dense,NB,Oily,1,rank,proposed,3.6,0.8539316501572934,4.0,0.835780413693672,4.4,0.826929577173108,4.32,0.7677008737168303
full,NB,Oily,1,minmax,relevance_only,2.4,0.8539316501572934,1.2,0.9052116356304493,1.4,0.938826684621968,3.38,0.9494685381845035
full,NB,Oily,1,minmax,hard_filter,2.4,0.8539316501572934,1.2,0.9052116356304493,1.4,0.938826684621968,1.14,0.9492220534081822
full,NB,Oily,1,minmax,proportional,0.0,0.8304198973631918,0.0,0.8899541168509599,0.3,0.8916732298167266,0.5,0.912379358045162
full,NB,Oily,1,minmax,MMR,1.0,0.9999999999999999,3.2,1.0,2.5,0.9303549584852354,3.0,0.899233502853611
full,NB,Oily,1,minmax,FAIR_prefix,2.4,0.8539316501572934,1.2,0.9052116356304493,1.4,0.938826684621968,3.38,0.9494685381845035
full,NB,Oily,1,minmax,proposed,0.0,0.8304198973631918,0.0,0.8899541168509599,0.0,0.8916732298167266,0.0,0.8963958921679106
full,NB,Oily,1,rank,relevance_only,2.4,0.8539316501572934,1.2,0.9052116356304493,1.4,0.938826684621968,3.38,0.9494685381845035
full,NB,Oily,1,rank,hard_filter,2.4,0.8539316501572934,1.2,0.9052116356304493,1.4,0.938826684621968,1.14,0.9492220534081822
full,NB,Oily,1,rank,proportional,0.0,0.8304198973631918,0.0,0.8899541168509599,0.1,0.8916732298167266,0.62,0.9128743412157067
full,NB,Oily,1,rank,MMR,1.4,0.9999999999999999,3.2,1.0,2.8,0.895795410954727,3.48,0.8700978565316432
full,NB,Oily,1,rank,FAIR_prefix,2.4,0.8539316501572934,1.2,0.9052116356304493,1.4,0.938826684621968,3.38,0.9494685381845035
full,NB,Oily,1,rank,proposed,0.0,0.8304198973631918,0.0,0.8899541168509599,0.0,0.8916732298167266,0.0,0.8963958921679106
dense,NB,Oily,2,minmax,relevance_only,6.8,0.9999999999999999,8.3,1.0,9.55,0.9659370277440174,10.42,0.8910532515800474
dense,NB,Oily,2,minmax,hard_filter,6.8,0.9999999999999999,8.3,1.0,9.55,0.9659370277440174,10.42,0.8910532515800474
dense,NB,Oily,2,minmax,proportional,4.2,0.9999999999999999,5.4,1.0,5.85,0.8958395793015838,6.08,0.9120694586282773
dense,NB,Oily,2,minmax,MMR,7.0,0.7227265726449517,7.8,0.8200685179888283,7.85,0.7760693654105846,8.84,0.8030997096668332
dense,NB,Oily,2,minmax,FAIR_prefix,6.8,0.9999999999999999,8.3,1.0,9.55,0.9659370277440174,10.42,0.8910532515800474
dense,NB,Oily,2,minmax,proposed,3.8,0.9999999999999999,4.1,0.8630152897016883,4.35,0.9115945407352252,4.32,0.7615827546053473
dense,NB,Oily,2,rank,relevance_only,6.8,0.9999999999999999,8.3,1.0,9.55,0.9659370277440174,10.42,0.8910532515800474
dense,NB,Oily,2,rank,hard_filter,6.8,0.9999999999999999,8.3,1.0,9.55,0.9659370277440174,10.42,0.8910532515800474
dense,NB,Oily,2,rank,proportional,4.2,0.9999999999999999,5.1,1.0,6.05,0.9275139623766072,7.36,0.8688654827914938
dense,NB,Oily,2,rank,MMR,7.6,0.8539316501572934,9.8,0.8415908474314976,9.65,0.8604611548686343,9.38,0.8341160624094619
dense,NB,Oily,2,rank,FAIR_prefix,6.8,0.9999999999999999,8.3,1.0,9.55,0.9659370277440174,10.42,0.8910532515800474
dense,NB,Oily,2,rank,proposed,3.8,0.9999999999999999,4.3,0.9266360779006398,4.35,0.9142686819567312,4.38,0.7614063489127227
full,NB,Oily,2,minmax,relevance_only,2.4,0.9999999999999999,1.2,0.9266360779006398,1.25,0.9203150289737942,3.24,0.9417296813456025
full,NB,Oily,2,minmax,hard_filter,2.4,0.9999999999999999,1.2,0.9266360779006398,1.15,0.9197883495545369,1.38,0.9270178311846765
full,NB,Oily,2,minmax,proportional,0.0,0.8687949224876581,0.0,0.914856882358379,0.1,0.9077446615615693,0.64,0.9327318487433339
full,NB,Oily,2,minmax,MMR,6.2,0.9999999999999999,4.8,0.9363792118010483,3.6,0.9248782483571284,3.86,0.926887749992125
full,NB,Oily,2,minmax,FAIR_prefix,2.4,0.9999999999999999,1.2,0.9266360779006398,1.25,0.9203150289737942,3.24,0.9417296813456025
full,NB,Oily,2,minmax,proposed,0.0,0.8687949224876581,0.0,0.914856882358379,0.0,0.8754063704132495,0.0,0.8891747403575643
full,NB,Oily,2,rank,relevance_only,2.4,0.9999999999999999,1.2,0.9266360779006398,1.25,0.9203150289737942,3.24,0.9417296813456025
full,NB,Oily,2,rank,hard_filter,2.4,0.9999999999999999,1.2,0.9266360779006398,1.15,0.9197883495545369,1.38,0.9270178311846765
full,NB,Oily,2,rank,proportional,0.0,0.8687949224876581,0.0,0.914856882358379,0.1,0.9077446615615693,0.74,0.932502317124064
full,NB,Oily,2,rank,MMR,6.0,0.9999999999999999,4.8,0.9363792118010483,3.45,0.9241910479142423,3.96,0.9143408904676391
full,NB,Oily,2,rank,FAIR_prefix,2.4,0.9999999999999999,1.2,0.9266360779006398,1.25,0.9203150289737942,3.24,0.9417296813456025
full,NB,Oily,2,rank,proposed,0.0,0.8687949224876581,0.0,0.914856882358379,0.0,0.8754063704132495,0.0,0.8891747403575643
dense,NB,Oily,3,minmax,relevance_only,6.8,0.9999999999999999,8.1,1.0,10.25,0.9603789329441843,9.94,0.8984162540501376
dense,NB,Oily,3,minmax,hard_filter,6.8,0.9999999999999999,8.1,1.0,10.25,0.9603789329441843,9.94,0.8984162540501376
dense,NB,Oily,3,minmax,proportional,5.0,0.9999999999999999,5.1,0.9216017310213245,6.1,0.8797592755106184,6.62,0.831311397276285
dense,NB,Oily,3,minmax,MMR,9.2,0.9999999999999999,10.1,0.933745776545611,9.3,0.8859920787520084,9.44,0.7987432514671106
dense,NB,Oily,3,minmax,FAIR_prefix,6.8,0.9999999999999999,8.1,1.0,10.25,0.9603789329441843,9.94,0.8984162540501376
dense,NB,Oily,3,minmax,proposed,3.8,0.8539316501572934,3.9,0.9052116356304493,4.1,0.7984923459418414,4.22,0.6925469887248644
dense,NB,Oily,3,rank,relevance_only,6.8,0.9999999999999999,8.1,1.0,10.25,0.9603789329441843,9.94,0.8984162540501376
dense,NB,Oily,3,rank,hard_filter,6.8,0.9999999999999999,8.1,1.0,10.25,0.9603789329441843,9.94,0.8984162540501376
dense,NB,Oily,3,rank,proportional,5.0,0.9999999999999999,5.1,0.9266360779006398,6.3,0.8830803379577173,7.52,0.8761647737206746
dense,NB,Oily,3,rank,MMR,9.2,0.9999999999999999,10.1,0.933745776545611,9.2,0.9231787152289858,8.9,0.8091304019032967
dense,NB,Oily,3,rank,FAIR_prefix,6.8,0.9999999999999999,8.1,1.0,10.25,0.9603789329441843,9.94,0.8984162540501376
dense,NB,Oily,3,rank,proposed,3.8,0.8539316501572934,3.9,0.9052116356304493,4.1,0.7973931457054476,4.34,0.7058699462563073
full,NB,Oily,3,minmax,relevance_only,0.8,0.9999999999999999,1.7,1.0,2.05,0.9999999999999999,2.98,0.9687312440650732
full,NB,Oily,3,minmax,hard_filter,0.8,0.9999999999999999,1.8,1.0,1.5,0.9665625086152865,1.2,0.953191104043171
full,NB,Oily,3,minmax,proportional,0.0,0.9999999999999999,0.0,1.0,0.15,0.9626932496335552,0.56,0.9363916610188944
full,NB,Oily,3,minmax,MMR,4.2,0.8304198973631918,3.5,0.8165901947515998,4.1,0.8432486621399025,3.66,0.8832802160549673
full,NB,Oily,3,minmax,FAIR_prefix,0.8,0.9999999999999999,1.7,1.0,2.05,0.9999999999999999,2.98,0.9687312440650732
full,NB,Oily,3,minmax,proposed,0.0,0.9999999999999999,0.0,1.0,0.0,0.9616153618346169,0.0,0.9051692939342795
full,NB,Oily,3,rank,relevance_only,0.8,0.9999999999999999,1.7,1.0,2.05,0.9999999999999999,2.98,0.9687312440650732
full,NB,Oily,3,rank,hard_filter,0.8,0.9999999999999999,1.8,1.0,1.5,0.9665625086152865,1.2,0.953191104043171
full,NB,Oily,3,rank,proportional,0.0,0.9999999999999999,0.0,1.0,0.15,0.9616153618346169,0.76,0.9498600917829209
full,NB,Oily,3,rank,MMR,2.6,0.8304198973631918,4.8,0.8165901947515998,3.8,0.8816333003052854,3.66,0.9056182061207452
full,NB,Oily,3,rank,FAIR_prefix,0.8,0.9999999999999999,1.7,1.0,2.05,0.9999999999999999,2.98,0.9687312440650732
full,NB,Oily,3,rank,proposed,0.0,0.9999999999999999,0.0,1.0,0.0,0.9616153618346169,0.0,0.9051692939342795
dense,NB,Oily,4,minmax,relevance_only,6.4,0.9999999999999999,8.6,1.0,9.65,0.9219942947788013,9.9,0.8861454142949614
dense,NB,Oily,4,minmax,hard_filter,6.4,0.9999999999999999,8.6,1.0,9.65,0.9219942947788013,9.9,0.8861454142949614
dense,NB,Oily,4,minmax,proportional,4.8,0.8304198973631918,5.7,0.8899541168509599,5.95,0.8966416890348514,6.42,0.8413143990130693
dense,NB,Oily,4,minmax,MMR,7.8,0.69921481985085,7.6,0.8048109992093389,8.75,0.8405939007264719,9.54,0.8138986024242341
dense,NB,Oily,4,minmax,FAIR_prefix,6.4,0.9999999999999999,8.6,1.0,9.65,0.9219942947788013,9.9,0.8861454142949614
dense,NB,Oily,4,minmax,proposed,4.0,0.8304198973631918,4.2,0.8263333286520083,4.3,0.8189736995031545,4.26,0.8107488294063092
dense,NB,Oily,4,rank,relevance_only,6.4,0.9999999999999999,8.6,1.0,9.65,0.9219942947788013,9.9,0.8861454142949614
dense,NB,Oily,4,rank,hard_filter,6.4,0.9999999999999999,8.6,1.0,9.65,0.9219942947788013,9.9,0.8861454142949614
dense,NB,Oily,4,rank,proportional,4.8,0.8304198973631918,5.7,0.8899541168509599,6.35,0.9289799801831712,7.54,0.8405184256450784
dense,NB,Oily,4,rank,MMR,7.8,0.69921481985085,8.5,0.8048109992093389,9.1,0.8052182471563343,9.74,0.7851358150938315
dense,NB,Oily,4,rank,FAIR_prefix,6.4,0.9999999999999999,8.6,1.0,9.65,0.9219942947788013,9.9,0.8861454142949614
dense,NB,Oily,4,rank,proposed,4.0,0.8304198973631918,4.2,0.8263333286520083,4.35,0.8191080558414311,4.26,0.8103148306154772
full,NB,Oily,4,minmax,relevance_only,2.4,0.9999999999999999,1.6,1.0,2.15,0.9603789329441843,2.88,0.9495312077431923
full,NB,Oily,4,minmax,hard_filter,2.4,0.9999999999999999,1.6,1.0,1.55,0.9603789329441843,1.1,0.9480849747395932
full,NB,Oily,4,minmax,proportional,0.0,0.9999999999999999,0.0,0.9305687780632227,0.5,0.9551913563983281,0.58,0.9323301151476906
full,NB,Oily,4,minmax,MMR,4.8,0.8539316501572934,4.4,0.9052116356304493,4.25,0.9015199342555233,3.54,0.9288580451667053
full,NB,Oily,4,minmax,FAIR_prefix,2.4,0.9999999999999999,1.6,1.0,2.15,0.9603789329441843,2.88,0.9494174138195132
full,NB,Oily,4,minmax,proposed,0.0,0.9999999999999999,0.0,0.9305687780632227,0.0,0.9551913563983281,0.0,0.9304270944617267
full,NB,Oily,4,rank,relevance_only,2.4,0.9999999999999999,1.6,1.0,2.15,0.9603789329441843,2.88,0.9495312077431923
full,NB,Oily,4,rank,hard_filter,2.4,0.9999999999999999,1.6,1.0,1.55,0.9603789329441843,1.1,0.9480849747395932
full,NB,Oily,4,rank,proportional,0.0,0.9999999999999999,0.0,0.9305687780632227,0.2,0.9551913563983281,0.7,0.932234299137962
full,NB,Oily,4,rank,MMR,4.8,0.8539316501572934,3.8,0.9052116356304493,3.8,0.938826684621968,3.66,0.9184617176451155
full,NB,Oily,4,rank,FAIR_prefix,2.4,0.9999999999999999,1.6,1.0,2.15,0.9603789329441843,2.88,0.9494174138195132
full,NB,Oily,4,rank,proposed,0.0,0.9999999999999999,0.0,0.9305687780632227,0.0,0.9551913563983281,0.0,0.9304270944617267
dense,NB,Oily,5,minmax,relevance_only,7.6,0.9999999999999999,8.2,0.9363792118010483,10.65,0.9234312107046965,10.06,0.9249884411063588
dense,NB,Oily,5,minmax,hard_filter,7.6,0.9999999999999999,8.2,0.9363792118010483,10.65,0.9234312107046965,10.06,0.9249884411063588
dense,NB,Oily,5,minmax,proportional,4.4,0.8539316501572934,5.0,0.9052116356304493,5.7,0.866009924347109,6.14,0.8813906726589751
dense,NB,Oily,5,minmax,MMR,7.8,0.9999999999999999,9.1,0.9363792118010483,9.1,0.9260762500455338,9.14,0.8658170576286456
dense,NB,Oily,5,minmax,FAIR_prefix,7.6,0.9999999999999999,8.2,0.9363792118010483,10.65,0.9234312107046965,10.06,0.9249884411063588
dense,NB,Oily,5,minmax,proposed,3.8,0.8539316501572934,4.4,0.9052116356304493,4.1,0.9033166747135537,4.18,0.8418237355928644
dense,NB,Oily,5,rank,relevance_only,7.6,0.9999999999999999,8.2,0.9363792118010483,10.65,0.9234312107046965,10.06,0.9249884411063588
dense,NB,Oily,5,rank,hard_filter,7.6,0.9999999999999999,8.2,0.9363792118010483,10.65,0.9234312107046965,10.06,0.9249884411063588
dense,NB,Oily,5,rank,proportional,4.4,0.8539316501572934,5.0,0.9052116356304493,6.3,0.8651636462669846,7.1,0.8826074026792391
dense,NB,Oily,5,rank,MMR,7.8,0.9999999999999999,10.3,0.933745776545611,10.0,0.8908404240806661,9.06,0.8828783394973208
dense,NB,Oily,5,rank,FAIR_prefix,7.6,0.9999999999999999,8.2,0.9363792118010483,10.65,0.9234312107046965,10.06,0.9249884411063588
dense,NB,Oily,5,rank,proposed,3.8,0.8539316501572934,4.4,0.9052116356304493,4.25,0.9040765119230995,4.28,0.8412232088978518
full,NB,Oily,5,minmax,relevance_only,3.2,0.9999999999999999,1.6,0.9216017310213245,1.25,0.9165393464578057,2.7,0.9407051426726646
full,NB,Oily,5,minmax,hard_filter,3.2,0.9999999999999999,1.6,0.9216017310213245,1.1,0.9165393464578057,1.46,0.9407051426726646
full,NB,Oily,5,minmax,proportional,0.0,0.8304198973631918,0.0,0.8899541168509599,0.0,0.8934699702747569,0.64,0.9277324222779884
full,NB,Oily,5,minmax,MMR,3.6,0.9999999999999999,5.0,0.9363792118010483,3.45,0.8881969788619527,3.86,0.9389719656224731
full,NB,Oily,5,minmax,FAIR_prefix,3.2,0.9999999999999999,1.6,0.9216017310213245,1.25,0.9165393464578057,2.7,0.9407051426726646
full,NB,Oily,5,minmax,proposed,0.0,0.8304198973631918,0.0,0.8899541168509599,0.0,0.8934699702747569,0.0,0.9123217629391719
full,NB,Oily,5,rank,relevance_only,3.2,0.9999999999999999,1.6,0.9216017310213245,1.25,0.9165393464578057,2.7,0.9407051426726646
full,NB,Oily,5,rank,hard_filter,3.2,0.9999999999999999,1.6,0.9216017310213245,1.1,0.9165393464578057,1.46,0.9407051426726646
full,NB,Oily,5,rank,proportional,0.0,0.8304198973631918,0.0,0.8899541168509599,0.0,0.8934699702747569,0.74,0.9280413375740348
full,NB,Oily,5,rank,MMR,2.0,0.9999999999999999,4.1,0.9266360779006398,3.1,0.9142686819567312,4.1,0.9230148693324152
full,NB,Oily,5,rank,FAIR_prefix,3.2,0.9999999999999999,1.6,0.9216017310213245,1.25,0.9165393464578057,2.7,0.9407051426726646
full,NB,Oily,5,rank,proposed,0.0,0.8304198973631918,0.0,0.8899541168509599,0.0,0.8934699702747569,0.0,0.9123217629391719
dense,NB,Oily,6,minmax,relevance_only,9.0,0.8687949224876581,9.4,0.914856882358379,10.5,0.945051411928014,10.6,0.9110738561503487
dense,NB,Oily,6,minmax,hard_filter,9.0,0.8687949224876581,9.4,0.914856882358379,10.5,0.945051411928014,10.6,0.9110738561503487
dense,NB,Oily,6,minmax,proportional,5.0,0.9999999999999999,5.2,0.933745776545611,6.35,0.921731677576554,6.26,0.8841637260319071
dense,NB,Oily,6,minmax,MMR,8.6,0.9999999999999999,11.7,1.0,10.95,0.9313054208631413,9.8,0.8261637782060652
dense,NB,Oily,6,minmax,FAIR_prefix,9.0,0.8687949224876581,9.4,0.914856882358379,10.5,0.945051411928014,10.6,0.9110738561503487
dense,NB,Oily,6,minmax,proposed,4.0,0.8687949224876581,3.9,0.84860265890399,4.4,0.9022930994129825,4.38,0.7631947248175698
dense,NB,Oily,6,rank,relevance_only,9.0,0.8687949224876581,9.4,0.914856882358379,10.5,0.945051411928014,10.6,0.9110738561503487
dense,NB,Oily,6,rank,hard_filter,9.0,0.8687949224876581,9.4,0.914856882358379,10.5,0.945051411928014,10.6,0.9110738561503487
dense,NB,Oily,6,rank,proportional,5.0,0.9999999999999999,5.1,0.9266360779006398,6.05,0.9203150289737942,7.5,0.8807329105882631
dense,NB,Oily,6,rank,MMR,8.6,0.9999999999999999,11.6,1.0,10.95,0.9269414415594709,10.18,0.8671658359472162
dense,NB,Oily,6,rank,FAIR_prefix,9.0,0.8687949224876581,9.4,0.914856882358379,10.5,0.945051411928014,10.6,0.9110738561503487
dense,NB,Oily,6,rank,proposed,4.0,0.8687949224876581,4.2,0.84860265890399,4.45,0.9022930994129825,4.38,0.7637433311205925
full,NB,Oily,6,minmax,relevance_only,1.8,0.9999999999999999,3.1,0.9216017310213245,2.35,0.9159668256406694,3.1,0.9381703008297241
full,NB,Oily,6,minmax,hard_filter,0.8,0.8687949224876581,2.0,0.914856882358379,1.15,0.9095414020195997,1.34,0.9506228868317039
full,NB,Oily,6,minmax,proportional,0.0,0.8539316501572934,0.0,0.8415908474314976,0.25,0.897767905235079,0.78,0.9299946233825901
full,NB,Oily,6,minmax,MMR,5.2,0.9999999999999999,6.1,1.0,3.7,0.9676617088516801,4.34,0.8908048359851451
full,NB,Oily,6,minmax,FAIR_prefix,1.8,0.9999999999999999,3.1,0.9216017310213245,2.35,0.9159668256406694,3.1,0.9381703008297241
full,NB,Oily,6,minmax,proposed,0.0,0.8539316501572934,0.0,0.8415908474314976,0.0,0.897767905235079,0.0,0.914156880695907
full,NB,Oily,6,rank,relevance_only,1.8,0.9999999999999999,3.1,0.9216017310213245,2.35,0.9159668256406694,3.1,0.9381703008297241
full,NB,Oily,6,rank,hard_filter,0.8,0.8687949224876581,2.0,0.914856882358379,1.15,0.9095414020195997,1.34,0.9506228868317039
full,NB,Oily,6,rank,proportional,0.0,0.8539316501572934,0.0,0.8415908474314976,0.05,0.897767905235079,0.78,0.9299078188053088
full,NB,Oily,6,rank,MMR,3.2,0.9999999999999999,4.0,1.0,2.8,0.9999999999999999,4.36,0.9390484432767535
full,NB,Oily,6,rank,FAIR_prefix,1.8,0.9999999999999999,3.1,0.9216017310213245,2.35,0.9159668256406694,3.1,0.9381703008297241
full,NB,Oily,6,rank,proposed,0.0,0.8539316501572934,0.0,0.8415908474314976,0.0,0.897767905235079,0.0,0.914156880695907
dense,NB,Oily,7,minmax,relevance_only,5.6,0.9999999999999999,10.1,0.9305687780632227,10.4,0.9228530652500083,9.72,0.88454635231541
dense,NB,Oily,7,minmax,hard_filter,5.6,0.9999999999999999,10.1,0.9305687780632227,10.4,0.9228530652500083,9.72,0.88454635231541
dense,NB,Oily,7,minmax,proportional,4.4,0.9999999999999999,5.1,0.9216017310213245,5.65,0.9120975666589382,6.56,0.8883343251570653
dense,NB,Oily,7,minmax,MMR,7.0,0.9999999999999999,9.1,0.9266360779006398,8.75,0.8513675276806666,9.12,0.8296105484272368
dense,NB,Oily,7,minmax,FAIR_prefix,5.6,0.9999999999999999,10.1,0.9305687780632227,10.4,0.9228530652500083,9.72,0.88454635231541
dense,NB,Oily,7,minmax,proposed,3.8,0.8687949224876581,3.9,0.8414929602590189,4.1,0.8603979816836836,4.46,0.7722745476561611
dense,NB,Oily,7,rank,relevance_only,5.6,0.9999999999999999,10.1,0.9305687780632227,10.4,0.9228530652500083,9.72,0.88454635231541
dense,NB,Oily,7,rank,hard_filter,5.6,0.9999999999999999,10.1,0.9305687780632227,10.4,0.9228530652500083,9.72,0.88454635231541
dense,NB,Oily,7,rank,proportional,4.4,0.9999999999999999,5.1,0.9216017310213245,5.8,0.9097832499695672,7.28,0.8453030306143656
dense,NB,Oily,7,rank,MMR,8.2,0.8687949224876581,8.6,0.914856882358379,7.9,0.8389315166067183,9.42,0.8399670433920138
dense,NB,Oily,7,rank,FAIR_prefix,5.6,0.9999999999999999,10.1,0.9305687780632227,10.4,0.9228530652500083,9.72,0.88454635231541
dense,NB,Oily,7,rank,proposed,3.8,0.8687949224876581,4.1,0.8414929602590189,4.2,0.8613484440615895,4.52,0.7732726626494635
full,NB,Oily,7,minmax,relevance_only,2.4,0.9999999999999999,2.3,0.9363792118010483,2.05,0.9241910479142423,3.0,0.9445826656717219
full,NB,Oily,7,minmax,hard_filter,2.4,0.9999999999999999,1.6,0.933745776545611,1.3,0.9199349371185237,1.1,0.9562962309941838
full,NB,Oily,7,minmax,proportional,0.0,0.9999999999999999,0.0,0.8579809428223729,0.0,0.9083455376384938,0.56,0.9363017154405875
full,NB,Oily,7,minmax,MMR,5.0,0.639945385422766,3.9,0.7663491917568948,4.3,0.7810217333350425,3.8,0.8486119965640532
full,NB,Oily,7,minmax,FAIR_prefix,2.4,0.9999999999999999,2.3,0.9363792118010483,2.05,0.9241910479142423,3.0,0.9445826656717219
full,NB,Oily,7,minmax,proposed,0.0,0.9999999999999999,0.0,0.8579809428223729,0.0,0.9083455376384938,0.0,0.9207322541655821
full,NB,Oily,7,rank,relevance_only,2.4,0.9999999999999999,2.3,0.9363792118010483,2.05,0.9241910479142423,3.0,0.9445826656717219
full,NB,Oily,7,rank,hard_filter,2.4,0.9999999999999999,1.6,0.933745776545611,1.3,0.9199349371185237,1.1,0.9562962309941838
full,NB,Oily,7,rank,proportional,0.0,0.9999999999999999,0.0,0.8579809428223729,0.0,0.9083455376384938,0.78,0.9499701204590415
full,NB,Oily,7,rank,MMR,4.8,0.7860137352654724,3.1,0.7975167679274938,3.0,0.8693239334097674,3.96,0.85550636378774
full,NB,Oily,7,rank,FAIR_prefix,2.4,0.9999999999999999,2.3,0.9363792118010483,2.05,0.9241910479142423,3.0,0.9445826656717219
full,NB,Oily,7,rank,proposed,0.0,0.9999999999999999,0.0,0.8579809428223729,0.0,0.9083455376384938,0.0,0.9207322541655821
dense,NB,Oily,8,minmax,relevance_only,7.8,0.9999999999999999,8.4,0.9363792118010483,9.2,0.9260762500455338,9.6,0.8851384409829078
dense,NB,Oily,8,minmax,hard_filter,7.8,0.9999999999999999,8.4,0.9363792118010483,9.2,0.9260762500455338,9.6,0.8851384409829078
dense,NB,Oily,8,minmax,proportional,4.4,0.8539316501572934,5.5,0.9052116356304493,5.9,0.938826684621968,6.6,0.8756448137222277
dense,NB,Oily,8,minmax,MMR,7.0,0.9999999999999999,8.7,0.9216017310213245,7.7,0.8815560159686486,9.52,0.8603297049438331
dense,NB,Oily,8,minmax,FAIR_prefix,7.8,0.9999999999999999,8.4,0.9363792118010483,9.2,0.9260762500455338,9.6,0.8851384409829078
dense,NB,Oily,8,minmax,proposed,3.8,0.8539316501572934,4.3,0.9052116356304493,4.1,0.8674569619995409,4.28,0.777985198556008
dense,NB,Oily,8,rank,relevance_only,7.8,0.9999999999999999,8.4,0.9363792118010483,9.2,0.9260762500455338,9.6,0.8851384409829078
dense,NB,Oily,8,rank,hard_filter,7.8,0.9999999999999999,8.4,0.9363792118010483,9.2,0.9260762500455338,9.6,0.8851384409829078
dense,NB,Oily,8,rank,proportional,5.0,0.9999999999999999,5.5,0.9216017310213245,6.3,0.9494043170253827,7.78,0.8689131911166289
dense,NB,Oily,8,rank,MMR,8.2,0.8687949224876581,8.5,0.914856882358379,8.1,0.9103012392291454,9.88,0.8745098133591125
dense,NB,Oily,8,rank,FAIR_prefix,7.8,0.9999999999999999,8.4,0.9363792118010483,9.2,0.9260762500455338,9.6,0.8851384409829078
dense,NB,Oily,8,rank,proposed,3.8,0.8539316501572934,4.3,0.9052116356304493,4.45,0.8674569619995409,4.28,0.7765245203473382
full,NB,Oily,8,minmax,relevance_only,2.4,0.9999999999999999,1.6,1.0,2.1,0.9603789329441843,2.5,0.9614624330395145
full,NB,Oily,8,minmax,hard_filter,2.4,0.9999999999999999,1.6,1.0,2.15,0.9603789329441843,1.34,0.9191771567480919
full,NB,Oily,8,minmax,proportional,0.0,0.9999999999999999,0.0,0.9305687780632227,0.0,0.9178846060318835,0.66,0.9392171273506197
full,NB,Oily,8,minmax,MMR,1.0,0.9999999999999999,1.3,0.933745776545611,2.1,0.9199349371185237,3.34,0.9268312594801079
full,NB,Oily,8,minmax,FAIR_prefix,2.4,0.9999999999999999,1.6,1.0,2.1,0.9603789329441843,2.5,0.9614624330395145
full,NB,Oily,8,minmax,proposed,0.0,0.9999999999999999,0.0,0.9305687780632227,0.0,0.9178846060318835,0.0,0.9382667696553233
full,NB,Oily,8,rank,relevance_only,2.4,0.9999999999999999,1.6,1.0,2.1,0.9603789329441843,2.5,0.9614624330395145
full,NB,Oily,8,rank,hard_filter,2.4,0.9999999999999999,1.6,1.0,2.15,0.9603789329441843,1.34,0.9191771567480919
full,NB,Oily,8,rank,proportional,0.0,0.9999999999999999,0.0,0.9305687780632227,0.0,0.9178846060318835,0.92,0.9395270846098329
full,NB,Oily,8,rank,MMR,1.0,0.9999999999999999,1.0,0.9305687780632227,2.3,0.8457002575455379,3.92,0.8589740103323937
full,NB,Oily,8,rank,FAIR_prefix,2.4,0.9999999999999999,1.6,1.0,2.1,0.9603789329441843,2.5,0.9614624330395145
full,NB,Oily,8,rank,proposed,0.0,0.9999999999999999,0.0,0.9305687780632227,0.0,0.9178846060318835,0.0,0.9382667696553233
dense,NB,Oily,9,minmax,relevance_only,10.0,0.9999999999999999,10.2,1.0,9.5,0.9256287602453157,10.46,0.8842695278162985
dense,NB,Oily,9,minmax,hard_filter,10.0,0.9999999999999999,10.2,1.0,9.5,0.9256287602453157,10.46,0.8842695278162985
dense,NB,Oily,9,minmax,proportional,4.4,0.8687949224876581,5.4,0.914856882358379,6.4,0.9127131207796942,6.94,0.829286562799017
dense,NB,Oily,9,minmax,MMR,8.6,0.9999999999999999,11.2,1.0,10.6,0.8918215824613647,10.0,0.8662675652821665
dense,NB,Oily,9,minmax,FAIR_prefix,10.0,0.9999999999999999,10.2,1.0,9.5,0.9256287602453157,10.46,0.8842695278162985
dense,NB,Oily,9,minmax,proposed,3.8,0.8539316501572934,4.2,0.8415908474314976,4.15,0.7924641159534125,4.26,0.7515368851860063
dense,NB,Oily,9,rank,relevance_only,10.0,0.9999999999999999,10.2,1.0,9.5,0.9256287602453157,10.46,0.8842695278162985
dense,NB,Oily,9,rank,hard_filter,10.0,0.9999999999999999,10.2,1.0,9.5,0.9256287602453157,10.46,0.8842695278162985
dense,NB,Oily,9,rank,proportional,4.4,0.8539316501572934,5.4,0.9052116356304493,6.6,0.938826684621968,7.38,0.8133875994009601
dense,NB,Oily,9,rank,MMR,7.2,0.9999999999999999,10.0,0.9305687780632227,9.1,0.8850196354643064,10.26,0.8460041348743055
dense,NB,Oily,9,rank,FAIR_prefix,10.0,0.9999999999999999,10.2,1.0,9.5,0.9256287602453157,10.46,0.8842695278162985
dense,NB,Oily,9,rank,proposed,3.8,0.8539316501572934,4.3,0.9052116356304493,4.15,0.7925891469703308,4.26,0.7508301056324816
full,NB,Oily,9,minmax,relevance_only,2.4,0.8304198973631918,1.9,0.8899541168509599,1.65,0.8942298074843027,2.98,0.9422650042971965
full,NB,Oily,9,minmax,hard_filter,2.4,0.8304198973631918,2.0,0.8899541168509599,1.25,0.8934699702747569,1.4,0.9275617773491747
full,NB,Oily,9,minmax,proportional,0.0,0.6608397947263838,0.0,0.7162874455029681,0.25,0.8169011809794535,0.74,0.886246020615742
full,NB,Oily,9,minmax,MMR,1.0,0.9999999999999999,3.4,1.0,3.8,0.963643712011461,4.48,0.9181064215642327
full,NB,Oily,9,minmax,FAIR_prefix,2.4,0.8304198973631918,1.9,0.8899541168509599,1.65,0.8942298074843027,2.98,0.9422650042971965
full,NB,Oily,9,minmax,proposed,0.0,0.6608397947263838,0.0,0.7162874455029681,0.0,0.8169011809794535,0.0,0.8703977670037156
full,NB,Oily,9,rank,relevance_only,2.4,0.8304198973631918,1.9,0.8899541168509599,1.65,0.8942298074843027,2.98,0.9422650042971965
full,NB,Oily,9,rank,hard_filter,2.4,0.8304198973631918,2.0,0.8899541168509599,1.25,0.8934699702747569,1.4,0.9275617773491747
full,NB,Oily,9,rank,proportional,0.0,0.6608397947263838,0.0,0.7162874455029681,0.15,0.8169011809794535,0.66,0.8861724698437607
full,NB,Oily,9,rank,MMR,1.8,0.9999999999999999,4.0,1.0,4.15,0.9303549584852354,4.9,0.9307852837778899
full,NB,Oily,9,rank,FAIR_prefix,2.4,0.8304198973631918,1.9,0.8899541168509599,1.65,0.8942298074843027,2.98,0.9422650042971965
full,NB,Oily,9,rank,proposed,0.0,0.6608397947263838,0.0,0.7162874455029681,0.0,0.8169011809794535,0.0,0.8703977670037156
dense,NB,Sensitive,0,minmax,relevance_only,8.8,0.8687949224876581,9.0,0.914856882358379,9.6,0.8391663101219351,10.52,0.8089712010309775
dense,NB,Sensitive,0,minmax,hard_filter,8.8,0.8687949224876581,9.0,0.914856882358379,9.6,0.8391663101219351,10.52,0.8089712010309775
dense,NB,Sensitive,0,minmax,proportional,5.4,0.8539316501572934,6.3,0.8389574121760602,6.45,0.8632034015393595,7.26,0.8178444726399208
dense,NB,Sensitive,0,minmax,MMR,6.0,0.8304198973631918,7.7,0.8115558478722845,9.05,0.8055675369336952,9.2,0.6796384759797712
dense,NB,Sensitive,0,minmax,FAIR_prefix,8.8,0.8687949224876581,9.0,0.914856882358379,9.6,0.8391663101219351,10.52,0.8089712010309775
dense,NB,Sensitive,0,minmax,proposed,4.4,0.8687949224876581,4.2,0.914856882358379,4.1,0.8719166010637626,4.24,0.763912207760419
dense,NB,Sensitive,0,rank,relevance_only,8.8,0.8687949224876581,9.0,0.914856882358379,9.6,0.8391663101219351,10.52,0.8089712010309775
dense,NB,Sensitive,0,rank,hard_filter,8.8,0.8687949224876581,9.0,0.914856882358379,9.6,0.8391663101219351,10.52,0.8089712010309775
dense,NB,Sensitive,0,rank,proportional,4.8,0.8687949224876581,4.6,0.8364586133797036,5.7,0.8248827467890002,7.22,0.7865960329435636
dense,NB,Sensitive,0,rank,MMR,6.0,0.8539316501572934,7.6,0.7631925784528222,10.2,0.7064985205534874,9.02,0.6912857217419964
dense,NB,Sensitive,0,rank,FAIR_prefix,8.8,0.8687949224876581,9.0,0.914856882358379,9.6,0.8391663101219351,10.52,0.8089712010309775
dense,NB,Sensitive,0,rank,proposed,4.4,0.8539316501572934,4.2,0.9052116356304493,4.2,0.8305110384292939,4.36,0.7723859929450287
full,NB,Sensitive,0,minmax,relevance_only,0.0,0.7860137352654724,1.5,0.8611375561264455,1.3,0.8740264248081178,1.64,0.8594540731173455
full,NB,Sensitive,0,minmax,hard_filter,0.0,0.7860137352654724,0.8,0.8611375561264455,0.65,0.8730759624302118,0.64,0.858166759505997
full,NB,Sensitive,0,minmax,proportional,0.0,0.7860137352654724,0.2,0.8611375561264455,0.25,0.8748727028882421,0.6,0.8722657057055059
full,NB,Sensitive,0,minmax,MMR,0.2,0.69921481985085,0.8,0.5867945846769145,2.15,0.663757734579254,3.06,0.6918323728561212
full,NB,Sensitive,0,minmax,FAIR_prefix,0.0,0.7860137352654724,1.5,0.8611375561264455,1.3,0.8740264248081178,1.64,0.8594540731173455
full,NB,Sensitive,0,minmax,proposed,0.0,0.7860137352654724,0.0,0.8611375561264455,0.0,0.9103827127966565,0.0,0.9050894150866138
full,NB,Sensitive,0,rank,relevance_only,0.0,0.7860137352654724,1.5,0.8611375561264455,1.3,0.8740264248081178,1.64,0.8594540731173455
full,NB,Sensitive,0,rank,hard_filter,0.0,0.7860137352654724,0.8,0.8611375561264455,0.65,0.8730759624302118,0.64,0.858166759505997
full,NB,Sensitive,0,rank,proportional,0.0,0.7860137352654724,0.0,0.8611375561264455,0.05,0.8769452214119431,0.4,0.8727045012381204
full,NB,Sensitive,0,rank,MMR,0.2,0.69921481985085,0.8,0.5836175861945261,1.95,0.6624672407021597,3.6,0.6595301528977021
full,NB,Sensitive,0,rank,FAIR_prefix,0.0,0.7860137352654724,1.5,0.8611375561264455,1.3,0.8740264248081178,1.64,0.8594540731173455
full,NB,Sensitive,0,rank,proposed,0.0,0.7860137352654724,0.0,0.8611375561264455,0.0,0.9103827127966565,0.0,0.9050894150866138
dense,NB,Sensitive,1,minmax,relevance_only,8.0,0.9999999999999999,9.3,1.0,11.05,0.9318123359164179,10.34,0.8151611522023756
dense,NB,Sensitive,1,minmax,hard_filter,8.0,0.9999999999999999,9.3,1.0,11.05,0.9318123359164179,10.34,0.8151611522023756
dense,NB,Sensitive,1,minmax,proportional,6.0,0.9999999999999999,6.1,1.0,5.85,0.8963907876812647,6.22,0.8276470807973636
dense,NB,Sensitive,1,minmax,MMR,12.0,0.9999999999999999,10.2,1.0,9.75,0.8586048882855067,9.16,0.7424490840399942
dense,NB,Sensitive,1,minmax,FAIR_prefix,8.0,0.9999999999999999,9.3,1.0,11.05,0.9318123359164179,10.34,0.8151611522023756
dense,NB,Sensitive,1,minmax,proposed,4.2,0.9999999999999999,3.9,1.0,4.2,0.8907338914294198,4.28,0.777911408709696
dense,NB,Sensitive,1,rank,relevance_only,8.0,0.9999999999999999,9.3,1.0,11.05,0.9318123359164179,10.34,0.8151611522023756
dense,NB,Sensitive,1,rank,hard_filter,8.0,0.9999999999999999,9.3,1.0,11.05,0.9318123359164179,10.34,0.8151611522023756
dense,NB,Sensitive,1,rank,proportional,5.0,0.9999999999999999,5.5,1.0,5.65,0.8969895264508896,6.74,0.8115316113700322
dense,NB,Sensitive,1,rank,MMR,12.8,0.9999999999999999,11.5,0.9305687780632227,9.55,0.8827437459769627,8.96,0.7090194134168173
dense,NB,Sensitive,1,rank,FAIR_prefix,8.0,0.9999999999999999,9.3,1.0,11.05,0.9318123359164179,10.34,0.8151611522023756
dense,NB,Sensitive,1,rank,proposed,4.2,0.9999999999999999,3.9,1.0,4.2,0.8907338914294198,4.28,0.7764589287201803
full,NB,Sensitive,1,minmax,relevance_only,0.0,0.6608397947263838,1.5,0.7799082337019198,1.35,0.8579599603663426,1.9,0.8942299944779853
full,NB,Sensitive,1,minmax,hard_filter,0.0,0.6608397947263838,0.0,0.7799082337019198,0.3,0.8579599603663426,0.66,0.8653633434801441
full,NB,Sensitive,1,minmax,proportional,0.0,0.6608397947263838,0.0,0.7799082337019198,0.1,0.8579599603663426,0.46,0.8785501485716888
full,NB,Sensitive,1,minmax,MMR,0.6,0.6608397947263838,0.8,0.6371130896657824,2.2,0.6196112675820046,3.86,0.7108475504557715
full,NB,Sensitive,1,minmax,FAIR_prefix,0.0,0.6608397947263838,1.5,0.7799082337019198,1.35,0.8579599603663426,1.9,0.8942299944779853
full,NB,Sensitive,1,minmax,proposed,0.0,0.6608397947263838,0.0,0.7799082337019198,0.0,0.8579599603663426,0.0,0.8927587287715022
full,NB,Sensitive,1,rank,relevance_only,0.0,0.6608397947263838,1.5,0.7799082337019198,1.35,0.8579599603663426,1.9,0.8942299944779853
full,NB,Sensitive,1,rank,hard_filter,0.0,0.6608397947263838,0.0,0.7799082337019198,0.3,0.8579599603663426,0.66,0.8653633434801441
full,NB,Sensitive,1,rank,proportional,0.0,0.6608397947263838,0.0,0.7799082337019198,0.0,0.8579599603663426,0.32,0.8782364806061139
full,NB,Sensitive,1,rank,MMR,0.2,0.6608397947263838,0.5,0.6500332220485792,1.75,0.6654980476917562,3.74,0.7421267808805051
full,NB,Sensitive,1,rank,FAIR_prefix,0.0,0.6608397947263838,1.5,0.7799082337019198,1.35,0.8579599603663426,1.9,0.8942299944779853
full,NB,Sensitive,1,rank,proposed,0.0,0.6608397947263838,0.0,0.7799082337019198,0.0,0.8579599603663426,0.0,0.8927587287715022
dense,NB,Sensitive,2,minmax,relevance_only,9.8,0.9999999999999999,8.6,1.0,8.75,0.8946962107183333,9.5,0.8213249816382447
dense,NB,Sensitive,2,minmax,hard_filter,9.8,0.9999999999999999,8.6,1.0,8.75,0.8946962107183333,9.5,0.8213249816382447
dense,NB,Sensitive,2,minmax,proportional,5.4,0.9999999999999999,6.2,1.0,5.9,0.8960285687450155,6.32,0.835508187206837
dense,NB,Sensitive,2,minmax,MMR,7.2,0.9999999999999999,8.2,0.933745776545611,8.35,0.7778526249611444,8.72,0.6988512526066113
dense,NB,Sensitive,2,minmax,FAIR_prefix,9.8,0.9999999999999999,8.6,1.0,8.75,0.8946962107183333,9.5,0.8213249816382447
dense,NB,Sensitive,2,minmax,proposed,4.0,0.9999999999999999,3.9,0.8643145546088338,4.1,0.9124330438832967,4.28,0.81627695078295
dense,NB,Sensitive,2,rank,relevance_only,9.8,0.9999999999999999,8.6,1.0,8.75,0.8946962107183333,9.5,0.8213249816382447
dense,NB,Sensitive,2,rank,hard_filter,9.8,0.9999999999999999,8.6,1.0,8.75,0.8946962107183333,9.5,0.8213249816382447
dense,NB,Sensitive,2,rank,proportional,4.2,0.9999999999999999,5.0,1.0,5.45,0.8207085023373538,6.88,0.8132428883909592
dense,NB,Sensitive,2,rank,MMR,4.4,0.8687949224876581,7.8,0.8364586133797036,8.45,0.8207716896415989,8.54,0.7062361112175608
dense,NB,Sensitive,2,rank,FAIR_prefix,9.8,0.9999999999999999,8.6,1.0,8.75,0.8946962107183333,9.5,0.8213249816382447
dense,NB,Sensitive,2,rank,proposed,4.0,0.9999999999999999,3.9,0.8643145546088338,4.2,0.9124330438832967,4.3,0.8024473337059621
full,NB,Sensitive,2,minmax,relevance_only,1.4,0.6608397947263838,0.8,0.7015099647232445,1.2,0.7744993068241484,1.74,0.8171393817123181
full,NB,Sensitive,2,minmax,hard_filter,0.2,0.529634717214042,0.3,0.6947651160602988,0.25,0.7695738809096432,0.5,0.8120870159076237
full,NB,Sensitive,2,minmax,proportional,0.0,0.6608397947263838,0.1,0.7104770117651424,0.15,0.7790883445086884,0.48,0.8189804949218386
full,NB,Sensitive,2,minmax,MMR,0.0,0.49125969208957565,1.1,0.5181001594748442,1.55,0.6208099136134291,3.12,0.634753497675237
full,NB,Sensitive,2,minmax,FAIR_prefix,1.4,0.6608397947263838,0.8,0.7015099647232445,1.2,0.7744993068241484,1.74,0.8171393817123181
full,NB,Sensitive,2,minmax,proposed,0.0,0.6608397947263838,0.0,0.7799082337019198,0.0,0.8224499504579282,0.0,0.8592518955160309
full,NB,Sensitive,2,rank,relevance_only,1.4,0.6608397947263838,0.8,0.7015099647232445,1.2,0.7744993068241484,1.74,0.8171393817123181
full,NB,Sensitive,2,rank,hard_filter,0.2,0.529634717214042,0.3,0.6947651160602988,0.25,0.7695738809096432,0.5,0.8120870159076237
full,NB,Sensitive,2,rank,proportional,0.0,0.6608397947263838,0.0,0.7799082337019198,0.05,0.7868534996789353,0.28,0.823779084517375
full,NB,Sensitive,2,rank,MMR,2.6,0.49125969208957565,1.5,0.45184593602045525,1.8,0.539359532651138,2.5,0.6832434244580077
full,NB,Sensitive,2,rank,FAIR_prefix,1.4,0.6608397947263838,0.8,0.7015099647232445,1.2,0.7744993068241484,1.74,0.8171393817123181
full,NB,Sensitive,2,rank,proposed,0.0,0.6608397947263838,0.0,0.7799082337019198,0.0,0.8224499504579282,0.0,0.8592518955160309
dense,NB,Sensitive,3,minmax,relevance_only,7.8,0.9999999999999999,7.8,1.0,7.8,0.963643712011461,9.26,0.8875104964872573
dense,NB,Sensitive,3,minmax,hard_filter,7.8,0.9999999999999999,7.8,1.0,7.8,0.963643712011461,9.26,0.8875104964872573
dense,NB,Sensitive,3,minmax,proportional,5.0,0.9999999999999999,5.5,0.9363792118010483,6.05,0.8878347599257035,6.38,0.8641358783183938
dense,NB,Sensitive,3,minmax,MMR,7.6,0.9999999999999999,7.5,0.9216017310213245,7.75,0.8791441344180998,9.12,0.7676456139169243
dense,NB,Sensitive,3,minmax,FAIR_prefix,7.8,0.9999999999999999,7.8,1.0,7.8,0.963643712011461,9.26,0.8875104964872573
dense,NB,Sensitive,3,minmax,proposed,3.6,0.9999999999999999,3.9,0.8521705090845473,3.95,0.8662110352583281,4.3,0.7596082947757037
dense,NB,Sensitive,3,rank,relevance_only,7.8,0.9999999999999999,7.8,1.0,7.8,0.963643712011461,9.26,0.8875104964872573
dense,NB,Sensitive,3,rank,hard_filter,7.8,0.9999999999999999,7.8,1.0,7.8,0.963643712011461,9.26,0.8875104964872573
dense,NB,Sensitive,3,rank,proportional,3.6,0.9999999999999999,4.3,0.8603818544462509,5.1,0.8409475063139548,6.8,0.8551679101395289
dense,NB,Sensitive,3,rank,MMR,7.4,0.8539316501572934,7.3,0.9052116356304493,8.35,0.8649320365481707,8.82,0.7620730685088707
dense,NB,Sensitive,3,rank,FAIR_prefix,7.8,0.9999999999999999,7.8,1.0,7.8,0.963643712011461,9.26,0.8875104964872573
dense,NB,Sensitive,3,rank,proposed,3.6,0.9999999999999999,3.9,0.8603818544462509,3.95,0.8715103694416998,4.3,0.7623941077875028
full,NB,Sensitive,3,minmax,relevance_only,1.4,0.8539316501572934,0.7,0.9052116356304493,1.35,0.9033166747135537,1.98,0.9472250996506666
full,NB,Sensitive,3,minmax,hard_filter,0.0,0.8304198973631918,0.0,0.8899541168509599,0.4,0.8916732298167266,0.7,0.8988221413445843
full,NB,Sensitive,3,minmax,proportional,0.0,0.8304198973631918,0.0,0.8899541168509599,0.45,0.8949170079271888,0.54,0.9002491572684029
full,NB,Sensitive,3,minmax,MMR,2.6,0.8539316501572934,1.6,0.6911279212606076,1.85,0.7343615835783572,2.56,0.734322968504882
full,NB,Sensitive,3,minmax,FAIR_prefix,1.4,0.8304198973631918,0.7,0.8899541168509599,1.35,0.8934699702747569,1.98,0.9418502447417437
full,NB,Sensitive,3,minmax,proposed,0.0,0.8304198973631918,0.0,0.8899541168509599,0.0,0.9289799801831712,0.0,0.917586614914779
full,NB,Sensitive,3,rank,relevance_only,1.4,0.8539316501572934,0.7,0.9052116356304493,1.35,0.9033166747135537,1.98,0.9472250996506666
full,NB,Sensitive,3,rank,hard_filter,0.0,0.8304198973631918,0.0,0.8899541168509599,0.4,0.8916732298167266,0.7,0.8988221413445843
full,NB,Sensitive,3,rank,proportional,0.0,0.8304198973631918,0.0,0.8899541168509599,0.1,0.8955424887984578,0.32,0.8863487562061773
full,NB,Sensitive,3,rank,MMR,0.8,0.8539316501572934,0.7,0.7019727018777485,1.45,0.7046524392930514,2.44,0.7035990814462659
full,NB,Sensitive,3,rank,FAIR_prefix,1.4,0.8304198973631918,0.7,0.8899541168509599,1.35,0.8934699702747569,1.98,0.9418502447417437
full,NB,Sensitive,3,rank,proposed,0.0,0.8304198973631918,0.0,0.8899541168509599,0.0,0.9289799801831712,0.0,0.917586614914779
dense,NB,Sensitive,4,minmax,relevance_only,7.4,0.9999999999999999,7.8,1.0,8.7,0.8628544948445395,9.2,0.8351210056162901
dense,NB,Sensitive,4,minmax,hard_filter,7.4,0.9999999999999999,7.8,1.0,8.7,0.8628544948445395,9.2,0.8351210056162901
dense,NB,Sensitive,4,minmax,proportional,5.6,0.9999999999999999,5.6,0.9305687780632227,6.1,0.8815073170865301,6.52,0.8150012826823324
dense,NB,Sensitive,4,minmax,MMR,5.2,0.9999999999999999,6.4,0.9363792118010483,7.35,0.8183502394345679,8.1,0.7181452829843353
dense,NB,Sensitive,4,minmax,FAIR_prefix,7.4,0.9999999999999999,7.8,1.0,8.7,0.8628544948445395,9.2,0.8351210056162901
dense,NB,Sensitive,4,minmax,proposed,4.0,0.8539316501572934,4.0,0.8318477135310891,4.25,0.8586150341765053,4.3,0.7909724196144764
dense,NB,Sensitive,4,rank,relevance_only,7.4,0.9999999999999999,7.8,1.0,8.7,0.8628544948445395,9.2,0.8351210056162901
dense,NB,Sensitive,4,rank,hard_filter,7.4,0.9999999999999999,7.8,1.0,8.7,0.8628544948445395,9.2,0.8351210056162901
dense,NB,Sensitive,4,rank,proportional,4.2,0.8687949224876581,4.9,0.8364586133797036,5.25,0.8589457190449825,6.98,0.8161063388099035
dense,NB,Sensitive,4,rank,MMR,7.4,0.9999999999999999,7.6,0.9305687780632227,7.1,0.8121255375067854,8.46,0.7413485861576847
dense,NB,Sensitive,4,rank,FAIR_prefix,7.4,0.9999999999999999,7.8,1.0,8.7,0.8628544948445395,9.2,0.8351210056162901
dense,NB,Sensitive,4,rank,proposed,4.0,0.8539316501572934,4.0,0.8318477135310891,4.25,0.8586150341765053,4.3,0.7906409037476806
full,NB,Sensitive,4,minmax,relevance_only,1.4,0.9999999999999999,0.7,0.9216017310213245,0.7,0.9146541443265142,1.98,0.9384167627595107
full,NB,Sensitive,4,minmax,hard_filter,0.0,0.8687949224876581,0.2,0.914856882358379,0.35,0.9095414020195997,0.48,0.9066261552216452
full,NB,Sensitive,4,minmax,proportional,0.0,0.8687949224876581,0.0,0.914856882358379,0.35,0.945051411928014,0.46,0.9089397815716974
full,NB,Sensitive,4,minmax,MMR,0.4,0.8539316501572934,0.3,0.8389574121760602,1.25,0.8242020742099834,3.1,0.7172349717848048
full,NB,Sensitive,4,minmax,FAIR_prefix,1.4,0.9999999999999999,0.7,0.9216017310213245,0.7,0.9146541443265142,1.98,0.9384167627595107
full,NB,Sensitive,4,minmax,proposed,0.0,0.8687949224876581,0.0,0.914856882358379,0.0,0.945051411928014,0.0,0.9254376213615145
full,NB,Sensitive,4,rank,relevance_only,1.4,0.9999999999999999,0.7,0.9216017310213245,0.7,0.9146541443265142,1.98,0.9384167627595107
full,NB,Sensitive,4,rank,hard_filter,0.0,0.8687949224876581,0.2,0.914856882358379,0.35,0.9095414020195997,0.48,0.9066261552216452
full,NB,Sensitive,4,rank,proportional,0.0,0.8687949224876581,0.0,0.914856882358379,0.0,0.945051411928014,0.24,0.9078064110916059
full,NB,Sensitive,4,rank,MMR,0.4,0.8304198973631918,0.3,0.8263333286520083,1.25,0.7787271515760698,2.98,0.7233058926264134
full,NB,Sensitive,4,rank,FAIR_prefix,1.4,0.9999999999999999,0.7,0.9216017310213245,0.7,0.9146541443265142,1.98,0.9384167627595107
full,NB,Sensitive,4,rank,proposed,0.0,0.8687949224876581,0.0,0.914856882358379,0.0,0.945051411928014,0.0,0.9254376213615145
dense,NB,Sensitive,5,minmax,relevance_only,8.2,0.9999999999999999,7.7,0.9216017310213245,9.45,0.9494043170253827,9.8,0.8358014476171706
dense,NB,Sensitive,5,minmax,hard_filter,8.2,0.9999999999999999,7.7,0.9216017310213245,9.45,0.9494043170253827,9.8,0.8358014476171706
dense,NB,Sensitive,5,minmax,proportional,5.6,0.9999999999999999,6.7,0.9266360779006398,5.9,0.8490654202408343,6.6,0.8255933656550722
dense,NB,Sensitive,5,minmax,MMR,5.6,0.9999999999999999,9.0,0.9266360779006398,8.05,0.8459437892191102,8.52,0.7180886105660521
dense,NB,Sensitive,5,minmax,FAIR_prefix,8.2,0.9999999999999999,7.7,0.9216017310213245,9.45,0.9494043170253827,9.8,0.8358014476171706
dense,NB,Sensitive,5,minmax,proposed,4.4,0.9999999999999999,4.3,0.9216017310213245,4.15,0.843909902575356,4.34,0.7483025138829484
dense,NB,Sensitive,5,rank,relevance_only,8.2,0.9999999999999999,7.7,0.9216017310213245,9.45,0.9494043170253827,9.8,0.8358014476171706
dense,NB,Sensitive,5,rank,hard_filter,8.2,0.9999999999999999,7.7,0.9216017310213245,9.45,0.9494043170253827,9.8,0.8358014476171706
dense,NB,Sensitive,5,rank,proportional,4.8,0.9999999999999999,5.5,0.8603818544462509,6.05,0.8441192250740494,7.24,0.7954329315631998
dense,NB,Sensitive,5,rank,MMR,10.0,0.6843515475204854,9.4,0.7951657524814092,9.25,0.7282321633345584,9.12,0.704545240186696
dense,NB,Sensitive,5,rank,FAIR_prefix,8.2,0.9999999999999999,7.7,0.9216017310213245,9.45,0.9494043170253827,9.8,0.8358014476171706
dense,NB,Sensitive,5,rank,proposed,4.4,0.9999999999999999,4.3,0.9216017310213245,4.2,0.8115716114270363,4.34,0.747148089771961
full,NB,Sensitive,5,minmax,relevance_only,1.4,0.6608397947263838,1.5,0.7799082337019198,2.0,0.8224499504579282,1.4,0.828008230753133
full,NB,Sensitive,5,minmax,hard_filter,0.0,0.6608397947263838,0.0,0.7799082337019198,0.25,0.8195753222009596,0.42,0.8389881341541546
full,NB,Sensitive,5,minmax,proportional,0.0,0.6608397947263838,0.0,0.7799082337019198,0.4,0.8579599603663426,0.58,0.8309863210591507
full,NB,Sensitive,5,minmax,MMR,1.4,0.529634717214042,2.3,0.6214011939609387,3.25,0.6526542188673605,2.96,0.6562502606107702
full,NB,Sensitive,5,minmax,FAIR_prefix,1.4,0.6608397947263838,1.5,0.7799082337019198,2.0,0.8224499504579282,1.4,0.828008230753133
full,NB,Sensitive,5,minmax,proposed,0.0,0.6608397947263838,0.0,0.7799082337019198,0.0,0.8250949897987655,0.0,0.889753520370239
full,NB,Sensitive,5,rank,relevance_only,1.4,0.6608397947263838,1.5,0.7799082337019198,2.0,0.8224499504579282,1.4,0.828008230753133
full,NB,Sensitive,5,rank,hard_filter,0.0,0.6608397947263838,0.0,0.7799082337019198,0.25,0.8195753222009596,0.42,0.8389881341541546
full,NB,Sensitive,5,rank,proportional,0.0,0.6608397947263838,0.0,0.7799082337019198,0.05,0.8256216692180228,0.28,0.8311022582955422
full,NB,Sensitive,5,rank,MMR,0.2,0.6608397947263838,0.9,0.7065443116025597,1.6,0.6743035580851526,3.4,0.7146555081163621
full,NB,Sensitive,5,rank,FAIR_prefix,1.4,0.6608397947263838,1.5,0.7799082337019198,2.0,0.8224499504579282,1.4,0.828008230753133
full,NB,Sensitive,5,rank,proposed,0.0,0.6608397947263838,0.0,0.7799082337019198,0.0,0.8250949897987655,0.0,0.889753520370239
dense,NB,Sensitive,6,minmax,relevance_only,9.4,0.9999999999999999,8.6,0.9266360779006398,9.1,0.8519400484978029,9.0,0.7860129866573041
dense,NB,Sensitive,6,minmax,hard_filter,9.4,0.9999999999999999,8.6,0.9266360779006398,9.1,0.8519400484978029,9.0,0.7860129866573041
dense,NB,Sensitive,6,minmax,proportional,6.0,0.9999999999999999,5.7,0.9266360779006398,6.05,0.8857253772985546,6.42,0.8030232793997824
dense,NB,Sensitive,6,minmax,MMR,6.0,0.9999999999999999,9.1,0.7885497208855956,8.1,0.7609384202812194,8.7,0.7041966528571385
dense,NB,Sensitive,6,minmax,FAIR_prefix,9.4,0.9999999999999999,8.6,0.9266360779006398,9.1,0.8519400484978029,9.0,0.7860129866573041
dense,NB,Sensitive,6,minmax,proposed,4.0,0.9999999999999999,4.2,1.0,4.05,0.8937670607778829,4.34,0.7772430149978145
dense,NB,Sensitive,6,rank,relevance_only,9.4,0.9999999999999999,8.6,0.9266360779006398,9.1,0.8519400484978029,9.0,0.7860129866573041
dense,NB,Sensitive,6,rank,hard_filter,9.4,0.9999999999999999,8.6,0.9266360779006398,9.1,0.8519400484978029,9.0,0.7860129866573041
dense,NB,Sensitive,6,rank,proportional,4.4,0.9999999999999999,5.2,0.9305687780632227,5.65,0.8541387217471691,6.78,0.8010898326928244
dense,NB,Sensitive,6,rank,MMR,6.8,0.8539316501572934,7.4,0.7655934900767002,7.65,0.737234327276282,8.64,0.6895879325543031
dense,NB,Sensitive,6,rank,FAIR_prefix,9.4,0.9999999999999999,8.6,0.9266360779006398,9.1,0.8519400484978029,9.0,0.7860129866573041
dense,NB,Sensitive,6,rank,proposed,4.0,0.9999999999999999,4.2,1.0,4.2,0.9252590738460782,4.38,0.7774857667444441
full,NB,Sensitive,6,minmax,relevance_only,1.4,0.6608397947263838,1.1,0.7799082337019198,1.25,0.8579599603663426,1.7,0.880286969606088
full,NB,Sensitive,6,minmax,hard_filter,0.0,0.6608397947263838,0.4,0.7799082337019198,0.4,0.8579599603663426,0.7,0.864968467841175
full,NB,Sensitive,6,minmax,proportional,0.0,0.6608397947263838,0.0,0.7799082337019198,0.3,0.8579599603663426,0.54,0.8649146836971513
full,NB,Sensitive,6,minmax,MMR,1.4,0.6608397947263838,1.2,0.6371130896657824,2.8,0.6251309351798104,3.32,0.6597058990964705
full,NB,Sensitive,6,minmax,FAIR_prefix,1.4,0.6608397947263838,1.1,0.7799082337019198,1.25,0.8579599603663426,1.7,0.880286969606088
full,NB,Sensitive,6,minmax,proposed,0.0,0.6608397947263838,0.0,0.7799082337019198,0.0,0.8579599603663426,0.0,0.878859861776921
full,NB,Sensitive,6,rank,relevance_only,1.4,0.6608397947263838,1.1,0.7799082337019198,1.25,0.8579599603663426,1.7,0.880286969606088
full,NB,Sensitive,6,rank,hard_filter,0.0,0.6608397947263838,0.4,0.7799082337019198,0.4,0.8579599603663426,0.7,0.864968467841175
full,NB,Sensitive,6,rank,proportional,0.0,0.6608397947263838,0.0,0.7799082337019198,0.0,0.8579599603663426,0.38,0.8506856176479698
full,NB,Sensitive,6,rank,MMR,0.2,0.6608397947263838,1.6,0.5708588662113935,2.7,0.6499877659312245,3.16,0.688611699963185
full,NB,Sensitive,6,rank,FAIR_prefix,1.4,0.6608397947263838,1.1,0.7799082337019198,1.25,0.8579599603663426,1.7,0.880286969606088
full,NB,Sensitive,6,rank,proposed,0.0,0.6608397947263838,0.0,0.7799082337019198,0.0,0.8579599603663426,0.0,0.878859861776921
dense,NB,Sensitive,7,minmax,relevance_only,9.2,0.9999999999999999,7.8,1.0,8.25,0.9644899900915855,9.56,0.8617121114028966
dense,NB,Sensitive,7,minmax,hard_filter,9.2,0.9999999999999999,7.8,1.0,8.25,0.9644899900915855,9.56,0.8617121114028966
dense,NB,Sensitive,7,minmax,proportional,6.2,0.9999999999999999,5.9,1.0,6.65,0.9330720571764404,6.1,0.816788974861129
dense,NB,Sensitive,7,minmax,MMR,6.4,0.8687949224876581,5.9,0.84860265890399,8.35,0.763173877185833,8.44,0.737544849882597
dense,NB,Sensitive,7,minmax,FAIR_prefix,9.2,0.9999999999999999,7.8,1.0,8.25,0.9644899900915855,9.56,0.8617121114028966
dense,NB,Sensitive,7,minmax,proposed,4.4,0.9999999999999999,4.3,0.933745776545611,4.05,0.9188570493195856,4.26,0.7736696452447358
dense,NB,Sensitive,7,rank,relevance_only,9.2,0.9999999999999999,7.8,1.0,8.25,0.9644899900915855,9.56,0.8617121114028966
dense,NB,Sensitive,7,rank,hard_filter,9.2,0.9999999999999999,7.8,1.0,8.25,0.9644899900915855,9.56,0.8617121114028966
dense,NB,Sensitive,7,rank,proportional,4.4,0.9999999999999999,5.5,1.0,5.85,0.9275523895786345,6.92,0.8404745146225217
dense,NB,Sensitive,7,rank,MMR,5.8,0.8687949224876581,7.8,0.8414929602590189,7.9,0.7914717928280112,8.56,0.7348198245809752
dense,NB,Sensitive,7,rank,FAIR_prefix,9.2,0.9999999999999999,7.8,1.0,8.25,0.9644899900915855,9.56,0.8617121114028966
dense,NB,Sensitive,7,rank,proposed,4.4,0.9999999999999999,4.3,0.933745776545611,4.15,0.8859920787520084,4.26,0.773068151590394
full,NB,Sensitive,7,minmax,relevance_only,1.4,0.6608397947263838,0.7,0.7799082337019198,1.45,0.8579599603663426,1.58,0.8643812903220154
full,NB,Sensitive,7,minmax,hard_filter,0.0,0.6608397947263838,0.0,0.7799082337019198,0.6,0.8579599603663426,0.68,0.8483836075090669
full,NB,Sensitive,7,minmax,proportional,0.0,0.6608397947263838,0.0,0.7799082337019198,0.45,0.8579599603663426,0.54,0.8638446563236692
full,NB,Sensitive,7,minmax,MMR,0.0,0.6608397947263838,1.5,0.6402900881481708,1.55,0.6650974165805842,2.04,0.742328764665683
full,NB,Sensitive,7,minmax,FAIR_prefix,1.4,0.6608397947263838,0.7,0.7799082337019198,1.45,0.8579599603663426,1.58,0.8643812903220154
full,NB,Sensitive,7,minmax,proposed,0.0,0.6608397947263838,0.0,0.7799082337019198,0.0,0.8579599603663426,0.0,0.8637176607218644
full,NB,Sensitive,7,rank,relevance_only,1.4,0.6608397947263838,0.7,0.7799082337019198,1.45,0.8579599603663426,1.58,0.8643812903220154
full,NB,Sensitive,7,rank,hard_filter,0.0,0.6608397947263838,0.0,0.7799082337019198,0.6,0.8579599603663426,0.68,0.8483836075090669
full,NB,Sensitive,7,rank,proportional,0.0,0.6608397947263838,0.0,0.7799082337019198,0.0,0.8579599603663426,0.4,0.8492968387095237
full,NB,Sensitive,7,rank,MMR,0.0,0.6608397947263838,0.3,0.6402900881481708,1.2,0.6563676030206566,1.74,0.7485521177802612
full,NB,Sensitive,7,rank,FAIR_prefix,1.4,0.6608397947263838,0.7,0.7799082337019198,1.45,0.8579599603663426,1.58,0.8643812903220154
full,NB,Sensitive,7,rank,proposed,0.0,0.6608397947263838,0.0,0.7799082337019198,0.0,0.8579599603663426,0.0,0.8637176607218644
dense,NB,Sensitive,8,minmax,relevance_only,9.4,0.9999999999999999,8.2,0.8521705090845473,7.9,0.8019369234828817,9.72,0.8048532197319865
dense,NB,Sensitive,8,minmax,hard_filter,9.4,0.9999999999999999,8.2,0.8521705090845473,7.9,0.8019369234828817,9.72,0.8048532197319865
dense,NB,Sensitive,8,minmax,proportional,6.0,0.9999999999999999,6.4,0.9216017310213245,6.05,0.8445799882536703,6.44,0.7941234170530865
dense,NB,Sensitive,8,minmax,MMR,7.0,0.9999999999999999,8.6,0.7909506325094736,8.1,0.761961210830551,9.3,0.7200899361727773
dense,NB,Sensitive,8,minmax,FAIR_prefix,9.4,0.9999999999999999,8.2,0.8521705090845473,7.9,0.8019369234828817,9.72,0.8048532197319865
dense,NB,Sensitive,8,minmax,proposed,4.0,0.9999999999999999,4.1,0.9216017310213245,4.0,0.8369664896947083,4.3,0.7479778568426115
dense,NB,Sensitive,8,rank,relevance_only,9.4,0.9999999999999999,8.2,0.8521705090845473,7.9,0.8019369234828817,9.72,0.8048532197319865
dense,NB,Sensitive,8,rank,hard_filter,9.4,0.9999999999999999,8.2,0.8521705090845473,7.9,0.8019369234828817,9.72,0.8048532197319865
dense,NB,Sensitive,8,rank,proportional,4.4,0.9999999999999999,4.9,0.8572048559638626,5.85,0.8409167336968828,7.04,0.8053847453233417
dense,NB,Sensitive,8,rank,MMR,6.2,0.9999999999999999,8.0,0.791726719367984,8.3,0.7637747532627575,8.94,0.7236200584578945
dense,NB,Sensitive,8,rank,FAIR_prefix,9.4,0.9999999999999999,8.2,0.8521705090845473,7.9,0.8019369234828817,9.72,0.8048532197319865
dense,NB,Sensitive,8,rank,proposed,4.0,0.9999999999999999,4.1,0.9216017310213245,4.15,0.8369664896947083,4.36,0.734083551717073
full,NB,Sensitive,8,minmax,relevance_only,0.0,0.8304198973631918,0.9,0.8899541168509599,2.15,0.9289799801831712,1.94,0.9041447907690155
full,NB,Sensitive,8,minmax,hard_filter,0.0,0.8304198973631918,0.2,0.8899541168509599,0.4,0.9289799801831712,0.6,0.9174660167199555
full,NB,Sensitive,8,minmax,proportional,0.0,0.8304198973631918,0.0,0.8899541168509599,0.1,0.9289799801831712,0.5,0.9171052188310053
full,NB,Sensitive,8,minmax,MMR,0.8,0.9999999999999999,2.5,0.866947989864271,2.45,0.7436255260138757,2.82,0.7249927077742075
full,NB,Sensitive,8,minmax,FAIR_prefix,0.0,0.8304198973631918,0.9,0.8899541168509599,2.15,0.9289799801831712,1.94,0.9041447907690155
full,NB,Sensitive,8,minmax,proposed,0.0,0.8304198973631918,0.0,0.8899541168509599,0.0,0.9289799801831712,0.0,0.9161404408941305
full,NB,Sensitive,8,rank,relevance_only,0.0,0.8304198973631918,0.9,0.8899541168509599,2.15,0.9289799801831712,1.94,0.9041447907690155
full,NB,Sensitive,8,rank,hard_filter,0.0,0.8304198973631918,0.2,0.8899541168509599,0.4,0.9289799801831712,0.6,0.9174660167199555
full,NB,Sensitive,8,rank,proportional,0.0,0.8304198973631918,0.0,0.8899541168509599,0.0,0.9289799801831712,0.3,0.9166992093781263
full,NB,Sensitive,8,rank,MMR,0.8,0.9999999999999999,1.1,0.8630152897016883,1.8,0.8129537876346147,3.18,0.7876260317197727
full,NB,Sensitive,8,rank,FAIR_prefix,0.0,0.8304198973631918,0.9,0.8899541168509599,2.15,0.9289799801831712,1.94,0.9041447907690155
full,NB,Sensitive,8,rank,proposed,0.0,0.8304198973631918,0.0,0.8899541168509599,0.0,0.9289799801831712,0.0,0.9161404408941305
dense,NB,Sensitive,9,minmax,relevance_only,9.2,0.8687949224876581,8.8,0.914856882358379,7.6,0.8711567638542168,9.76,0.8111452032778776
dense,NB,Sensitive,9,minmax,hard_filter,9.2,0.8687949224876581,8.8,0.914856882358379,7.6,0.8711567638542168,9.76,0.8111452032778776
dense,NB,Sensitive,9,minmax,proportional,5.6,0.8304198973631918,5.2,0.8115558478722845,6.35,0.878384297208554,6.46,0.7381885555371769
dense,NB,Sensitive,9,minmax,MMR,10.2,0.8687949224876581,8.3,0.84860265890399,8.45,0.8015798277886713,9.16,0.6976652689590231
dense,NB,Sensitive,9,minmax,FAIR_prefix,9.2,0.8687949224876581,8.8,0.914856882358379,7.6,0.8711567638542168,9.76,0.8111452032778776
dense,NB,Sensitive,9,minmax,proposed,3.8,0.8687949224876581,4.1,0.914856882358379,4.0,0.871992853487485,4.28,0.7614257814260461
dense,NB,Sensitive,9,rank,relevance_only,9.2,0.8687949224876581,8.8,0.914856882358379,7.6,0.8711567638542168,9.76,0.8111452032778776
dense,NB,Sensitive,9,rank,hard_filter,9.2,0.8687949224876581,8.8,0.914856882358379,7.6,0.8711567638542168,9.76,0.8111452032778776
dense,NB,Sensitive,9,rank,proportional,3.2,0.8304198973631918,4.8,0.8236998933965709,5.95,0.8533566971005626,7.06,0.7695036633965571
dense,NB,Sensitive,9,rank,MMR,7.8,0.8539316501572934,8.6,0.7631925784528222,7.7,0.7808697603081715,8.72,0.702017997160633
dense,NB,Sensitive,9,rank,FAIR_prefix,9.2,0.8687949224876581,8.8,0.914856882358379,7.6,0.8711567638542168,9.76,0.8111452032778776
dense,NB,Sensitive,9,rank,proposed,3.8,0.8539316501572934,4.1,0.9052116356304493,4.1,0.8651426453101699,4.28,0.7571579325803253
full,NB,Sensitive,9,minmax,relevance_only,1.4,0.6608397947263838,0.8,0.7065443116025597,0.75,0.8106132804884567,1.84,0.8665333471112093
full,NB,Sensitive,9,minmax,hard_filter,0.0,0.6608397947263838,0.3,0.7015099647232445,0.6,0.8073642773917254,0.56,0.8645848482059962
full,NB,Sensitive,9,minmax,proportional,0.0,0.6608397947263838,0.1,0.7015099647232445,0.5,0.8073642773917254,0.5,0.8651409144360843
full,NB,Sensitive,9,minmax,MMR,0.2,0.529634717214042,1.6,0.6214011939609387,1.35,0.6446739027382281,3.08,0.6786110120163217
full,NB,Sensitive,9,minmax,FAIR_prefix,1.4,0.6608397947263838,0.8,0.7065443116025597,0.75,0.8106132804884567,1.84,0.8665333471112093
full,NB,Sensitive,9,minmax,proposed,0.0,0.6608397947263838,0.0,0.7799082337019198,0.0,0.8579599603663426,0.0,0.8650460837135285
full,NB,Sensitive,9,rank,relevance_only,1.4,0.6608397947263838,0.8,0.7065443116025597,0.75,0.8106132804884567,1.84,0.8665333471112093
full,NB,Sensitive,9,rank,hard_filter,0.0,0.6608397947263838,0.3,0.7015099647232445,0.6,0.8073642773917254,0.56,0.8645848482059962
full,NB,Sensitive,9,rank,proportional,0.0,0.6608397947263838,0.0,0.7799082337019198,0.05,0.8224499504579282,0.24,0.8591531447141846
full,NB,Sensitive,9,rank,MMR,0.0,0.6608397947263838,0.7,0.6402900881481708,1.55,0.6284882064357762,2.64,0.7071057030104068
full,NB,Sensitive,9,rank,FAIR_prefix,1.4,0.6608397947263838,0.8,0.7065443116025597,0.75,0.8106132804884567,1.84,0.8665333471112093
full,NB,Sensitive,9,rank,proposed,0.0,0.6608397947263838,0.0,0.7799082337019198,0.0,0.8579599603663426,0.0,0.8650460837135285
dense,LogReg,Combination,0,minmax,relevance_only,9.8,0.8687949224876581,10.2,0.914856882358379,9.45,0.945051411928014,9.1,0.9411267499369937
dense,LogReg,Combination,0,minmax,hard_filter,9.8,0.8687949224876581,10.2,0.914856882358379,9.45,0.945051411928014,9.1,0.9411267499369937
dense,LogReg,Combination,0,minmax,proportional,4.8,0.9999999999999999,5.2,1.0,5.5,0.9999999999999999,7.18,0.9373142193409348
dense,LogReg,Combination,0,minmax,MMR,8.4,0.8539316501572934,7.4,0.9052116356304493,8.5,0.938826684621968,9.12,0.8613659613735343
dense,LogReg,Combination,0,minmax,FAIR_prefix,9.8,0.8687949224876581,10.2,0.914856882358379,9.45,0.945051411928014,9.1,0.9411267499369937
dense,LogReg,Combination,0,minmax,proposed,3.8,0.9999999999999999,4.0,1.0,3.8,0.9626932496335552,4.2,0.8436007132119435
dense,LogReg,Combination,0,rank,relevance_only,9.8,0.8687949224876581,10.2,0.914856882358379,9.45,0.945051411928014,9.1,0.9411267499369937
dense,LogReg,Combination,0,rank,hard_filter,9.8,0.8687949224876581,10.2,0.914856882358379,9.45,0.945051411928014,9.1,0.9411267499369937
dense,LogReg,Combination,0,rank,proportional,4.8,0.9999999999999999,5.5,1.0,5.7,0.9999999999999999,7.3,0.9389398644159436
dense,LogReg,Combination,0,rank,MMR,8.4,0.8539316501572934,7.4,0.9052116356304493,8.7,0.938826684621968,9.12,0.9054070291848216
dense,LogReg,Combination,0,rank,FAIR_prefix,9.8,0.8687949224876581,10.2,0.914856882358379,9.45,0.945051411928014,9.1,0.9411267499369937
dense,LogReg,Combination,0,rank,proposed,4.0,0.9999999999999999,4.0,1.0,3.8,0.9626932496335552,4.16,0.8300958120055502
full,LogReg,Combination,0,minmax,relevance_only,2.4,0.9999999999999999,2.8,1.0,4.0,0.9671350294324228,2.46,0.9679427289131344
full,LogReg,Combination,0,minmax,hard_filter,2.4,0.9999999999999999,2.0,1.0,1.45,0.9999999999999999,1.1,0.9714484581974533
full,LogReg,Combination,0,minmax,proportional,0.0,0.9999999999999999,0.1,1.0,0.1,0.9999999999999999,0.5,0.9828601867810848
full,LogReg,Combination,0,minmax,MMR,1.2,0.7860137352654724,1.8,0.8611375561264455,3.2,0.9103827127966565,3.0,0.8922954491329212
full,LogReg,Combination,0,minmax,FAIR_prefix,2.4,0.9999999999999999,2.8,1.0,3.85,0.9676617088516801,2.46,0.9682302185478256
full,LogReg,Combination,0,minmax,proposed,0.0,0.9999999999999999,0.0,1.0,0.0,0.9676617088516801,0.0,0.9686796359931273
full,LogReg,Combination,0,rank,relevance_only,2.4,0.9999999999999999,2.8,1.0,4.0,0.9671350294324228,2.46,0.9679427289131344
full,LogReg,Combination,0,rank,hard_filter,2.4,0.9999999999999999,2.0,1.0,1.45,0.9999999999999999,1.1,0.9714484581974533
full,LogReg,Combination,0,rank,proportional,0.0,0.9999999999999999,0.1,1.0,0.3,0.9999999999999999,0.64,0.9840400760956514
full,LogReg,Combination,0,rank,MMR,1.2,0.7860137352654724,1.8,0.8611375561264455,2.85,0.9103827127966565,2.68,0.9074768095466827
full,LogReg,Combination,0,rank,FAIR_prefix,2.4,0.9999999999999999,2.8,1.0,3.85,0.9676617088516801,2.46,0.9682302185478256
full,LogReg,Combination,0,rank,proposed,0.0,0.9999999999999999,0.0,1.0,0.0,0.9676617088516801,0.0,0.9686796359931273
dense,LogReg,Combination,1,minmax,relevance_only,8.8,0.6608397947263838,8.2,0.7799082337019198,8.95,0.8579599603663426,8.56,0.8919622615229921
dense,LogReg,Combination,1,minmax,hard_filter,8.8,0.6608397947263838,8.2,0.7799082337019198,8.95,0.8579599603663426,8.56,0.8919622615229921
dense,LogReg,Combination,1,minmax,proportional,5.2,0.9999999999999999,5.7,1.0,5.5,0.9999999999999999,6.46,0.9230080022995203
dense,LogReg,Combination,1,minmax,MMR,8.2,0.6608397947263838,9.3,0.7136540102475308,8.1,0.7804514751524424,9.22,0.8218456023339483
dense,LogReg,Combination,1,minmax,FAIR_prefix,8.8,0.6608397947263838,8.2,0.7799082337019198,8.95,0.8579599603663426,8.56,0.8919622615229921
dense,LogReg,Combination,1,minmax,proposed,4.0,0.9999999999999999,3.8,1.0,4.1,0.9644899900915855,4.16,0.8573694569002368
dense,LogReg,Combination,1,rank,relevance_only,8.8,0.6608397947263838,8.2,0.7799082337019198,8.95,0.8579599603663426,8.56,0.8919622615229921
dense,LogReg,Combination,1,rank,hard_filter,8.8,0.6608397947263838,8.2,0.7799082337019198,8.95,0.8579599603663426,8.56,0.8919622615229921
dense,LogReg,Combination,1,rank,proportional,4.4,0.9999999999999999,5.2,1.0,5.75,0.9999999999999999,6.92,0.9386586783334027
dense,LogReg,Combination,1,rank,MMR,8.0,0.6608397947263838,7.4,0.7799082337019198,8.45,0.7901116593096085,9.42,0.870548645463728
dense,LogReg,Combination,1,rank,FAIR_prefix,8.8,0.6608397947263838,8.2,0.7799082337019198,8.95,0.8579599603663426,8.56,0.8919622615229921
dense,LogReg,Combination,1,rank,proposed,4.0,0.9999999999999999,3.8,1.0,4.1,0.9644899900915855,4.16,0.8572532422864035
full,LogReg,Combination,1,minmax,relevance_only,5.4,0.7860137352654724,3.6,0.7975167679274938,2.95,0.8693239334097674,3.16,0.9131634523851482
full,LogReg,Combination,1,minmax,hard_filter,2.4,0.9999999999999999,1.4,0.9305687780632227,1.1,0.9551913563983281,0.9,0.9438567539011575
full,LogReg,Combination,1,minmax,proportional,0.0,0.9999999999999999,0.1,0.9363792118010483,0.15,0.9234312107046965,0.46,0.9440868605779519
full,LogReg,Combination,1,minmax,MMR,1.6,0.6843515475204854,3.5,0.7315449642824575,2.6,0.8267478854182504,3.46,0.9054297826923738
full,LogReg,Combination,1,minmax,FAIR_prefix,4.0,0.8539316501572934,3.6,0.8415908474314976,2.95,0.897767905235079,2.72,0.9148087251839352
full,LogReg,Combination,1,minmax,proposed,0.0,0.9999999999999999,0.0,1.0,0.0,0.9626932496335552,0.0,0.9796359917585231
full,LogReg,Combination,1,rank,relevance_only,5.4,0.7860137352654724,3.6,0.7975167679274938,2.95,0.8693239334097674,3.16,0.9131634523851482
full,LogReg,Combination,1,rank,hard_filter,2.4,0.9999999999999999,1.4,0.9305687780632227,1.1,0.9551913563983281,0.9,0.9438567539011575
full,LogReg,Combination,1,rank,proportional,0.0,0.9999999999999999,0.1,0.9363792118010483,0.25,0.9241910479142423,0.64,0.9441477198879492
full,LogReg,Combination,1,rank,MMR,1.6,0.8304198973631918,3.3,0.7542686714597936,2.9,0.8414130240664679,3.14,0.9134347952266018
full,LogReg,Combination,1,rank,FAIR_prefix,4.0,0.8539316501572934,3.6,0.8415908474314976,2.95,0.897767905235079,2.72,0.9148087251839352
full,LogReg,Combination,1,rank,proposed,0.0,0.9999999999999999,0.0,1.0,0.0,0.9626932496335552,0.0,0.9796359917585231
dense,LogReg,Combination,2,minmax,relevance_only,8.4,0.7860137352654724,7.9,0.8611375561264455,8.25,0.9103827127966565,9.18,0.8910004864353706
dense,LogReg,Combination,2,minmax,hard_filter,8.4,0.7860137352654724,7.9,0.8611375561264455,8.25,0.9103827127966565,9.18,0.8910004864353706
dense,LogReg,Combination,2,minmax,proportional,4.4,0.9999999999999999,4.9,1.0,5.2,0.9665625086152865,6.4,0.9054371312102213
dense,LogReg,Combination,2,minmax,MMR,8.0,0.8687949224876581,6.8,0.914856882358379,7.15,0.8044604307494709,8.3,0.8199616699929478
dense,LogReg,Combination,2,minmax,FAIR_prefix,8.4,0.7860137352654724,7.9,0.8611375561264455,8.25,0.9103827127966565,9.18,0.8910004864353706
dense,LogReg,Combination,2,minmax,proposed,3.8,0.9999999999999999,4.1,1.0,4.1,0.9626932496335552,4.18,0.8599968241808221
dense,LogReg,Combination,2,rank,relevance_only,8.4,0.7860137352654724,7.9,0.8611375561264455,8.25,0.9103827127966565,9.18,0.8910004864353706
dense,LogReg,Combination,2,rank,hard_filter,8.4,0.7860137352654724,7.9,0.8611375561264455,8.25,0.9103827127966565,9.18,0.8910004864353706
dense,LogReg,Combination,2,rank,proportional,3.8,0.9999999999999999,4.9,1.0,5.35,0.9671350294324228,7.1,0.9199287695401683
dense,LogReg,Combination,2,rank,MMR,8.0,0.8687949224876581,6.6,0.914856882358379,8.2,0.8352970511402039,9.02,0.8646545167824515
dense,LogReg,Combination,2,rank,FAIR_prefix,8.4,0.7860137352654724,7.9,0.8611375561264455,8.25,0.9103827127966565,9.18,0.8910004864353706
dense,LogReg,Combination,2,rank,proposed,3.8,0.9999999999999999,4.1,1.0,4.15,0.9626932496335552,4.18,0.8601721063847891
full,LogReg,Combination,2,minmax,relevance_only,2.6,0.9999999999999999,1.8,0.9363792118010483,2.6,0.9241910479142423,2.2,0.9298491862893193
full,LogReg,Combination,2,minmax,hard_filter,2.6,0.9999999999999999,1.5,0.933745776545611,1.25,0.9572416874849684,0.88,0.9464069697505035
full,LogReg,Combination,2,minmax,proportional,0.2,0.9999999999999999,0.1,0.9216017310213245,0.55,0.9494043170253827,0.56,0.9579104629553715
full,LogReg,Combination,2,minmax,MMR,1.2,0.4852285551163225,1.9,0.6659485553357843,1.85,0.7844141049078418,2.88,0.8037742835954429
full,LogReg,Combination,2,minmax,FAIR_prefix,2.6,0.9999999999999999,1.8,0.9363792118010483,2.6,0.9241910479142423,2.2,0.9298491862893193
full,LogReg,Combination,2,minmax,proposed,0.0,0.8687949224876581,0.0,0.914856882358379,0.0,0.945051411928014,0.0,0.9408913854129285
full,LogReg,Combination,2,rank,relevance_only,2.6,0.9999999999999999,1.8,0.9363792118010483,2.6,0.9241910479142423,2.2,0.9298491862893193
full,LogReg,Combination,2,rank,hard_filter,2.6,0.9999999999999999,1.5,0.933745776545611,1.25,0.9572416874849684,0.88,0.9464069697505035
full,LogReg,Combination,2,rank,proportional,0.0,0.8687949224876581,0.1,0.914856882358379,0.35,0.945051411928014,0.68,0.9551230018003632
full,LogReg,Combination,2,rank,MMR,1.4,0.6164336326286642,1.3,0.6777277508780453,2.5,0.792016013101942,3.24,0.8243161570208009
full,LogReg,Combination,2,rank,FAIR_prefix,2.6,0.9999999999999999,1.8,0.9363792118010483,2.6,0.9241910479142423,2.2,0.9298491862893193
full,LogReg,Combination,2,rank,proposed,0.0,0.8687949224876581,0.0,0.914856882358379,0.0,0.945051411928014,0.0,0.9408913854129285
dense,LogReg,Combination,3,minmax,relevance_only,9.6,0.8304198973631918,10.5,0.8899541168509599,10.25,0.9289799801831712,9.46,0.9296539420939439
dense,LogReg,Combination,3,minmax,hard_filter,9.6,0.8304198973631918,10.5,0.8899541168509599,10.25,0.9289799801831712,9.46,0.9296539420939439
dense,LogReg,Combination,3,minmax,proportional,4.8,0.9999999999999999,5.1,0.9216017310213245,5.0,0.9494043170253827,6.72,0.9283848602214798
dense,LogReg,Combination,3,minmax,MMR,8.2,0.8687949224876581,9.0,0.914856882358379,8.4,0.945051411928014,8.88,0.9106986381756482
dense,LogReg,Combination,3,minmax,FAIR_prefix,9.6,0.8304198973631918,10.5,0.8899541168509599,10.25,0.9289799801831712,9.46,0.9296539420939439
dense,LogReg,Combination,3,minmax,proposed,3.8,0.8539316501572934,3.7,0.9052116356304493,4.0,0.938826684621968,4.2,0.8471448114829312
dense,LogReg,Combination,3,rank,relevance_only,9.6,0.8304198973631918,10.5,0.8899541168509599,10.25,0.9289799801831712,9.46,0.9296539420939439
dense,LogReg,Combination,3,rank,hard_filter,9.6,0.8304198973631918,10.5,0.8899541168509599,10.25,0.9289799801831712,9.46,0.9296539420939439
dense,LogReg,Combination,3,rank,proportional,4.8,0.9999999999999999,5.1,0.9216017310213245,5.5,0.9494043170253827,7.22,0.941648237764591
dense,LogReg,Combination,3,rank,MMR,8.2,0.8687949224876581,9.5,0.914856882358379,9.0,0.945051411928014,9.66,0.9116443040591998
dense,LogReg,Combination,3,rank,FAIR_prefix,9.6,0.8304198973631918,10.5,0.8899541168509599,10.25,0.9289799801831712,9.46,0.9296539420939439
dense,LogReg,Combination,3,rank,proposed,3.8,0.8687949224876581,3.7,0.914856882358379,4.0,0.945051411928014,4.22,0.8506081245309194
full,LogReg,Combination,3,minmax,relevance_only,3.2,0.9999999999999999,2.1,1.0,1.6,0.9999999999999999,3.08,0.9826137020047634
full,LogReg,Combination,3,minmax,hard_filter,2.6,0.9999999999999999,1.8,1.0,1.45,0.9999999999999999,1.04,1.0
full,LogReg,Combination,3,minmax,proportional,0.2,0.9999999999999999,0.2,1.0,0.5,0.9999999999999999,0.52,0.985963223074562
full,LogReg,Combination,3,minmax,MMR,2.6,0.8687949224876581,1.8,0.8364586133797036,4.25,0.8571489785869523,3.5,0.8916815787464202
full,LogReg,Combination,3,minmax,FAIR_prefix,3.2,0.9999999999999999,2.1,1.0,1.6,0.9999999999999999,3.08,0.9826137020047634
full,LogReg,Combination,3,minmax,proposed,0.0,0.9999999999999999,0.0,1.0,0.0,0.9999999999999999,0.0,0.9703916632429901
full,LogReg,Combination,3,rank,relevance_only,3.2,0.9999999999999999,2.1,1.0,1.6,0.9999999999999999,3.08,0.9826137020047634
full,LogReg,Combination,3,rank,hard_filter,2.6,0.9999999999999999,1.8,1.0,1.45,0.9999999999999999,1.04,1.0
full,LogReg,Combination,3,rank,proportional,0.0,0.9999999999999999,0.1,1.0,0.4,0.9999999999999999,0.54,0.985963223074562
full,LogReg,Combination,3,rank,MMR,2.6,0.8687949224876581,3.0,0.7702043899253147,4.3,0.8516974164383655,3.34,0.9019087502657838
full,LogReg,Combination,3,rank,FAIR_prefix,3.2,0.9999999999999999,2.1,1.0,1.6,0.9999999999999999,3.08,0.9826137020047634
full,LogReg,Combination,3,rank,proposed,0.0,0.9999999999999999,0.0,1.0,0.0,0.9999999999999999,0.0,0.9703916632429901
dense,LogReg,Combination,4,minmax,relevance_only,9.6,0.6608397947263838,8.8,0.7799082337019198,9.1,0.8224499504579282,9.1,0.8454578811724179
dense,LogReg,Combination,4,minmax,hard_filter,9.6,0.6608397947263838,8.8,0.7799082337019198,9.1,0.8224499504579282,9.1,0.8454578811724179
dense,LogReg,Combination,4,minmax,proportional,5.8,0.9999999999999999,5.0,1.0,5.45,0.9652498273011313,7.12,0.9052184634268925
dense,LogReg,Combination,4,minmax,MMR,8.2,0.529634717214042,6.5,0.6947651160602988,6.95,0.7682611995954881,8.58,0.778912870960952
dense,LogReg,Combination,4,minmax,FAIR_prefix,9.6,0.6608397947263838,8.8,0.7799082337019198,9.1,0.8224499504579282,9.1,0.8454578811724179
dense,LogReg,Combination,4,minmax,proposed,3.8,0.9999999999999999,4.1,1.0,4.05,0.9275523895786345,4.26,0.8048792688195845
dense,LogReg,Combination,4,rank,relevance_only,9.6,0.6608397947263838,8.8,0.7799082337019198,9.1,0.8224499504579282,9.1,0.8454578811724179
dense,LogReg,Combination,4,rank,hard_filter,9.6,0.6608397947263838,8.8,0.7799082337019198,9.1,0.8224499504579282,9.1,0.8454578811724179
dense,LogReg,Combination,4,rank,proportional,5.8,0.9999999999999999,5.4,1.0,5.55,0.963643712011461,7.2,0.9043182513426778
dense,LogReg,Combination,4,rank,MMR,8.2,0.529634717214042,7.3,0.6947651160602988,7.4,0.7682611995954881,8.84,0.7972551328483087
dense,LogReg,Combination,4,rank,FAIR_prefix,9.6,0.6608397947263838,8.8,0.7799082337019198,9.1,0.8224499504579282,9.1,0.8454578811724179
dense,LogReg,Combination,4,rank,proposed,4.2,0.9999999999999999,4.1,1.0,4.2,0.8952140984303147,4.26,0.8052864968374307
full,LogReg,Combination,4,minmax,relevance_only,2.4,0.9999999999999999,4.0,0.9216017310213245,2.85,0.9097832499695672,2.38,0.9048558324381052
full,LogReg,Combination,4,minmax,hard_filter,2.4,0.9999999999999999,1.4,0.9305687780632227,0.9,0.9551913563983281,0.88,0.9267330419541551
full,LogReg,Combination,4,minmax,proportional,0.0,0.8687949224876581,0.0,0.914856882358379,0.3,0.945051411928014,0.52,0.9108548140030494
full,LogReg,Combination,4,minmax,MMR,0.8,0.7860137352654724,0.7,0.7191184989488184,0.8,0.8187282504351503,2.06,0.7939294561770059
full,LogReg,Combination,4,minmax,FAIR_prefix,2.4,0.9999999999999999,3.7,0.8579809428223729,2.85,0.9083455376384938,2.38,0.9040710525934047
full,LogReg,Combination,4,minmax,proposed,0.0,0.8687949224876581,0.0,0.914856882358379,0.0,0.945051411928014,0.0,0.9103396090627208
full,LogReg,Combination,4,rank,relevance_only,2.4,0.9999999999999999,4.0,0.9216017310213245,2.85,0.9097832499695672,2.38,0.9048558324381052
full,LogReg,Combination,4,rank,hard_filter,2.4,0.9999999999999999,1.4,0.9305687780632227,0.9,0.9551913563983281,0.88,0.9267330419541551
full,LogReg,Combination,4,rank,proportional,0.0,0.8687949224876581,0.0,0.914856882358379,0.25,0.945051411928014,0.54,0.9244038130330091
full,LogReg,Combination,4,rank,MMR,2.2,0.9999999999999999,1.4,0.933745776545611,2.5,0.8876687053205715,2.24,0.9097079190202242
full,LogReg,Combination,4,rank,FAIR_prefix,2.4,0.9999999999999999,3.7,0.8579809428223729,2.85,0.9083455376384938,2.38,0.9040710525934047
full,LogReg,Combination,4,rank,proposed,0.0,0.8687949224876581,0.0,0.914856882358379,0.0,0.945051411928014,0.0,0.9103396090627208
dense,LogReg,Combination,5,minmax,relevance_only,10.2,0.6608397947263838,9.9,0.7799082337019198,9.1,0.8579599603663426,10.04,0.8643122663092879
dense,LogReg,Combination,5,minmax,hard_filter,10.2,0.6608397947263838,9.9,0.7799082337019198,9.1,0.8579599603663426,10.04,0.8643122663092879
dense,LogReg,Combination,5,minmax,proportional,4.4,0.9999999999999999,5.1,1.0,5.4,0.9999999999999999,6.3,0.8948698686089338
dense,LogReg,Combination,5,minmax,MMR,9.4,0.6608397947263838,6.9,0.7799082337019198,9.1,0.7507621772461086,8.62,0.8050389540939779
dense,LogReg,Combination,5,minmax,FAIR_prefix,10.2,0.6608397947263838,9.9,0.7799082337019198,9.1,0.8579599603663426,10.04,0.8643122663092879
dense,LogReg,Combination,5,minmax,proposed,3.8,0.9999999999999999,3.7,1.0,4.05,0.9286302773775728,4.14,0.7962843932511731
dense,LogReg,Combination,5,rank,relevance_only,10.2,0.6608397947263838,9.9,0.7799082337019198,9.1,0.8579599603663426,10.04,0.8643122663092879
dense,LogReg,Combination,5,rank,hard_filter,10.2,0.6608397947263838,9.9,0.7799082337019198,9.1,0.8579599603663426,10.04,0.8643122663092879
dense,LogReg,Combination,5,rank,proportional,4.4,0.9999999999999999,5.1,1.0,5.6,0.9999999999999999,6.92,0.9097225758005212
dense,LogReg,Combination,5,rank,MMR,7.8,0.6608397947263838,6.8,0.7799082337019198,8.2,0.7810321429440823,9.34,0.8179326254775856
dense,LogReg,Combination,5,rank,FAIR_prefix,10.2,0.6608397947263838,9.9,0.7799082337019198,9.1,0.8579599603663426,10.04,0.8643122663092879
dense,LogReg,Combination,5,rank,proposed,3.8,0.9999999999999999,3.8,1.0,4.05,0.9295807397554786,4.2,0.8099355915116401
full,LogReg,Combination,5,minmax,relevance_only,6.4,0.7860137352654724,4.4,0.7312625444731049,3.95,0.8265656208947358,3.54,0.8601246224138087
full,LogReg,Combination,5,minmax,hard_filter,3.2,0.9999999999999999,2.8,0.8572048559638626,1.95,0.8744071851357288,1.24,0.884959539312371
full,LogReg,Combination,5,minmax,proportional,0.0,0.9999999999999999,0.5,0.8553475075669357,0.45,0.8702897165218125,0.66,0.8985503322152322
full,LogReg,Combination,5,minmax,MMR,2.0,0.639945385422766,2.7,0.6216966993238304,2.2,0.7229904313613988,3.16,0.802414511656814
full,LogReg,Combination,5,minmax,FAIR_prefix,6.0,0.8539316501572934,4.4,0.7753366239771086,3.95,0.8550095927200474,3.28,0.8741612118216365
full,LogReg,Combination,5,minmax,proposed,0.0,0.9999999999999999,0.0,0.8579809428223729,0.0,0.8754805670709168,0.0,0.9179128493721757
full,LogReg,Combination,5,rank,relevance_only,6.4,0.7860137352654724,4.4,0.7312625444731049,3.95,0.8265656208947358,3.54,0.8601246224138087
full,LogReg,Combination,5,rank,hard_filter,3.2,0.9999999999999999,2.8,0.8572048559638626,1.95,0.8744071851357288,1.24,0.884959539312371
full,LogReg,Combination,5,rank,proportional,0.0,0.9999999999999999,0.4,0.8521705090845473,0.65,0.8711581820389976,0.76,0.8992011686147343
full,LogReg,Combination,5,rank,MMR,2.0,0.6164336326286642,2.8,0.67269340399873,2.45,0.7136359330409808,3.96,0.7825438452335876
full,LogReg,Combination,5,rank,FAIR_prefix,6.0,0.8539316501572934,4.4,0.7753366239771086,3.95,0.8550095927200474,3.28,0.8741612118216365
full,LogReg,Combination,5,rank,proposed,0.0,0.9999999999999999,0.0,0.8579809428223729,0.0,0.8754805670709168,0.0,0.9179128493721757
dense,LogReg,Combination,6,minmax,relevance_only,10.6,0.8687949224876581,9.1,0.914856882358379,9.55,0.9127131207796942,8.98,0.9226708788414699
dense,LogReg,Combination,6,minmax,hard_filter,10.6,0.8687949224876581,9.1,0.914856882358379,9.55,0.9127131207796942,8.98,0.9226708788414699
dense,LogReg,Combination,6,minmax,proportional,4.6,0.9999999999999999,4.9,0.933745776545611,5.3,0.9572416874849684,6.6,0.8751021140315688
dense,LogReg,Combination,6,minmax,MMR,7.8,0.7227265726449517,7.0,0.8200685179888283,8.55,0.8838780965499822,8.56,0.8474955189873021
dense,LogReg,Combination,6,minmax,FAIR_prefix,10.6,0.8687949224876581,9.1,0.914856882358379,9.55,0.9127131207796942,8.98,0.9226708788414699
dense,LogReg,Combination,6,minmax,proposed,3.8,0.9999999999999999,4.0,0.9266360779006398,4.05,0.9142686819567312,4.28,0.8326207580047698
dense,LogReg,Combination,6,rank,relevance_only,10.6,0.8687949224876581,9.1,0.914856882358379,9.55,0.9127131207796942,8.98,0.9226708788414699
dense,LogReg,Combination,6,rank,hard_filter,10.6,0.8687949224876581,9.1,0.914856882358379,9.55,0.9127131207796942,8.98,0.9226708788414699
dense,LogReg,Combination,6,rank,proportional,3.8,0.9999999999999999,4.9,0.9266360779006398,5.2,0.9203150289737942,6.78,0.899521881779563
dense,LogReg,Combination,6,rank,MMR,7.8,0.7227265726449517,7.0,0.8200685179888283,8.95,0.8838780965499822,8.3,0.8769029333090733
dense,LogReg,Combination,6,rank,FAIR_prefix,10.6,0.8687949224876581,9.1,0.914856882358379,9.55,0.9127131207796942,8.98,0.9226708788414699
dense,LogReg,Combination,6,rank,proposed,3.8,0.9999999999999999,4.2,0.8579809428223729,4.05,0.9083455376384938,4.32,0.8435933602244816
full,LogReg,Combination,6,minmax,relevance_only,3.0,0.9999999999999999,4.6,1.0,3.7,0.9336975380477094,2.46,0.9186936522871689
full,LogReg,Combination,6,minmax,hard_filter,2.6,0.9999999999999999,1.8,1.0,1.7,0.963643712011461,1.12,0.9322948663069821
full,LogReg,Combination,6,minmax,proportional,0.0,0.9999999999999999,0.2,1.0,0.45,0.9252590738460782,0.64,0.9446338344534888
full,LogReg,Combination,6,minmax,MMR,1.6,0.6164336326286642,2.2,0.6114735274236563,2.5,0.6745167744329887,2.86,0.7754972889911379
full,LogReg,Combination,6,minmax,FAIR_prefix,3.0,0.9999999999999999,3.6,1.0,3.7,0.9342242174669666,2.46,0.9189811419218602
full,LogReg,Combination,6,minmax,proposed,0.0,0.9999999999999999,0.0,0.9363792118010483,0.0,0.9589412206131108,0.0,0.9484354903661683
full,LogReg,Combination,6,rank,relevance_only,3.0,0.9999999999999999,4.6,1.0,3.7,0.9336975380477094,2.46,0.9186936522871689
full,LogReg,Combination,6,rank,hard_filter,2.6,0.9999999999999999,1.8,1.0,1.7,0.963643712011461,1.12,0.9322948663069821
full,LogReg,Combination,6,rank,proportional,0.0,0.9999999999999999,0.2,1.0,0.4,0.9263369616450164,0.72,0.9452222029338674
full,LogReg,Combination,6,rank,MMR,1.4,0.7860137352654724,2.0,0.7975167679274938,2.65,0.8035481508767341,2.86,0.833377414381677
full,LogReg,Combination,6,rank,FAIR_prefix,3.0,0.9999999999999999,3.6,1.0,3.7,0.9342242174669666,2.46,0.9189811419218602
full,LogReg,Combination,6,rank,proposed,0.0,0.9999999999999999,0.0,0.9363792118010483,0.0,0.9589412206131108,0.0,0.9484354903661683
dense,LogReg,Combination,7,minmax,relevance_only,10.6,0.6608397947263838,12.0,0.7799082337019198,9.15,0.82389698811036,9.86,0.8873787700755204
dense,LogReg,Combination,7,minmax,hard_filter,10.6,0.6608397947263838,12.0,0.7799082337019198,9.15,0.82389698811036,9.86,0.8873787700755204
dense,LogReg,Combination,7,minmax,proportional,4.8,0.9999999999999999,4.9,0.9305687780632227,5.15,0.9196813464899138,6.6,0.8837352526532717
dense,LogReg,Combination,7,minmax,MMR,9.2,0.6608397947263838,9.1,0.7799082337019198,9.2,0.82389698811036,10.1,0.8425162477388961
dense,LogReg,Combination,7,minmax,FAIR_prefix,10.6,0.6608397947263838,12.0,0.7799082337019198,9.15,0.82389698811036,9.86,0.8873787700755204
dense,LogReg,Combination,7,minmax,proposed,3.8,0.9999999999999999,3.8,0.9216017310213245,3.95,0.9494043170253827,4.28,0.832526754174695
dense,LogReg,Combination,7,rank,relevance_only,10.6,0.6608397947263838,12.0,0.7799082337019198,9.15,0.82389698811036,9.86,0.8873787700755204
dense,LogReg,Combination,7,rank,hard_filter,10.6,0.6608397947263838,12.0,0.7799082337019198,9.15,0.82389698811036,9.86,0.8873787700755204
dense,LogReg,Combination,7,rank,proportional,4.8,0.9999999999999999,4.9,0.933745776545611,5.55,0.9199349371185237,7.4,0.9258261153784001
dense,LogReg,Combination,7,rank,MMR,9.2,0.6608397947263838,8.8,0.7799082337019198,8.45,0.823209787667474,9.92,0.8596755552183382
dense,LogReg,Combination,7,rank,FAIR_prefix,10.6,0.6608397947263838,12.0,0.7799082337019198,9.15,0.82389698811036,9.86,0.8873787700755204
dense,LogReg,Combination,7,rank,proposed,3.8,0.9999999999999999,3.9,0.9216017310213245,3.95,0.9494043170253827,4.28,0.8328598537043994
full,LogReg,Combination,7,minmax,relevance_only,4.6,0.8539316501572934,3.9,0.9052116356304493,2.55,0.938826684621968,2.8,0.9226355313069466
full,LogReg,Combination,7,minmax,hard_filter,2.4,0.9999999999999999,1.7,1.0,1.3,0.9999999999999999,0.92,0.9538031309778765
full,LogReg,Combination,7,minmax,proportional,0.0,0.9999999999999999,0.0,1.0,0.15,0.9671350294324228,0.42,0.9535704211690327
full,LogReg,Combination,7,minmax,MMR,0.6,0.9999999999999999,0.5,1.0,2.75,0.934796738284103,3.28,0.889983196836836
full,LogReg,Combination,7,minmax,FAIR_prefix,4.0,0.8539316501572934,3.9,0.9052116356304493,2.55,0.938826684621968,2.8,0.9226355313069466
full,LogReg,Combination,7,minmax,proposed,0.0,0.9999999999999999,0.0,1.0,0.0,0.9652498273011313,0.0,0.9666530873700522
full,LogReg,Combination,7,rank,relevance_only,4.6,0.8539316501572934,3.9,0.9052116356304493,2.55,0.938826684621968,2.8,0.9226355313069466
full,LogReg,Combination,7,rank,hard_filter,2.4,0.9999999999999999,1.7,1.0,1.3,0.9999999999999999,0.92,0.9538031309778765
full,LogReg,Combination,7,rank,proportional,0.0,0.9999999999999999,0.0,1.0,0.15,0.9671350294324228,0.6,0.9515570192669162
full,LogReg,Combination,7,rank,MMR,0.2,0.9999999999999999,1.2,1.0,3.35,0.9323848567335543,2.86,0.9027142703186027
full,LogReg,Combination,7,rank,FAIR_prefix,4.0,0.8539316501572934,3.9,0.9052116356304493,2.55,0.938826684621968,2.8,0.9226355313069466
full,LogReg,Combination,7,rank,proposed,0.0,0.9999999999999999,0.0,1.0,0.0,0.9652498273011313,0.0,0.9666530873700522
dense,LogReg,Combination,8,minmax,relevance_only,7.6,0.6608397947263838,8.4,0.7799082337019198,9.35,0.8256216692180228,9.62,0.8890141911856958
dense,LogReg,Combination,8,minmax,hard_filter,7.6,0.6608397947263838,8.4,0.7799082337019198,9.35,0.8256216692180228,9.62,0.8890141911856958
dense,LogReg,Combination,8,minmax,proportional,4.6,0.9999999999999999,5.0,1.0,5.6,0.9665625086152865,6.46,0.9352469879027265
dense,LogReg,Combination,8,minmax,MMR,10.4,0.6608397947263838,8.7,0.7799082337019198,7.9,0.7537995396679265,8.54,0.8364356899275528
dense,LogReg,Combination,8,minmax,FAIR_prefix,7.6,0.6608397947263838,8.4,0.7799082337019198,9.35,0.8256216692180228,9.62,0.8890141911856958
dense,LogReg,Combination,8,minmax,proposed,4.2,0.9999999999999999,4.0,1.0,3.9,0.9999999999999999,4.16,0.8931064083079714
dense,LogReg,Combination,8,rank,relevance_only,7.6,0.6608397947263838,8.4,0.7799082337019198,9.35,0.8256216692180228,9.62,0.8890141911856958
dense,LogReg,Combination,8,rank,hard_filter,7.6,0.6608397947263838,8.4,0.7799082337019198,9.35,0.8256216692180228,9.62,0.8890141911856958
dense,LogReg,Combination,8,rank,proportional,4.6,0.9999999999999999,5.0,1.0,5.6,0.9665625086152865,6.88,0.9350332382613151
dense,LogReg,Combination,8,rank,MMR,10.8,0.6608397947263838,9.1,0.7799082337019198,9.6,0.7840653122925453,8.58,0.8497481358113756
dense,LogReg,Combination,8,rank,FAIR_prefix,7.6,0.6608397947263838,8.4,0.7799082337019198,9.35,0.8256216692180228,9.62,0.8890141911856958
dense,LogReg,Combination,8,rank,proposed,4.2,0.9999999999999999,4.0,1.0,3.9,0.9999999999999999,4.18,0.892747444717693
full,LogReg,Combination,8,minmax,relevance_only,7.0,0.8304198973631918,3.7,0.8899541168509599,2.05,0.8916732298167266,2.32,0.9239592066533739
full,LogReg,Combination,8,minmax,hard_filter,2.4,0.9999999999999999,1.5,1.0,1.05,0.9275139623766072,0.96,0.9604332660160495
full,LogReg,Combination,8,minmax,proportional,0.0,0.9999999999999999,0.0,0.9266360779006398,0.2,0.9203150289737942,0.54,0.9565037053412451
full,LogReg,Combination,8,minmax,MMR,1.2,0.639945385422766,2.0,0.7663491917568948,3.2,0.7492559630038593,3.3,0.819751190906984
full,LogReg,Combination,8,minmax,FAIR_prefix,5.6,0.8539316501572934,3.7,0.9052116356304493,2.05,0.9015199342555233,2.32,0.9293340615622967
full,LogReg,Combination,8,minmax,proposed,0.0,0.9999999999999999,0.0,0.9266360779006398,0.0,0.952653320122114,0.0,0.9591587336218919
full,LogReg,Combination,8,rank,relevance_only,7.0,0.8304198973631918,3.7,0.8899541168509599,2.05,0.8916732298167266,2.32,0.9239592066533739
full,LogReg,Combination,8,rank,hard_filter,2.4,0.9999999999999999,1.5,1.0,1.05,0.9275139623766072,0.96,0.9604332660160495
full,LogReg,Combination,8,rank,proportional,0.0,0.9999999999999999,0.0,0.9266360779006398,0.2,0.9197883495545369,0.66,0.9562162157065537
full,LogReg,Combination,8,rank,MMR,1.2,0.6164336326286642,1.8,0.7510916729774054,3.3,0.8030064049912891,3.02,0.8452089175820217
full,LogReg,Combination,8,rank,FAIR_prefix,5.6,0.8539316501572934,3.7,0.9052116356304493,2.05,0.9015199342555233,2.32,0.9293340615622967
full,LogReg,Combination,8,rank,proposed,0.0,0.9999999999999999,0.0,0.9266360779006398,0.0,0.952653320122114,0.0,0.9591587336218919
dense,LogReg,Combination,9,minmax,relevance_only,10.4,0.8304198973631918,8.6,0.8899541168509599,10.75,0.9289799801831712,9.8,0.9181131722613464
dense,LogReg,Combination,9,minmax,hard_filter,10.4,0.8304198973631918,8.6,0.8899541168509599,10.75,0.9289799801831712,9.8,0.9181131722613464
dense,LogReg,Combination,9,minmax,proportional,4.8,0.9999999999999999,5.4,1.0,5.2,0.9999999999999999,6.72,0.9234565062020315
dense,LogReg,Combination,9,minmax,MMR,10.6,0.9999999999999999,8.9,0.9266360779006398,8.65,0.9197883495545369,9.76,0.8816804551585005
dense,LogReg,Combination,9,minmax,FAIR_prefix,10.4,0.8304198973631918,8.6,0.8899541168509599,10.75,0.9289799801831712,9.8,0.9181131722613464
dense,LogReg,Combination,9,minmax,proposed,4.0,0.9999999999999999,4.0,1.0,3.85,0.9311868550451489,4.28,0.7966627013895804
dense,LogReg,Combination,9,rank,relevance_only,10.4,0.8304198973631918,8.6,0.8899541168509599,10.75,0.9289799801831712,9.8,0.9181131722613464
dense,LogReg,Combination,9,rank,hard_filter,10.4,0.8304198973631918,8.6,0.8899541168509599,10.75,0.9289799801831712,9.8,0.9181131722613464
dense,LogReg,Combination,9,rank,proportional,4.8,0.9999999999999999,5.5,1.0,5.4,0.9999999999999999,7.14,0.9389199941937837
dense,LogReg,Combination,9,rank,MMR,10.6,0.9999999999999999,9.4,1.0,8.45,0.9671350294324228,10.04,0.9337767662680746
dense,LogReg,Combination,9,rank,FAIR_prefix,10.4,0.8304198973631918,8.6,0.8899541168509599,10.75,0.9289799801831712,9.8,0.9181131722613464
dense,LogReg,Combination,9,rank,proposed,3.8,0.9999999999999999,3.9,1.0,3.85,0.9311868550451489,4.3,0.7836712361978226
full,LogReg,Combination,9,minmax,relevance_only,3.8,0.9999999999999999,4.2,0.9363792118010483,3.75,0.9589412206131108,2.72,0.9316794360437737
full,LogReg,Combination,9,minmax,hard_filter,2.4,0.9999999999999999,1.3,1.0,1.6,0.9652498273011313,1.08,0.9358546118508028
full,LogReg,Combination,9,minmax,proportional,0.0,0.9999999999999999,0.0,1.0,0.35,0.9671350294324228,0.38,0.9676821309442413
full,LogReg,Combination,9,minmax,MMR,1.4,0.8687949224876581,0.9,0.914856882358379,2.2,0.8693600233961865,2.64,0.8040136300376545
full,LogReg,Combination,9,minmax,FAIR_prefix,3.8,0.9999999999999999,2.6,1.0,3.65,0.9616153618346169,2.72,0.9326631081318676
full,LogReg,Combination,9,minmax,proposed,0.0,0.9999999999999999,0.0,1.0,0.0,0.9652498273011313,0.0,0.9810315078027007
full,LogReg,Combination,9,rank,relevance_only,3.8,0.9999999999999999,4.2,0.9363792118010483,3.75,0.9589412206131108,2.72,0.9316794360437737
full,LogReg,Combination,9,rank,hard_filter,2.4,0.9999999999999999,1.3,1.0,1.6,0.9652498273011313,1.08,0.9358546118508028
full,LogReg,Combination,9,rank,proportional,0.0,0.9999999999999999,0.0,1.0,0.15,0.9671350294324228,0.66,0.9674919578843373
full,LogReg,Combination,9,rank,MMR,1.4,0.9999999999999999,0.9,0.9216017310213245,2.5,0.8350423238156456,2.66,0.8804923567357072
full,LogReg,Combination,9,rank,FAIR_prefix,3.8,0.9999999999999999,2.6,1.0,3.65,0.9616153618346169,2.72,0.9326631081318676
full,LogReg,Combination,9,rank,proposed,0.0,0.9999999999999999,0.0,1.0,0.0,0.9652498273011313,0.0,0.9810315078027007
dense,LogReg,Dry,0,minmax,relevance_only,6.6,0.9999999999999999,8.8,1.0,8.75,0.9626932496335552,9.94,0.921864756651663
dense,LogReg,Dry,0,minmax,hard_filter,6.6,0.9999999999999999,8.8,1.0,8.75,0.9626932496335552,9.94,0.921864756651663
dense,LogReg,Dry,0,minmax,proportional,5.0,0.9999999999999999,5.3,0.9305687780632227,5.8,0.9551913563983281,6.9,0.9161478045584305
dense,LogReg,Dry,0,minmax,MMR,7.0,0.7860137352654724,6.7,0.8611375561264455,7.5,0.8769452214119431,9.22,0.8468518780166612
dense,LogReg,Dry,0,minmax,FAIR_prefix,6.6,0.9999999999999999,8.8,1.0,8.75,0.9626932496335552,9.94,0.921864756651663
dense,LogReg,Dry,0,minmax,proposed,4.4,0.8687949224876581,4.4,0.914856882358379,4.15,0.9116139205433006,4.06,0.80120759702412
dense,LogReg,Dry,0,rank,relevance_only,6.6,0.9999999999999999,8.8,1.0,8.75,0.9626932496335552,9.94,0.921864756651663
dense,LogReg,Dry,0,rank,hard_filter,6.6,0.9999999999999999,8.8,1.0,8.75,0.9626932496335552,9.94,0.921864756651663
dense,LogReg,Dry,0,rank,proportional,4.6,0.9999999999999999,5.3,0.933745776545611,5.6,0.9572416874849684,7.22,0.932020623611166
dense,LogReg,Dry,0,rank,MMR,7.0,0.7860137352654724,6.7,0.8611375561264455,7.6,0.9103827127966565,9.46,0.8615019280531542
dense,LogReg,Dry,0,rank,FAIR_prefix,6.6,0.9999999999999999,8.8,1.0,8.75,0.9626932496335552,9.94,0.921864756651663
dense,LogReg,Dry,0,rank,proposed,4.4,0.8687949224876581,4.5,0.914856882358379,4.15,0.9116139205433006,4.1,0.8009970054443925
full,LogReg,Dry,0,minmax,relevance_only,1.4,0.9999999999999999,1.9,1.0,1.8,0.9999999999999999,2.64,0.9677975742995077
full,LogReg,Dry,0,minmax,hard_filter,0.0,0.9999999999999999,0.5,1.0,1.05,0.9999999999999999,1.08,0.9524988345013513
full,LogReg,Dry,0,minmax,proportional,0.0,0.9999999999999999,0.2,1.0,0.55,0.9644899900915855,0.6,0.9501929654477893
full,LogReg,Dry,0,minmax,MMR,0.2,0.9999999999999999,1.1,0.8643145546088338,1.4,0.875126293516852,2.1,0.8276644406503006
full,LogReg,Dry,0,minmax,FAIR_prefix,1.4,0.9999999999999999,1.3,1.0,1.8,0.9999999999999999,2.64,0.9677975742995077
full,LogReg,Dry,0,minmax,proposed,0.0,0.9999999999999999,0.0,0.9363792118010483,0.0,0.9589412206131108,0.0,0.9467192830829396
full,LogReg,Dry,0,rank,relevance_only,1.4,0.9999999999999999,1.9,1.0,1.8,0.9999999999999999,2.64,0.9677975742995077
full,LogReg,Dry,0,rank,hard_filter,0.0,0.9999999999999999,0.5,1.0,1.05,0.9999999999999999,1.08,0.9524988345013513
full,LogReg,Dry,0,rank,proportional,0.0,0.9999999999999999,0.2,1.0,0.45,0.963643712011461,0.68,0.9497775054664893
full,LogReg,Dry,0,rank,MMR,0.4,0.9999999999999999,1.8,0.9363792118010483,2.2,0.9216344702466662,2.66,0.8657595363005577
full,LogReg,Dry,0,rank,FAIR_prefix,1.4,0.9999999999999999,1.3,1.0,1.8,0.9999999999999999,2.64,0.9677975742995077
full,LogReg,Dry,0,rank,proposed,0.0,0.9999999999999999,0.0,0.9363792118010483,0.0,0.9589412206131108,0.0,0.9467192830829396
dense,LogReg,Dry,1,minmax,relevance_only,8.4,0.9999999999999999,7.6,1.0,7.35,0.9659370277440174,10.38,0.8899826461561764
dense,LogReg,Dry,1,minmax,hard_filter,8.4,0.9999999999999999,7.6,1.0,7.35,0.9659370277440174,10.38,0.8899826461561764
dense,LogReg,Dry,1,minmax,proportional,4.8,0.9999999999999999,4.7,1.0,5.75,0.9256287602453157,6.52,0.8734715241009866
dense,LogReg,Dry,1,minmax,MMR,5.4,0.9999999999999999,5.8,1.0,8.05,0.9616153618346169,9.56,0.8125600643993232
dense,LogReg,Dry,1,minmax,FAIR_prefix,8.4,0.9999999999999999,7.6,1.0,7.35,0.9659370277440174,10.38,0.8899826461561764
dense,LogReg,Dry,1,minmax,proposed,4.2,0.9999999999999999,4.2,0.9305687780632227,4.15,0.8839417476653681,4.16,0.8158121984467347
dense,LogReg,Dry,1,rank,relevance_only,8.4,0.9999999999999999,7.6,1.0,7.35,0.9659370277440174,10.38,0.8899826461561764
dense,LogReg,Dry,1,rank,hard_filter,8.4,0.9999999999999999,7.6,1.0,7.35,0.9659370277440174,10.38,0.8899826461561764
dense,LogReg,Dry,1,rank,proportional,4.2,0.9999999999999999,4.5,0.9363792118010483,6.05,0.9241910479142423,7.34,0.8997754300710277
dense,LogReg,Dry,1,rank,MMR,5.4,0.9999999999999999,5.8,1.0,8.35,0.9303549584852354,9.84,0.8565115737070208
dense,LogReg,Dry,1,rank,FAIR_prefix,8.4,0.9999999999999999,7.6,1.0,7.35,0.9659370277440174,10.38,0.8899826461561764
dense,LogReg,Dry,1,rank,proposed,4.2,0.9999999999999999,4.2,0.9305687780632227,4.2,0.8833692268482317,4.22,0.815181220914422
full,LogReg,Dry,1,minmax,relevance_only,3.0,0.9999999999999999,1.8,1.0,1.3,0.9999999999999999,1.76,0.9851168632159072
full,LogReg,Dry,1,minmax,hard_filter,1.8,0.9999999999999999,1.2,1.0,0.9,0.9999999999999999,0.9,0.9847599855899972
full,LogReg,Dry,1,minmax,proportional,0.0,0.9999999999999999,0.2,1.0,0.3,0.9999999999999999,0.44,0.9713435180646672
full,LogReg,Dry,1,minmax,MMR,0.2,0.8539316501572934,1.0,0.9052116356304493,1.05,0.8992056175661525,2.04,0.8521355990256566
full,LogReg,Dry,1,minmax,FAIR_prefix,3.0,0.9999999999999999,1.8,1.0,1.3,0.9999999999999999,1.76,0.9851168632159072
full,LogReg,Dry,1,minmax,proposed,0.0,0.9999999999999999,0.0,1.0,0.0,0.9999999999999999,0.0,0.9414338677819643
full,LogReg,Dry,1,rank,relevance_only,3.0,0.9999999999999999,1.8,1.0,1.3,0.9999999999999999,1.76,0.9851168632159072
full,LogReg,Dry,1,rank,hard_filter,1.8,0.9999999999999999,1.2,1.0,0.9,0.9999999999999999,0.9,0.9847599855899972
full,LogReg,Dry,1,rank,proportional,0.0,0.9999999999999999,0.1,1.0,0.3,0.9999999999999999,0.44,0.9710017828489594
full,LogReg,Dry,1,rank,MMR,0.2,0.8687949224876581,1.1,0.914856882358379,1.05,0.906666773762631,1.98,0.875771898677769
full,LogReg,Dry,1,rank,FAIR_prefix,3.0,0.9999999999999999,1.8,1.0,1.3,0.9999999999999999,1.76,0.9851168632159072
full,LogReg,Dry,1,rank,proposed,0.0,0.9999999999999999,0.0,1.0,0.0,0.9999999999999999,0.0,0.9414338677819643
dense,LogReg,Dry,2,minmax,relevance_only,7.8,0.9999999999999999,8.3,1.0,10.0,0.9342242174669666,10.36,0.8834997728804828
dense,LogReg,Dry,2,minmax,hard_filter,7.8,0.9999999999999999,8.3,1.0,10.0,0.9342242174669666,10.36,0.8834997728804828
dense,LogReg,Dry,2,minmax,proportional,4.6,0.9999999999999999,6.1,1.0,6.2,0.963643712011461,6.82,0.8748174385109013
dense,LogReg,Dry,2,minmax,MMR,6.6,0.9999999999999999,6.1,1.0,8.25,0.8928994702603029,9.6,0.8371698862734811
dense,LogReg,Dry,2,minmax,FAIR_prefix,7.8,0.9999999999999999,8.3,1.0,10.0,0.9342242174669666,10.36,0.8834997728804828
dense,LogReg,Dry,2,minmax,proposed,4.4,0.9999999999999999,4.2,0.9266360779006398,4.2,0.8874500584062172,4.14,0.8251002945452599
dense,LogReg,Dry,2,rank,relevance_only,7.8,0.9999999999999999,8.3,1.0,10.0,0.9342242174669666,10.36,0.8834997728804828
dense,LogReg,Dry,2,rank,hard_filter,7.8,0.9999999999999999,8.3,1.0,10.0,0.9342242174669666,10.36,0.8834997728804828
dense,LogReg,Dry,2,rank,proportional,4.6,0.9999999999999999,5.2,1.0,5.95,0.9268651891357484,7.44,0.8723945134174619
dense,LogReg,Dry,2,rank,MMR,6.2,0.9999999999999999,6.1,1.0,8.25,0.8576213815513433,9.62,0.8354984409078096
dense,LogReg,Dry,2,rank,FAIR_prefix,7.8,0.9999999999999999,8.3,1.0,10.0,0.9342242174669666,10.36,0.8834997728804828
dense,LogReg,Dry,2,rank,proposed,4.4,0.9999999999999999,4.5,0.9266360779006398,4.2,0.8874500584062172,4.14,0.8251320120516613
full,LogReg,Dry,2,minmax,relevance_only,4.2,0.9999999999999999,2.9,1.0,2.75,0.9999999999999999,2.06,0.9696329365911636
full,LogReg,Dry,2,minmax,hard_filter,1.8,0.9999999999999999,1.4,1.0,1.1,0.9999999999999999,1.1,0.9399184597036059
full,LogReg,Dry,2,minmax,proportional,0.2,0.9999999999999999,0.1,1.0,0.3,0.9999999999999999,0.64,0.9419957776026419
full,LogReg,Dry,2,minmax,MMR,0.6,0.6843515475204854,0.5,0.7951657524814092,1.05,0.8314503768166006,3.54,0.7840543021008243
full,LogReg,Dry,2,minmax,FAIR_prefix,4.2,0.9999999999999999,2.9,1.0,2.75,0.9999999999999999,2.06,0.9696329365911636
full,LogReg,Dry,2,minmax,proposed,0.0,0.9999999999999999,0.0,1.0,0.0,0.9999999999999999,0.0,0.9540232829820147
full,LogReg,Dry,2,rank,relevance_only,4.2,0.9999999999999999,2.9,1.0,2.75,0.9999999999999999,2.06,0.9696329365911636
full,LogReg,Dry,2,rank,hard_filter,1.8,0.9999999999999999,1.4,1.0,1.1,0.9999999999999999,1.1,0.9399184597036059
full,LogReg,Dry,2,rank,proportional,0.0,0.9999999999999999,0.1,1.0,0.3,0.9999999999999999,0.66,0.9540857029072869
full,LogReg,Dry,2,rank,MMR,0.6,0.639945385422766,0.5,0.7663491917568948,0.9,0.7470773268970526,3.22,0.7556991186074135
full,LogReg,Dry,2,rank,FAIR_prefix,4.2,0.9999999999999999,2.9,1.0,2.75,0.9999999999999999,2.06,0.9696329365911636
full,LogReg,Dry,2,rank,proposed,0.0,0.9999999999999999,0.0,1.0,0.0,0.9999999999999999,0.0,0.9540232829820147
dense,LogReg,Dry,3,minmax,relevance_only,8.2,0.9999999999999999,8.7,1.0,8.8,0.9671350294324228,8.32,0.8889553826458091
dense,LogReg,Dry,3,minmax,hard_filter,8.2,0.9999999999999999,8.7,1.0,8.8,0.9671350294324228,8.32,0.8889553826458091
dense,LogReg,Dry,3,minmax,proportional,4.8,0.9999999999999999,4.7,1.0,5.65,0.9243086114681723,6.3,0.896974273471105
dense,LogReg,Dry,3,minmax,MMR,5.8,0.9999999999999999,5.9,0.9216017310213245,7.45,0.9120975666589382,8.18,0.800647692504949
dense,LogReg,Dry,3,minmax,FAIR_prefix,8.2,0.9999999999999999,8.7,1.0,8.8,0.9671350294324228,8.32,0.8889553826458091
dense,LogReg,Dry,3,minmax,proposed,4.2,0.9999999999999999,4.2,0.933745776545611,4.2,0.8497723193724186,4.26,0.797756785922578
dense,LogReg,Dry,3,rank,relevance_only,8.2,0.9999999999999999,8.7,1.0,8.8,0.9671350294324228,8.32,0.8889553826458091
dense,LogReg,Dry,3,rank,hard_filter,8.2,0.9999999999999999,8.7,1.0,8.8,0.9671350294324228,8.32,0.8889553826458091
dense,LogReg,Dry,3,rank,proportional,4.2,0.9999999999999999,4.7,1.0,5.1,0.8902072120101626,6.98,0.8952516790744196
dense,LogReg,Dry,3,rank,MMR,5.0,0.8687949224876581,7.5,0.7778721720600672,7.7,0.8566459526632393,8.48,0.7912040461975423
dense,LogReg,Dry,3,rank,FAIR_prefix,8.2,0.9999999999999999,8.7,1.0,8.8,0.9671350294324228,8.32,0.8889553826458091
dense,LogReg,Dry,3,rank,proposed,4.2,0.9999999999999999,4.2,0.933745776545611,4.2,0.8497723193724186,4.3,0.8112661098515602
full,LogReg,Dry,3,minmax,relevance_only,1.8,0.9999999999999999,1.4,1.0,3.35,0.9999999999999999,2.46,1.0
full,LogReg,Dry,3,minmax,hard_filter,1.8,0.9999999999999999,1.1,1.0,1.0,0.9999999999999999,1.08,0.985963223074562
full,LogReg,Dry,3,minmax,proportional,0.2,0.9999999999999999,0.3,1.0,0.5,0.9999999999999999,0.78,0.971194162124519
full,LogReg,Dry,3,minmax,MMR,3.6,0.8304198973631918,1.9,0.6867151830982592,2.2,0.7282432262389681,2.46,0.7919364056490406
full,LogReg,Dry,3,minmax,FAIR_prefix,1.8,0.9999999999999999,1.4,1.0,2.95,0.9999999999999999,2.46,1.0
full,LogReg,Dry,3,minmax,proposed,0.0,0.9999999999999999,0.0,1.0,0.0,0.9999999999999999,0.0,0.9689018166692104
full,LogReg,Dry,3,rank,relevance_only,1.8,0.9999999999999999,1.4,1.0,3.35,0.9999999999999999,2.46,1.0
full,LogReg,Dry,3,rank,hard_filter,1.8,0.9999999999999999,1.1,1.0,1.0,0.9999999999999999,1.08,0.985963223074562
full,LogReg,Dry,3,rank,proportional,0.0,0.9999999999999999,0.3,1.0,0.4,0.9999999999999999,0.62,0.9711206113525377
full,LogReg,Dry,3,rank,MMR,2.4,0.9999999999999999,2.0,0.7967610662472993,1.85,0.834086055521325,2.52,0.8309933431401991
full,LogReg,Dry,3,rank,FAIR_prefix,1.8,0.9999999999999999,1.4,1.0,2.95,0.9999999999999999,2.46,1.0
full,LogReg,Dry,3,rank,proposed,0.0,0.9999999999999999,0.0,1.0,0.0,0.9999999999999999,0.0,0.9689018166692104
dense,LogReg,Dry,4,minmax,relevance_only,7.8,0.9999999999999999,7.6,1.0,7.65,0.963643712011461,9.22,0.8552380543915138
dense,LogReg,Dry,4,minmax,hard_filter,7.8,0.9999999999999999,7.6,1.0,7.65,0.963643712011461,9.22,0.8552380543915138
dense,LogReg,Dry,4,minmax,proportional,4.6,0.9999999999999999,5.5,0.9266360779006398,5.5,0.880787022225161,6.06,0.8737885527368403
dense,LogReg,Dry,4,minmax,MMR,6.8,0.9999999999999999,5.5,0.9305687780632227,7.3,0.8473826252589306,9.4,0.7934660081483558
dense,LogReg,Dry,4,minmax,FAIR_prefix,7.8,0.9999999999999999,7.6,1.0,7.65,0.963643712011461,9.22,0.8552380543915138
dense,LogReg,Dry,4,minmax,proposed,4.4,0.9999999999999999,4.4,0.8579809428223729,4.15,0.8035212088667815,4.22,0.7770462890318283
dense,LogReg,Dry,4,rank,relevance_only,7.8,0.9999999999999999,7.6,1.0,7.65,0.963643712011461,9.22,0.8552380543915138
dense,LogReg,Dry,4,rank,hard_filter,7.8,0.9999999999999999,7.6,1.0,7.65,0.963643712011461,9.22,0.8552380543915138
dense,LogReg,Dry,4,rank,proportional,4.6,0.9999999999999999,4.9,0.9266360779006398,4.85,0.8787586720483168,6.72,0.8459662696164131
dense,LogReg,Dry,4,rank,MMR,6.8,0.9999999999999999,5.5,0.9305687780632227,7.6,0.8821327979577991,9.66,0.825048238447702
dense,LogReg,Dry,4,rank,FAIR_prefix,7.8,0.9999999999999999,7.6,1.0,7.65,0.963643712011461,9.22,0.8552380543915138
dense,LogReg,Dry,4,rank,proposed,4.8,0.8687949224876581,4.4,0.8512360941594274,4.2,0.8320332743369896,4.24,0.7748952736920515
full,LogReg,Dry,4,minmax,relevance_only,1.6,0.9999999999999999,2.2,1.0,1.75,0.9671350294324228,2.2,0.93674397992092
full,LogReg,Dry,4,minmax,hard_filter,1.6,0.9999999999999999,1.1,1.0,0.75,0.9329115361528115,0.9,0.9053855057815262
full,LogReg,Dry,4,minmax,proportional,0.0,0.9999999999999999,0.0,1.0,0.3,0.9665625086152865,0.5,0.9043834595262795
full,LogReg,Dry,4,minmax,MMR,0.2,0.7227265726449517,0.9,0.7538142945344393,1.1,0.7708596014276679,2.78,0.7711706167682286
full,LogReg,Dry,4,minmax,FAIR_prefix,1.6,0.9999999999999999,2.2,1.0,1.75,0.9671350294324228,2.2,0.93674397992092
full,LogReg,Dry,4,minmax,proposed,0.0,0.9999999999999999,0.0,1.0,0.0,0.9676617088516801,0.0,0.9216717779653446
full,LogReg,Dry,4,rank,relevance_only,1.6,0.9999999999999999,2.2,1.0,1.75,0.9671350294324228,2.2,0.93674397992092
full,LogReg,Dry,4,rank,hard_filter,1.6,0.9999999999999999,1.1,1.0,0.75,0.9329115361528115,0.9,0.9053855057815262
full,LogReg,Dry,4,rank,proportional,0.0,0.9999999999999999,0.0,1.0,0.25,0.9665625086152865,0.52,0.9192659599515539
full,LogReg,Dry,4,rank,MMR,0.2,0.7227265726449517,0.9,0.7538142945344393,1.1,0.7692534861379975,2.6,0.7866495399629778
full,LogReg,Dry,4,rank,FAIR_prefix,1.6,0.9999999999999999,2.2,1.0,1.75,0.9671350294324228,2.2,0.93674397992092
full,LogReg,Dry,4,rank,proposed,0.0,0.9999999999999999,0.0,1.0,0.0,0.9676617088516801,0.0,0.9216717779653446
dense,LogReg,Dry,5,minmax,relevance_only,6.8,0.9999999999999999,9.7,0.933745776545611,9.8,0.9572416874849684,10.62,0.889667136120132
dense,LogReg,Dry,5,minmax,hard_filter,6.8,0.9999999999999999,9.7,0.933745776545611,9.8,0.9572416874849684,10.62,0.889667136120132
dense,LogReg,Dry,5,minmax,proportional,5.2,0.9999999999999999,5.9,1.0,5.65,0.8996345657917268,6.56,0.8720845569097618
dense,LogReg,Dry,5,minmax,MMR,7.0,0.9999999999999999,5.8,1.0,8.1,0.8915657879893333,8.68,0.8341996437237763
dense,LogReg,Dry,5,minmax,FAIR_prefix,6.8,0.9999999999999999,9.7,0.933745776545611,9.8,0.9572416874849684,10.62,0.889667136120132
dense,LogReg,Dry,5,minmax,proposed,4.2,0.9999999999999999,4.3,0.9363792118010483,4.1,0.8140075725683528,4.26,0.795205316542973
dense,LogReg,Dry,5,rank,relevance_only,6.8,0.9999999999999999,9.7,0.933745776545611,9.8,0.9572416874849684,10.62,0.889667136120132
dense,LogReg,Dry,5,rank,hard_filter,6.8,0.9999999999999999,9.7,0.933745776545611,9.8,0.9572416874849684,10.62,0.889667136120132
dense,LogReg,Dry,5,rank,proportional,4.8,0.9999999999999999,5.5,1.0,6.2,0.9665625086152865,7.44,0.8752103537785403
dense,LogReg,Dry,5,rank,MMR,6.6,0.9999999999999999,7.0,0.9363792118010483,8.2,0.9241910479142423,8.88,0.8366863525544316
dense,LogReg,Dry,5,rank,FAIR_prefix,6.8,0.9999999999999999,9.7,0.933745776545611,9.8,0.9572416874849684,10.62,0.889667136120132
dense,LogReg,Dry,5,rank,proposed,4.2,0.9999999999999999,4.3,0.9363792118010483,4.25,0.7833726500902404,4.26,0.7954387346376014
full,LogReg,Dry,5,minmax,relevance_only,4.0,0.9999999999999999,2.8,1.0,2.15,0.9671350294324228,2.6,0.9380887832297534
full,LogReg,Dry,5,minmax,hard_filter,1.6,0.9999999999999999,1.4,1.0,1.1,0.9652498273011313,0.92,0.9496664107035032
full,LogReg,Dry,5,minmax,proportional,0.0,0.9999999999999999,0.1,0.9266360779006398,0.4,0.9192158287374007,0.82,0.941129679403512
full,LogReg,Dry,5,minmax,MMR,1.6,0.9999999999999999,1.8,0.8482378089219645,1.25,0.8251298197252368,3.16,0.8328315199709785
full,LogReg,Dry,5,minmax,FAIR_prefix,4.0,0.9999999999999999,2.8,1.0,2.15,0.9671350294324228,2.6,0.9380887832297534
full,LogReg,Dry,5,minmax,proposed,0.0,0.9999999999999999,0.0,0.9266360779006398,0.0,0.9130322530662984,0.0,0.9097452207788421
full,LogReg,Dry,5,rank,relevance_only,4.0,0.9999999999999999,2.8,1.0,2.15,0.9671350294324228,2.6,0.9380887832297534
full,LogReg,Dry,5,rank,hard_filter,1.6,0.9999999999999999,1.4,1.0,1.1,0.9652498273011313,0.92,0.9496664107035032
full,LogReg,Dry,5,rank,proportional,0.0,0.9999999999999999,0.1,0.9266360779006398,0.35,0.9179031474232454,0.64,0.9404131481367219
full,LogReg,Dry,5,rank,MMR,1.6,0.9999999999999999,1.8,0.8482378089219645,1.3,0.8624365700916814,3.5,0.8528956138607795
full,LogReg,Dry,5,rank,FAIR_prefix,4.0,0.9999999999999999,2.8,1.0,2.15,0.9671350294324228,2.6,0.9380887832297534
full,LogReg,Dry,5,rank,proposed,0.0,0.9999999999999999,0.0,0.9266360779006398,0.0,0.9130322530662984,0.0,0.9097452207788421
dense,LogReg,Dry,6,minmax,relevance_only,8.2,0.9999999999999999,7.0,0.9305687780632227,6.95,0.9551913563983281,9.74,0.8243757008006183
dense,LogReg,Dry,6,minmax,hard_filter,8.2,0.9999999999999999,7.0,0.9305687780632227,6.95,0.9551913563983281,9.74,0.8243757008006183
dense,LogReg,Dry,6,minmax,proportional,4.2,0.9999999999999999,5.3,1.0,5.95,0.92486892303577,6.58,0.8528100198463517
dense,LogReg,Dry,6,minmax,MMR,6.0,0.9999999999999999,5.9,0.9266360779006398,8.0,0.8448445889827165,9.16,0.7774755927526159
dense,LogReg,Dry,6,minmax,FAIR_prefix,8.2,0.9999999999999999,7.0,0.9305687780632227,6.95,0.9551913563983281,9.74,0.8243757008006183
dense,LogReg,Dry,6,minmax,proposed,3.8,0.9999999999999999,4.4,0.9266360779006398,4.2,0.8453211806636035,4.14,0.7961982674894851
dense,LogReg,Dry,6,rank,relevance_only,8.2,0.9999999999999999,7.0,0.9305687780632227,6.95,0.9551913563983281,9.74,0.8243757008006183
dense,LogReg,Dry,6,rank,hard_filter,8.2,0.9999999999999999,7.0,0.9305687780632227,6.95,0.9551913563983281,9.74,0.8243757008006183
dense,LogReg,Dry,6,rank,proportional,3.8,0.9999999999999999,4.7,0.9305687780632227,5.45,0.9196813464899138,7.06,0.8362646124685875
dense,LogReg,Dry,6,rank,MMR,7.0,0.9999999999999999,5.6,0.8603818544462509,8.45,0.8050706788353702,9.3,0.8018495768325515
dense,LogReg,Dry,6,rank,FAIR_prefix,8.2,0.9999999999999999,7.0,0.9305687780632227,6.95,0.9551913563983281,9.74,0.8243757008006183
dense,LogReg,Dry,6,rank,proposed,3.8,0.9999999999999999,4.4,0.9216017310213245,4.3,0.8426446983840085,4.18,0.795025035600571
full,LogReg,Dry,6,minmax,relevance_only,4.2,0.9999999999999999,4.3,1.0,2.65,0.9999999999999999,1.9,1.0
full,LogReg,Dry,6,minmax,hard_filter,1.8,0.9999999999999999,1.0,1.0,1.0,0.9999999999999999,1.02,0.9861910928322911
full,LogReg,Dry,6,minmax,proportional,0.2,0.9999999999999999,0.1,1.0,0.35,0.9999999999999999,0.54,0.9863315949815462
full,LogReg,Dry,6,minmax,MMR,3.4,0.9999999999999999,2.3,0.9266360779006398,2.25,0.9171433102136997,2.12,0.8952313720928202
full,LogReg,Dry,6,minmax,FAIR_prefix,4.2,0.9999999999999999,3.3,1.0,2.65,0.9999999999999999,1.9,1.0
full,LogReg,Dry,6,minmax,proposed,0.0,0.9999999999999999,0.0,1.0,0.0,0.9999999999999999,0.0,1.0
full,LogReg,Dry,6,rank,relevance_only,4.2,0.9999999999999999,4.3,1.0,2.65,0.9999999999999999,1.9,1.0
full,LogReg,Dry,6,rank,hard_filter,1.8,0.9999999999999999,1.0,1.0,1.0,0.9999999999999999,1.02,0.9861910928322911
full,LogReg,Dry,6,rank,proportional,0.0,0.9999999999999999,0.1,1.0,0.3,0.9999999999999999,0.66,0.9861910928322911
full,LogReg,Dry,6,rank,MMR,3.4,0.9999999999999999,2.5,1.0,2.05,0.9243086114681723,2.24,0.8869653938840587
full,LogReg,Dry,6,rank,FAIR_prefix,4.2,0.9999999999999999,3.3,1.0,2.65,0.9999999999999999,1.9,1.0
full,LogReg,Dry,6,rank,proposed,0.0,0.9999999999999999,0.0,1.0,0.0,0.9999999999999999,0.0,1.0
dense,LogReg,Dry,7,minmax,relevance_only,7.0,0.9999999999999999,8.0,1.0,8.9,0.9659370277440174,9.98,0.9388188808375795
dense,LogReg,Dry,7,minmax,hard_filter,7.0,0.9999999999999999,8.0,1.0,8.9,0.9659370277440174,9.98,0.9388188808375795
dense,LogReg,Dry,7,minmax,proportional,4.2,0.9999999999999999,4.8,1.0,5.9,0.9999999999999999,6.6,0.9206308503979554
dense,LogReg,Dry,7,minmax,MMR,6.0,0.9999999999999999,5.8,1.0,7.65,0.9303549584852354,9.0,0.824967848389222
dense,LogReg,Dry,7,minmax,FAIR_prefix,7.0,0.9999999999999999,8.0,1.0,8.9,0.9659370277440174,9.98,0.9388188808375795
dense,LogReg,Dry,7,minmax,proposed,4.2,0.9999999999999999,4.1,1.0,4.1,0.8940707298470643,4.26,0.8235532083748925
dense,LogReg,Dry,7,rank,relevance_only,7.0,0.9999999999999999,8.0,1.0,8.9,0.9659370277440174,9.98,0.9388188808375795
dense,LogReg,Dry,7,rank,hard_filter,7.0,0.9999999999999999,8.0,1.0,8.9,0.9659370277440174,9.98,0.9388188808375795
dense,LogReg,Dry,7,rank,proportional,4.0,0.9999999999999999,4.4,1.0,5.25,0.9999999999999999,7.42,0.9215650848710714
dense,LogReg,Dry,7,rank,MMR,6.0,0.9999999999999999,5.8,1.0,8.7,0.9626932496335552,9.54,0.8429222821683534
dense,LogReg,Dry,7,rank,FAIR_prefix,7.0,0.9999999999999999,8.0,1.0,8.9,0.9659370277440174,9.98,0.9388188808375795
dense,LogReg,Dry,7,rank,proposed,4.2,0.9999999999999999,4.1,1.0,4.1,0.8961432483707651,4.26,0.8245636608934522
full,LogReg,Dry,7,minmax,relevance_only,2.0,0.9999999999999999,2.4,1.0,2.4,0.9999999999999999,2.36,0.9417242275648434
full,LogReg,Dry,7,minmax,hard_filter,2.0,0.9999999999999999,1.3,1.0,1.05,0.9999999999999999,0.9,0.923894120436935
full,LogReg,Dry,7,minmax,proportional,0.2,0.9999999999999999,0.4,1.0,0.3,0.9665625086152865,0.6,0.9231032631495291
full,LogReg,Dry,7,minmax,MMR,0.4,0.8304198973631918,0.8,0.8899541168509599,1.35,0.7924069958448472,2.22,0.8105363378863013
full,LogReg,Dry,7,minmax,FAIR_prefix,2.0,0.9999999999999999,2.4,1.0,2.4,0.9999999999999999,2.36,0.9415808623219095
full,LogReg,Dry,7,minmax,proposed,0.0,0.9999999999999999,0.0,1.0,0.0,0.9616153618346169,0.0,0.9338719327845446
full,LogReg,Dry,7,rank,relevance_only,2.0,0.9999999999999999,2.4,1.0,2.4,0.9999999999999999,2.36,0.9417242275648434
full,LogReg,Dry,7,rank,hard_filter,2.0,0.9999999999999999,1.3,1.0,1.05,0.9999999999999999,0.9,0.923894120436935
full,LogReg,Dry,7,rank,proportional,0.0,0.9999999999999999,0.2,1.0,0.3,0.9665625086152865,0.72,0.9090979000708032
full,LogReg,Dry,7,rank,MMR,0.4,0.7860137352654724,1.7,0.8611375561264455,2.75,0.8020670666039824,2.62,0.8000013848338072
full,LogReg,Dry,7,rank,FAIR_prefix,2.0,0.9999999999999999,2.4,1.0,2.4,0.9999999999999999,2.36,0.9415808623219095
full,LogReg,Dry,7,rank,proposed,0.0,0.9999999999999999,0.0,1.0,0.0,0.9616153618346169,0.0,0.9338719327845446
dense,LogReg,Dry,8,minmax,relevance_only,10.0,0.9999999999999999,8.3,1.0,9.4,0.9659370277440174,9.92,0.9209436070343426
dense,LogReg,Dry,8,minmax,hard_filter,10.0,0.9999999999999999,8.3,1.0,9.4,0.9659370277440174,9.92,0.9209436070343426
dense,LogReg,Dry,8,minmax,proportional,3.8,0.9999999999999999,5.3,1.0,5.7,0.9999999999999999,7.04,0.8967594207693896
dense,LogReg,Dry,8,minmax,MMR,6.6,0.9999999999999999,8.0,1.0,8.7,0.9311868550451489,10.5,0.8718458877621161
dense,LogReg,Dry,8,minmax,FAIR_prefix,10.0,0.9999999999999999,8.3,1.0,9.4,0.9659370277440174,9.92,0.9209436070343426
dense,LogReg,Dry,8,minmax,proposed,3.8,0.9999999999999999,4.0,1.0,4.2,0.8987142075585524,4.14,0.8082169566133353
dense,LogReg,Dry,8,rank,relevance_only,10.0,0.9999999999999999,8.3,1.0,9.4,0.9659370277440174,9.92,0.9209436070343426
dense,LogReg,Dry,8,rank,hard_filter,10.0,0.9999999999999999,8.3,1.0,9.4,0.9659370277440174,9.92,0.9209436070343426
dense,LogReg,Dry,8,rank,proportional,3.6,0.9999999999999999,4.5,1.0,5.9,0.9999999999999999,7.84,0.9118579783306223
dense,LogReg,Dry,8,rank,MMR,6.6,0.9999999999999999,8.0,1.0,8.35,0.9281778704499035,10.6,0.8993610500485965
dense,LogReg,Dry,8,rank,FAIR_prefix,10.0,0.9999999999999999,8.3,1.0,9.4,0.9659370277440174,9.92,0.9209436070343426
dense,LogReg,Dry,8,rank,proposed,3.8,0.9999999999999999,4.0,1.0,4.2,0.8992867283756887,4.14,0.8091035761324207
full,LogReg,Dry,8,minmax,relevance_only,1.6,0.9999999999999999,2.2,1.0,1.85,0.9999999999999999,2.52,0.9688324529924986
full,LogReg,Dry,8,minmax,hard_filter,1.6,0.9999999999999999,1.4,1.0,0.95,0.9676617088516801,1.0,0.9671080266015785
full,LogReg,Dry,8,minmax,proportional,0.0,0.9999999999999999,0.2,1.0,0.3,0.9999999999999999,0.54,0.9538264791478748
full,LogReg,Dry,8,minmax,MMR,0.4,0.9999999999999999,0.9,0.933745776545611,2.1,0.8517685854723971,3.3,0.8592152768113743
full,LogReg,Dry,8,minmax,FAIR_prefix,1.6,0.9999999999999999,2.2,1.0,1.85,0.9999999999999999,2.52,0.9688324529924986
full,LogReg,Dry,8,minmax,proposed,0.0,0.9999999999999999,0.0,1.0,0.0,0.9999999999999999,0.0,0.9703166992454327
full,LogReg,Dry,8,rank,relevance_only,1.6,0.9999999999999999,2.2,1.0,1.85,0.9999999999999999,2.52,0.9688324529924986
full,LogReg,Dry,8,rank,hard_filter,1.6,0.9999999999999999,1.4,1.0,0.95,0.9676617088516801,1.0,0.9671080266015785
full,LogReg,Dry,8,rank,proportional,0.0,0.9999999999999999,0.1,1.0,0.3,0.9999999999999999,0.66,0.9534346621359902
full,LogReg,Dry,8,rank,MMR,1.2,0.9999999999999999,0.7,0.9305687780632227,3.1,0.8888888944460376,2.88,0.8940427303592742
full,LogReg,Dry,8,rank,FAIR_prefix,1.6,0.9999999999999999,2.2,1.0,1.85,0.9999999999999999,2.52,0.9688324529924986
full,LogReg,Dry,8,rank,proposed,0.0,0.9999999999999999,0.0,1.0,0.0,0.9999999999999999,0.0,0.9703166992454327
dense,LogReg,Dry,9,minmax,relevance_only,4.8,0.9999999999999999,7.7,1.0,9.05,0.9263369616450164,9.64,0.8412121495442739
dense,LogReg,Dry,9,minmax,hard_filter,4.8,0.9999999999999999,7.7,1.0,9.05,0.9263369616450164,9.64,0.8412121495442739
dense,LogReg,Dry,9,minmax,proportional,4.8,0.9999999999999999,4.6,0.933745776545611,5.05,0.9176206204291528,6.42,0.8634708906323681
dense,LogReg,Dry,9,minmax,MMR,5.4,0.8304198973631918,8.2,0.8899541168509599,7.8,0.824819559484755,9.02,0.7688999379370407
dense,LogReg,Dry,9,minmax,FAIR_prefix,4.8,0.9999999999999999,7.7,1.0,9.05,0.9263369616450164,9.64,0.8412121495442739
dense,LogReg,Dry,9,minmax,proposed,4.2,0.9999999999999999,4.2,0.8553475075669357,4.15,0.8363858219030685,4.22,0.7120926086856845
dense,LogReg,Dry,9,rank,relevance_only,4.8,0.9999999999999999,7.7,1.0,9.05,0.9263369616450164,9.64,0.8412121495442739
dense,LogReg,Dry,9,rank,hard_filter,4.8,0.9999999999999999,7.7,1.0,9.05,0.9263369616450164,9.64,0.8412121495442739
dense,LogReg,Dry,9,rank,proportional,4.2,0.9999999999999999,4.6,0.9305687780632227,5.05,0.9155702893425125,6.94,0.8501503651468686
dense,LogReg,Dry,9,rank,MMR,5.4,0.8304198973631918,8.7,0.7529694065526481,9.15,0.8077095503508194,8.98,0.7598119022611641
dense,LogReg,Dry,9,rank,FAIR_prefix,4.8,0.9999999999999999,7.7,1.0,9.05,0.9263369616450164,9.64,0.8412121495442739
dense,LogReg,Dry,9,rank,proposed,4.2,0.9999999999999999,4.2,0.8521705090845473,4.15,0.8343354908164281,4.22,0.7112923784719066
full,LogReg,Dry,9,minmax,relevance_only,1.6,0.9999999999999999,1.2,1.0,1.5,0.9676617088516801,2.06,0.9677794475190287
full,LogReg,Dry,9,minmax,hard_filter,1.6,0.9999999999999999,1.0,1.0,1.05,0.9665625086152865,1.2,0.9528233726904313
full,LogReg,Dry,9,minmax,proportional,0.0,0.9999999999999999,0.1,1.0,0.2,0.9616153618346169,0.52,0.9653792182596909
full,LogReg,Dry,9,minmax,MMR,1.4,0.6843515475204854,1.9,0.7951657524814092,3.4,0.8354683736568196,2.92,0.8524370371088138
full,LogReg,Dry,9,minmax,FAIR_prefix,1.6,0.9999999999999999,1.2,1.0,1.5,0.9676617088516801,2.06,0.9677794475190287
full,LogReg,Dry,9,minmax,proposed,0.0,0.9999999999999999,0.0,1.0,0.0,0.9603789329441843,0.0,0.9339715573274682
full,LogReg,Dry,9,rank,relevance_only,1.6,0.9999999999999999,1.2,1.0,1.5,0.9676617088516801,2.06,0.9677794475190287
full,LogReg,Dry,9,rank,hard_filter,1.6,0.9999999999999999,1.0,1.0,1.05,0.9665625086152865,1.2,0.9528233726904313
full,LogReg,Dry,9,rank,proportional,0.0,0.9999999999999999,0.0,1.0,0.2,0.9616153618346169,0.68,0.9651651653384544
full,LogReg,Dry,9,rank,MMR,1.4,0.6843515475204854,2.1,0.7951657524814092,3.1,0.8343691734204259,2.72,0.879286138537979
full,LogReg,Dry,9,rank,FAIR_prefix,1.6,0.9999999999999999,1.2,1.0,1.5,0.9676617088516801,2.06,0.9677794475190287
full,LogReg,Dry,9,rank,proposed,0.0,0.9999999999999999,0.0,1.0,0.0,0.9603789329441843,0.0,0.9339715573274682
dense,LogReg,Normal,0,minmax,relevance_only,10.4,0.6608397947263838,10.8,0.7799082337019198,9.75,0.823209787667474,10.36,0.8737020985131936
dense,LogReg,Normal,0,minmax,hard_filter,10.4,0.6608397947263838,10.8,0.7799082337019198,9.75,0.823209787667474,10.36,0.8737020985131936
dense,LogReg,Normal,0,minmax,proportional,4.6,0.9999999999999999,4.6,0.933745776545611,5.15,0.9572416874849684,6.34,0.9012574191375943
dense,LogReg,Normal,0,minmax,MMR,10.0,0.6608397947263838,8.2,0.7799082337019198,9.55,0.818338893310527,9.42,0.8356493193361023
dense,LogReg,Normal,0,minmax,FAIR_prefix,10.4,0.6608397947263838,10.8,0.7799082337019198,9.75,0.823209787667474,10.36,0.8737020985131936
dense,LogReg,Normal,0,minmax,proposed,4.2,0.9999999999999999,4.3,0.9363792118010483,4.05,0.9234312107046965,4.22,0.8691425388525893
dense,LogReg,Normal,0,rank,relevance_only,10.4,0.6608397947263838,10.8,0.7799082337019198,9.75,0.823209787667474,10.36,0.8737020985131936
dense,LogReg,Normal,0,rank,hard_filter,10.4,0.6608397947263838,10.8,0.7799082337019198,9.75,0.823209787667474,10.36,0.8737020985131936
dense,LogReg,Normal,0,rank,proportional,4.8,0.9999999999999999,4.8,1.0,5.8,0.963643712011461,6.9,0.9066329993389711
dense,LogReg,Normal,0,rank,MMR,13.2,0.6608397947263838,9.2,0.7799082337019198,8.8,0.7887387018102268,9.62,0.820991676113691
dense,LogReg,Normal,0,rank,FAIR_prefix,10.4,0.6608397947263838,10.8,0.7799082337019198,9.75,0.823209787667474,10.36,0.8737020985131936
dense,LogReg,Normal,0,rank,proposed,4.2,0.9999999999999999,4.3,0.9363792118010483,4.05,0.9234312107046965,4.22,0.868518156258759
full,LogReg,Normal,0,minmax,relevance_only,3.6,0.9999999999999999,3.6,0.9305687780632227,2.5,0.9551913563983281,2.08,0.9586307778968001
full,LogReg,Normal,0,minmax,hard_filter,3.6,0.9999999999999999,2.0,1.0,1.5,0.9999999999999999,0.88,0.9826137020047634
full,LogReg,Normal,0,minmax,proportional,0.0,0.9999999999999999,0.0,0.9363792118010483,0.25,0.9589412206131108,0.46,0.9775879347944594
full,LogReg,Normal,0,minmax,MMR,3.4,0.9999999999999999,3.7,0.8553475075669357,2.7,0.9066460045103514,3.34,0.8921222307872664
full,LogReg,Normal,0,minmax,FAIR_prefix,3.6,0.9999999999999999,3.6,0.9305687780632227,2.5,0.9551913563983281,2.08,0.9586307778968001
full,LogReg,Normal,0,minmax,proposed,0.0,0.9999999999999999,0.0,0.9363792118010483,0.0,0.9589412206131108,0.0,0.9633862719791713
full,LogReg,Normal,0,rank,relevance_only,3.6,0.9999999999999999,3.6,0.9305687780632227,2.5,0.9551913563983281,2.08,0.9586307778968001
full,LogReg,Normal,0,rank,hard_filter,3.6,0.9999999999999999,2.0,1.0,1.5,0.9999999999999999,0.88,0.9826137020047634
full,LogReg,Normal,0,rank,proportional,0.0,0.9999999999999999,0.0,0.9363792118010483,0.2,0.9589412206131108,0.58,0.9775879347944594
full,LogReg,Normal,0,rank,MMR,3.4,0.9999999999999999,3.8,0.9266360779006398,2.85,0.952653320122114,3.14,0.9172621838833247
full,LogReg,Normal,0,rank,FAIR_prefix,3.6,0.9999999999999999,3.6,0.9305687780632227,2.5,0.9551913563983281,2.08,0.9586307778968001
full,LogReg,Normal,0,rank,proposed,0.0,0.9999999999999999,0.0,0.9363792118010483,0.0,0.9589412206131108,0.0,0.9633862719791713
dense,LogReg,Normal,1,minmax,relevance_only,8.6,0.7860137352654724,9.4,0.8611375561264455,9.3,0.9103827127966565,9.78,0.8777143686709793
dense,LogReg,Normal,1,minmax,hard_filter,8.6,0.7860137352654724,9.4,0.8611375561264455,9.3,0.9103827127966565,9.78,0.8777143686709793
dense,LogReg,Normal,1,minmax,proportional,4.6,0.9999999999999999,4.5,1.0,5.35,0.9676617088516801,6.58,0.9049622548474642
dense,LogReg,Normal,1,minmax,MMR,7.6,0.8304198973631918,8.0,0.8899541168509599,7.95,0.8607923160995892,9.2,0.8028423319312188
dense,LogReg,Normal,1,minmax,FAIR_prefix,8.6,0.7860137352654724,9.4,0.8611375561264455,9.3,0.9103827127966565,9.78,0.8777143686709793
dense,LogReg,Normal,1,minmax,proposed,4.2,0.9999999999999999,4.2,1.0,4.25,0.9295807397554786,4.16,0.8004096984114191
dense,LogReg,Normal,1,rank,relevance_only,8.6,0.7860137352654724,9.4,0.8611375561264455,9.3,0.9103827127966565,9.78,0.8777143686709793
dense,LogReg,Normal,1,rank,hard_filter,8.6,0.7860137352654724,9.4,0.8611375561264455,9.3,0.9103827127966565,9.78,0.8777143686709793
dense,LogReg,Normal,1,rank,proportional,4.2,0.9999999999999999,4.9,1.0,6.05,0.9999999999999999,7.08,0.9084419259317861
dense,LogReg,Normal,1,rank,MMR,9.4,0.8304198973631918,10.0,0.8205228949141826,10.7,0.81724339375794,9.64,0.854646110642822
dense,LogReg,Normal,1,rank,FAIR_prefix,8.6,0.7860137352654724,9.4,0.8611375561264455,9.3,0.9103827127966565,9.78,0.8777143686709793
dense,LogReg,Normal,1,rank,proposed,4.2,0.9999999999999999,4.2,1.0,4.25,0.9286302773775728,4.18,0.8135844982660124
full,LogReg,Normal,1,minmax,relevance_only,3.0,0.9999999999999999,4.8,0.9216017310213245,3.25,0.9494043170253827,2.32,0.9577129128636754
full,LogReg,Normal,1,minmax,hard_filter,2.4,0.9999999999999999,1.6,1.0,1.1,0.9999999999999999,1.12,0.9846298672989356
full,LogReg,Normal,1,minmax,proportional,0.0,0.9999999999999999,0.3,1.0,0.4,0.9999999999999999,0.62,0.9826137020047634
full,LogReg,Normal,1,minmax,MMR,0.6,0.9999999999999999,0.6,0.9266360779006398,1.9,0.8493690893100156,2.5,0.8291060166708129
full,LogReg,Normal,1,minmax,FAIR_prefix,3.0,0.9999999999999999,3.3,0.9305687780632227,3.15,0.9551913563983281,2.32,0.9608717866955385
full,LogReg,Normal,1,minmax,proposed,0.0,0.9999999999999999,0.0,1.0,0.0,0.9644899900915855,0.0,0.9515090211773762
full,LogReg,Normal,1,rank,relevance_only,3.0,0.9999999999999999,4.8,0.9216017310213245,3.25,0.9494043170253827,2.32,0.9577129128636754
full,LogReg,Normal,1,rank,hard_filter,2.4,0.9999999999999999,1.6,1.0,1.1,0.9999999999999999,1.12,0.9846298672989356
full,LogReg,Normal,1,rank,proportional,0.0,0.9999999999999999,0.1,1.0,0.3,0.9999999999999999,0.8,0.9826137020047634
full,LogReg,Normal,1,rank,MMR,0.6,0.9999999999999999,1.0,1.0,1.75,0.8879523234796335,3.32,0.8652582225240998
full,LogReg,Normal,1,rank,FAIR_prefix,3.0,0.9999999999999999,3.3,0.9305687780632227,3.15,0.9551913563983281,2.32,0.9608717866955385
full,LogReg,Normal,1,rank,proposed,0.0,0.9999999999999999,0.0,1.0,0.0,0.9644899900915855,0.0,0.9515090211773762
dense,LogReg,Normal,2,minmax,relevance_only,8.6,0.8304198973631918,10.3,0.8899541168509599,9.25,0.8905953420177883,10.5,0.8951693215614563
dense,LogReg,Normal,2,minmax,hard_filter,8.6,0.8304198973631918,10.3,0.8899541168509599,9.25,0.8905953420177883,10.5,0.8951693215614563
dense,LogReg,Normal,2,minmax,proportional,4.4,0.9999999999999999,4.5,0.9363792118010483,5.65,0.9589412206131108,6.6,0.9198567566394541
dense,LogReg,Normal,2,minmax,MMR,7.2,0.9999999999999999,8.0,1.0,8.65,0.8934509901206248,9.5,0.8961021371216645
dense,LogReg,Normal,2,minmax,FAIR_prefix,8.6,0.8304198973631918,10.3,0.8899541168509599,9.25,0.8905953420177883,10.5,0.8951693215614563
dense,LogReg,Normal,2,minmax,proposed,4.2,0.9999999999999999,4.2,0.933745776545611,4.1,0.9572416874849684,4.14,0.8682066220401956
dense,LogReg,Normal,2,rank,relevance_only,8.6,0.8304198973631918,10.3,0.8899541168509599,9.25,0.8905953420177883,10.5,0.8951693215614563
dense,LogReg,Normal,2,rank,hard_filter,8.6,0.8304198973631918,10.3,0.8899541168509599,9.25,0.8905953420177883,10.5,0.8951693215614563
dense,LogReg,Normal,2,rank,proportional,3.8,0.9999999999999999,4.5,0.9363792118010483,6.05,0.9589412206131108,7.04,0.9333294468699459
dense,LogReg,Normal,2,rank,MMR,10.8,0.9999999999999999,8.3,1.0,9.4,0.9626932496335552,9.62,0.9162706729338359
dense,LogReg,Normal,2,rank,FAIR_prefix,8.6,0.8304198973631918,10.3,0.8899541168509599,9.25,0.8905953420177883,10.5,0.8951693215614563
dense,LogReg,Normal,2,rank,proposed,4.2,0.9999999999999999,4.2,0.933745776545611,4.1,0.9572416874849684,4.14,0.868595516054438
full,LogReg,Normal,2,minmax,relevance_only,2.6,0.9999999999999999,3.5,1.0,2.95,0.9644899900915855,2.06,0.9504519740617651
full,LogReg,Normal,2,minmax,hard_filter,2.6,0.9999999999999999,1.7,1.0,1.35,0.9999999999999999,1.0,0.9686179956911442
full,LogReg,Normal,2,minmax,proportional,0.0,0.9999999999999999,0.2,1.0,0.25,0.963643712011461,0.58,0.9655862111753443
full,LogReg,Normal,2,minmax,MMR,2.6,0.8304198973631918,1.5,0.8899541168509599,1.95,0.8934699702747569,2.86,0.8684246666336806
full,LogReg,Normal,2,minmax,FAIR_prefix,2.6,0.9999999999999999,3.5,1.0,2.95,0.9644899900915855,2.06,0.9504519740617651
full,LogReg,Normal,2,minmax,proposed,0.0,0.9999999999999999,0.0,1.0,0.0,0.9616153618346169,0.0,0.9790476232781447
full,LogReg,Normal,2,rank,relevance_only,2.6,0.9999999999999999,3.5,1.0,2.95,0.9644899900915855,2.06,0.9504519740617651
full,LogReg,Normal,2,rank,hard_filter,2.6,0.9999999999999999,1.7,1.0,1.35,0.9999999999999999,1.0,0.9686179956911442
full,LogReg,Normal,2,rank,proportional,0.0,0.9999999999999999,0.2,1.0,0.25,0.9652498273011313,0.66,0.9664629143101481
full,LogReg,Normal,2,rank,MMR,2.6,0.7860137352654724,1.7,0.8611375561264455,2.45,0.8707616457408408,2.9,0.8981247770266371
full,LogReg,Normal,2,rank,FAIR_prefix,2.6,0.9999999999999999,3.5,1.0,2.95,0.9644899900915855,2.06,0.9504519740617651
full,LogReg,Normal,2,rank,proposed,0.0,0.9999999999999999,0.0,1.0,0.0,0.9616153618346169,0.0,0.9790476232781447
dense,LogReg,Normal,3,minmax,relevance_only,10.4,0.7860137352654724,9.8,0.8611375561264455,10.2,0.8769452214119431,10.12,0.9033609102290502
dense,LogReg,Normal,3,minmax,hard_filter,10.4,0.7860137352654724,9.8,0.8611375561264455,10.2,0.8769452214119431,10.12,0.9033609102290502
dense,LogReg,Normal,3,minmax,proportional,4.8,0.9999999999999999,5.1,1.0,5.1,0.9999999999999999,6.38,0.8940874777833506
dense,LogReg,Normal,3,minmax,MMR,6.6,0.9999999999999999,8.1,1.0,9.75,0.9256287602453157,9.34,0.8986653691186423
dense,LogReg,Normal,3,minmax,FAIR_prefix,10.4,0.7860137352654724,9.8,0.8611375561264455,10.2,0.8769452214119431,10.12,0.9033609102290502
dense,LogReg,Normal,3,minmax,proposed,4.2,0.9999999999999999,4.4,1.0,4.2,0.9665625086152865,4.18,0.8723181174219518
dense,LogReg,Normal,3,rank,relevance_only,10.4,0.7860137352654724,9.8,0.8611375561264455,10.2,0.8769452214119431,10.12,0.9033609102290502
dense,LogReg,Normal,3,rank,hard_filter,10.4,0.7860137352654724,9.8,0.8611375561264455,10.2,0.8769452214119431,10.12,0.9033609102290502
dense,LogReg,Normal,3,rank,proportional,4.8,0.9999999999999999,5.3,1.0,5.85,0.9652498273011313,7.24,0.9194165846391157
dense,LogReg,Normal,3,rank,MMR,6.6,0.9999999999999999,8.1,1.0,8.9,0.963643712011461,9.78,0.9192337851687746
dense,LogReg,Normal,3,rank,FAIR_prefix,10.4,0.7860137352654724,9.8,0.8611375561264455,10.2,0.8769452214119431,10.12,0.9033609102290502
dense,LogReg,Normal,3,rank,proposed,4.6,0.9999999999999999,4.4,1.0,4.2,0.9665625086152865,4.24,0.8721500440662555
full,LogReg,Normal,3,minmax,relevance_only,2.4,0.9999999999999999,1.7,1.0,2.35,0.92875039126704,2.96,0.9611081746550345
full,LogReg,Normal,3,minmax,hard_filter,2.4,0.9999999999999999,1.4,1.0,1.5,0.9659370277440174,1.4,0.9536393410686625
full,LogReg,Normal,3,minmax,proportional,0.0,0.9999999999999999,0.2,0.9363792118010483,0.65,0.9589412206131108,0.66,0.9495876543910136
full,LogReg,Normal,3,minmax,MMR,0.6,0.9999999999999999,1.5,0.9305687780632227,3.75,0.8887900929940259,3.16,0.8962225955728702
full,LogReg,Normal,3,minmax,FAIR_prefix,2.4,0.9999999999999999,1.7,1.0,2.35,0.92875039126704,2.96,0.9611081746550345
full,LogReg,Normal,3,minmax,proposed,0.0,0.9999999999999999,0.0,0.9305687780632227,0.0,0.9551913563983281,0.0,0.9010363602341454
full,LogReg,Normal,3,rank,relevance_only,2.4,0.9999999999999999,1.7,1.0,2.35,0.92875039126704,2.96,0.9611081746550345
full,LogReg,Normal,3,rank,hard_filter,2.4,0.9999999999999999,1.4,1.0,1.5,0.9659370277440174,1.4,0.9536393410686625
full,LogReg,Normal,3,rank,proportional,0.0,0.9999999999999999,0.2,0.933745776545611,0.5,0.9572416874849684,0.7,0.9348464522912234
full,LogReg,Normal,3,rank,MMR,0.6,0.9999999999999999,0.8,0.9305687780632227,3.85,0.8875762131318825,3.28,0.8669229088156762
full,LogReg,Normal,3,rank,FAIR_prefix,2.4,0.9999999999999999,1.7,1.0,2.35,0.92875039126704,2.96,0.9611081746550345
full,LogReg,Normal,3,rank,proposed,0.0,0.9999999999999999,0.0,0.9305687780632227,0.0,0.9551913563983281,0.0,0.9010363602341454
dense,LogReg,Normal,4,minmax,relevance_only,8.6,0.7860137352654724,11.8,0.8611375561264455,11.25,0.9103827127966565,9.84,0.8760951686793452
dense,LogReg,Normal,4,minmax,hard_filter,8.6,0.7860137352654724,11.8,0.8611375561264455,11.25,0.9103827127966565,9.84,0.8760951686793452
dense,LogReg,Normal,4,minmax,proportional,5.2,0.9999999999999999,4.9,1.0,5.75,0.9999999999999999,6.76,0.8765606573832189
dense,LogReg,Normal,4,minmax,MMR,12.2,0.8539316501572934,9.7,0.7573821447149965,9.2,0.8434223580456792,9.68,0.8415619358891088
dense,LogReg,Normal,4,minmax,FAIR_prefix,8.6,0.7860137352654724,11.8,0.8611375561264455,11.25,0.9103827127966565,9.84,0.8760951686793452
dense,LogReg,Normal,4,minmax,proposed,4.2,0.9999999999999999,4.1,1.0,4.05,0.8946962107183333,4.24,0.8677799325783884
dense,LogReg,Normal,4,rank,relevance_only,8.6,0.7860137352654724,11.8,0.8611375561264455,11.25,0.9103827127966565,9.84,0.8760951686793452
dense,LogReg,Normal,4,rank,hard_filter,8.6,0.7860137352654724,11.8,0.8611375561264455,11.25,0.9103827127966565,9.84,0.8760951686793452
dense,LogReg,Normal,4,rank,proportional,5.2,0.9999999999999999,5.1,1.0,6.1,0.9671350294324228,7.3,0.8775424716778129
dense,LogReg,Normal,4,rank,MMR,12.2,0.8687949224876581,10.1,0.8364586133797036,9.8,0.8944557289533969,9.42,0.8385396356904358
dense,LogReg,Normal,4,rank,FAIR_prefix,8.6,0.7860137352654724,11.8,0.8611375561264455,11.25,0.9103827127966565,9.84,0.8760951686793452
dense,LogReg,Normal,4,rank,proposed,3.8,0.9999999999999999,4.2,1.0,4.05,0.8952687315354697,4.24,0.8680822606870876
full,LogReg,Normal,4,minmax,relevance_only,2.0,0.9999999999999999,2.6,1.0,2.9,0.9603789329441843,2.28,0.9474827335840215
full,LogReg,Normal,4,minmax,hard_filter,2.0,0.9999999999999999,2.4,1.0,1.4,0.9999999999999999,1.08,0.9544027549066242
full,LogReg,Normal,4,minmax,proportional,0.2,0.9999999999999999,0.3,1.0,0.55,0.9671350294324228,0.72,0.968392146358436
full,LogReg,Normal,4,minmax,MMR,0.4,0.9999999999999999,2.8,0.8579809428223729,4.6,0.8742825653825113,3.12,0.886030462269821
full,LogReg,Normal,4,minmax,FAIR_prefix,2.0,0.9999999999999999,2.6,1.0,2.9,0.9603789329441843,2.28,0.9474827335840215
full,LogReg,Normal,4,minmax,proposed,0.0,0.9999999999999999,0.0,1.0,0.0,0.9626932496335552,0.0,0.9643959773485206
full,LogReg,Normal,4,rank,relevance_only,2.0,0.9999999999999999,2.6,1.0,2.9,0.9603789329441843,2.28,0.9474827335840215
full,LogReg,Normal,4,rank,hard_filter,2.0,0.9999999999999999,2.4,1.0,1.4,0.9999999999999999,1.08,0.9544027549066242
full,LogReg,Normal,4,rank,proportional,0.0,0.9999999999999999,0.1,1.0,0.35,0.9659370277440174,0.66,0.9814066183482458
full,LogReg,Normal,4,rank,MMR,0.4,0.9999999999999999,2.2,0.9216017310213245,4.2,0.8769567066040175,3.1,0.8870177262628709
full,LogReg,Normal,4,rank,FAIR_prefix,2.0,0.9999999999999999,2.6,1.0,2.9,0.9603789329441843,2.28,0.9474827335840215
full,LogReg,Normal,4,rank,proposed,0.0,0.9999999999999999,0.0,1.0,0.0,0.9626932496335552,0.0,0.9643959773485206
dense,LogReg,Normal,5,minmax,relevance_only,7.8,0.6608397947263838,7.2,0.7799082337019198,9.15,0.8224499504579282,9.78,0.857413893553867
dense,LogReg,Normal,5,minmax,hard_filter,7.8,0.6608397947263838,7.2,0.7799082337019198,9.15,0.8224499504579282,9.78,0.857413893553867
dense,LogReg,Normal,5,minmax,proportional,4.2,0.9999999999999999,4.8,1.0,5.05,0.9999999999999999,6.6,0.8767565856642854
dense,LogReg,Normal,5,minmax,MMR,6.8,0.6608397947263838,9.2,0.6378891765242928,8.3,0.6984571969481024,8.68,0.7328634160789933
dense,LogReg,Normal,5,minmax,FAIR_prefix,7.8,0.6608397947263838,7.2,0.7799082337019198,9.15,0.8224499504579282,9.78,0.857413893553867
dense,LogReg,Normal,5,minmax,proposed,4.2,0.9999999999999999,4.1,1.0,4.2,0.9297398173927169,4.24,0.8257278880924551
dense,LogReg,Normal,5,rank,relevance_only,7.8,0.6608397947263838,7.2,0.7799082337019198,9.15,0.8224499504579282,9.78,0.857413893553867
dense,LogReg,Normal,5,rank,hard_filter,7.8,0.6608397947263838,7.2,0.7799082337019198,9.15,0.8224499504579282,9.78,0.857413893553867
dense,LogReg,Normal,5,rank,proportional,4.2,0.9999999999999999,4.8,1.0,5.15,0.9676617088516801,7.16,0.8920189469086632
dense,LogReg,Normal,5,rank,MMR,6.8,0.6608397947263838,6.7,0.7799082337019198,7.15,0.7446758549555436,9.02,0.7689671300346054
dense,LogReg,Normal,5,rank,FAIR_prefix,7.8,0.6608397947263838,7.2,0.7799082337019198,9.15,0.8224499504579282,9.78,0.857413893553867
dense,LogReg,Normal,5,rank,proposed,4.2,0.9999999999999999,4.1,1.0,4.2,0.930427017835603,4.24,0.8260597889776655
full,LogReg,Normal,5,minmax,relevance_only,2.4,0.9999999999999999,2.8,0.933745776545611,2.4,0.9572416874849684,2.18,0.9475192437255434
full,LogReg,Normal,5,minmax,hard_filter,2.4,0.9999999999999999,1.3,1.0,1.2,0.9999999999999999,1.16,0.9695141080875853
full,LogReg,Normal,5,minmax,proportional,0.0,0.9999999999999999,0.0,1.0,0.2,0.9676617088516801,0.68,0.9671080266015785
full,LogReg,Normal,5,minmax,MMR,2.2,0.8687949224876581,1.6,0.8454256604216017,2.35,0.8638864803378035,3.48,0.8357645625093276
full,LogReg,Normal,5,minmax,FAIR_prefix,2.4,0.9999999999999999,2.8,0.933745776545611,2.4,0.9572416874849684,2.18,0.9475192437255434
full,LogReg,Normal,5,minmax,proposed,0.0,0.9999999999999999,0.0,1.0,0.0,0.9652498273011313,0.0,0.9810315078027007
full,LogReg,Normal,5,rank,relevance_only,2.4,0.9999999999999999,2.8,0.933745776545611,2.4,0.9572416874849684,2.18,0.9475192437255434
full,LogReg,Normal,5,rank,hard_filter,2.4,0.9999999999999999,1.3,1.0,1.2,0.9999999999999999,1.16,0.9695141080875853
full,LogReg,Normal,5,rank,proportional,0.0,0.9999999999999999,0.0,1.0,0.25,0.9999999999999999,0.7,0.9676167712969913
full,LogReg,Normal,5,rank,MMR,0.4,0.8687949224876581,2.5,0.8454256604216017,2.25,0.9002427683263422,2.94,0.857120757559212
full,LogReg,Normal,5,rank,FAIR_prefix,2.4,0.9999999999999999,2.8,0.933745776545611,2.4,0.9572416874849684,2.18,0.9475192437255434
full,LogReg,Normal,5,rank,proposed,0.0,0.9999999999999999,0.0,1.0,0.0,0.9652498273011313,0.0,0.9810315078027007
dense,LogReg,Normal,6,minmax,relevance_only,7.6,0.7860137352654724,7.3,0.8611375561264455,9.55,0.8364880647228592,10.66,0.8185165860457212
dense,LogReg,Normal,6,minmax,hard_filter,7.6,0.7860137352654724,7.3,0.8611375561264455,9.55,0.8364880647228592,10.66,0.8185165860457212
dense,LogReg,Normal,6,minmax,proportional,4.6,0.8687949224876581,5.0,0.914856882358379,5.15,0.8754784297636171,6.4,0.8243171920484745
dense,LogReg,Normal,6,minmax,MMR,8.0,0.8539316501572934,8.2,0.9052116356304493,8.15,0.8311006740110021,9.58,0.8299233559314286
dense,LogReg,Normal,6,minmax,FAIR_prefix,7.6,0.7860137352654724,7.3,0.8611375561264455,9.55,0.8364880647228592,10.66,0.8185165860457212
dense,LogReg,Normal,6,minmax,proposed,4.2,0.8539316501572934,4.3,0.9052116356304493,4.0,0.832277674742593,4.4,0.8035415287288862
dense,LogReg,Normal,6,rank,relevance_only,7.6,0.7860137352654724,7.3,0.8611375561264455,9.55,0.8364880647228592,10.66,0.8185165860457212
dense,LogReg,Normal,6,rank,hard_filter,7.6,0.7860137352654724,7.3,0.8611375561264455,9.55,0.8364880647228592,10.66,0.8185165860457212
dense,LogReg,Normal,6,rank,proportional,4.2,0.8539316501572934,4.7,0.9052116356304493,5.4,0.8677202239345607,7.32,0.8353535114775862
dense,LogReg,Normal,6,rank,MMR,8.0,0.8687949224876581,6.6,0.914856882358379,8.4,0.8335640469752453,9.7,0.834284290327196
dense,LogReg,Normal,6,rank,FAIR_prefix,7.6,0.7860137352654724,7.3,0.8611375561264455,9.55,0.8364880647228592,10.66,0.8185165860457212
dense,LogReg,Normal,6,rank,proposed,4.2,0.8687949224876581,4.3,0.914856882358379,4.05,0.8370553643962071,4.44,0.8199583529766344
full,LogReg,Normal,6,minmax,relevance_only,2.2,0.9999999999999999,3.7,0.9363792118010483,2.7,0.9589412206131108,2.26,0.946993507066187
full,LogReg,Normal,6,minmax,hard_filter,1.6,0.9999999999999999,1.9,1.0,1.45,0.9999999999999999,1.2,0.9683156944047123
full,LogReg,Normal,6,minmax,proportional,0.0,0.9999999999999999,0.0,1.0,0.3,0.963643712011461,0.56,0.9801548046678968
full,LogReg,Normal,6,minmax,MMR,1.8,0.8687949224876581,3.9,0.8454256604216017,2.3,0.9002427683263422,3.1,0.8391629713375973
full,LogReg,Normal,6,minmax,FAIR_prefix,2.2,0.9999999999999999,3.7,0.9363792118010483,2.7,0.9589412206131108,2.26,0.946993507066187
full,LogReg,Normal,6,minmax,proposed,0.0,0.9999999999999999,0.0,1.0,0.0,0.9626932496335552,0.0,0.9650673982659705
full,LogReg,Normal,6,rank,relevance_only,2.2,0.9999999999999999,3.7,0.9363792118010483,2.7,0.9589412206131108,2.26,0.946993507066187
full,LogReg,Normal,6,rank,hard_filter,1.6,0.9999999999999999,1.9,1.0,1.45,0.9999999999999999,1.2,0.9683156944047123
full,LogReg,Normal,6,rank,proportional,0.0,0.9999999999999999,0.0,1.0,0.15,0.963643712011461,0.56,0.9801548046678968
full,LogReg,Normal,6,rank,MMR,3.8,0.9999999999999999,3.8,0.8521705090845473,2.7,0.9045956734237109,2.58,0.8723580591680422
full,LogReg,Normal,6,rank,FAIR_prefix,2.2,0.9999999999999999,3.7,0.9363792118010483,2.7,0.9589412206131108,2.26,0.946993507066187
full,LogReg,Normal,6,rank,proposed,0.0,0.9999999999999999,0.0,1.0,0.0,0.9626932496335552,0.0,0.9650673982659705
dense,LogReg,Normal,7,minmax,relevance_only,8.8,0.6608397947263838,7.2,0.7136540102475308,9.45,0.815201647851311,10.42,0.8991272322246524
dense,LogReg,Normal,7,minmax,hard_filter,8.8,0.6608397947263838,7.2,0.7136540102475308,9.45,0.815201647851311,10.42,0.8991272322246524
dense,LogReg,Normal,7,minmax,proportional,4.8,0.9999999999999999,5.0,0.9363792118010483,5.5,0.9589412206131108,6.5,0.8892793987451358
dense,LogReg,Normal,7,minmax,MMR,9.0,0.6608397947263838,8.0,0.7162874455029681,11.3,0.8169011809794535,9.4,0.852124546837606
dense,LogReg,Normal,7,minmax,FAIR_prefix,8.8,0.6608397947263838,7.2,0.7136540102475308,9.45,0.815201647851311,10.42,0.8991272322246524
dense,LogReg,Normal,7,minmax,proposed,4.4,0.9999999999999999,4.1,1.0,4.25,0.9316250195240084,4.38,0.8231212402841117
dense,LogReg,Normal,7,rank,relevance_only,8.8,0.6608397947263838,7.2,0.7136540102475308,9.45,0.815201647851311,10.42,0.8991272322246524
dense,LogReg,Normal,7,rank,hard_filter,8.8,0.6608397947263838,7.2,0.7136540102475308,9.45,0.815201647851311,10.42,0.8991272322246524
dense,LogReg,Normal,7,rank,proportional,4.8,0.9999999999999999,5.4,0.933745776545611,6.05,0.9572416874849684,7.32,0.9315477791945237
dense,LogReg,Normal,7,rank,MMR,9.0,0.6608397947263838,8.0,0.7136540102475308,10.65,0.815201647851311,9.96,0.8398517493873595
dense,LogReg,Normal,7,rank,FAIR_prefix,8.8,0.6608397947263838,7.2,0.7136540102475308,9.45,0.815201647851311,10.42,0.8991272322246524
dense,LogReg,Normal,7,rank,proposed,4.4,0.9999999999999999,4.1,1.0,4.25,0.9316250195240084,4.38,0.822553751297629
full,LogReg,Normal,7,minmax,relevance_only,5.6,0.8687949224876581,3.3,0.914856882358379,3.35,0.945051411928014,2.14,0.955969361659018
full,LogReg,Normal,7,minmax,hard_filter,2.4,0.9999999999999999,1.5,1.0,1.2,0.9999999999999999,1.22,0.9853307271990933
full,LogReg,Normal,7,minmax,proportional,0.0,0.9999999999999999,0.1,1.0,0.35,0.9999999999999999,0.56,0.9840400760956514
full,LogReg,Normal,7,minmax,MMR,0.2,0.8539316501572934,1.9,0.7534494445524138,2.85,0.7719368204763374,3.6,0.816893481063539
full,LogReg,Normal,7,minmax,FAIR_prefix,5.6,0.8687949224876581,3.3,0.914856882358379,3.35,0.945051411928014,2.14,0.955969361659018
full,LogReg,Normal,7,minmax,proposed,0.0,0.9999999999999999,0.0,1.0,0.0,0.9999999999999999,0.0,0.9389107215706467
full,LogReg,Normal,7,rank,relevance_only,5.6,0.8687949224876581,3.3,0.914856882358379,3.35,0.945051411928014,2.14,0.955969361659018
full,LogReg,Normal,7,rank,hard_filter,2.4,0.9999999999999999,1.5,1.0,1.2,0.9999999999999999,1.22,0.9853307271990933
full,LogReg,Normal,7,rank,proportional,0.0,0.9999999999999999,0.0,1.0,0.2,0.9999999999999999,0.66,0.9840400760956514
full,LogReg,Normal,7,rank,MMR,1.4,0.8687949224876581,1.3,0.7630946912803435,2.75,0.8087244109101283,3.6,0.8520148069023211
full,LogReg,Normal,7,rank,FAIR_prefix,5.6,0.8687949224876581,3.3,0.914856882358379,3.35,0.945051411928014,2.14,0.955969361659018
full,LogReg,Normal,7,rank,proposed,0.0,0.9999999999999999,0.0,1.0,0.0,0.9999999999999999,0.0,0.9389107215706467
dense,LogReg,Normal,8,minmax,relevance_only,10.0,0.7860137352654724,8.8,0.8611375561264455,10.4,0.9103827127966565,9.66,0.9086390522111278
dense,LogReg,Normal,8,minmax,hard_filter,10.0,0.7860137352654724,8.8,0.8611375561264455,10.4,0.9103827127966565,9.66,0.9086390522111278
dense,LogReg,Normal,8,minmax,proportional,4.2,0.9999999999999999,5.0,1.0,5.7,0.9999999999999999,6.58,0.8679899419577748
dense,LogReg,Normal,8,minmax,MMR,11.0,0.8304198973631918,10.2,0.8899541168509599,8.45,0.8587197975758883,8.9,0.8347256900071717
dense,LogReg,Normal,8,minmax,FAIR_prefix,10.0,0.7860137352654724,8.8,0.8611375561264455,10.4,0.9103827127966565,9.66,0.9086390522111278
dense,LogReg,Normal,8,minmax,proposed,4.2,0.9999999999999999,4.4,1.0,4.25,0.897562047268026,4.18,0.8083003055493739
dense,LogReg,Normal,8,rank,relevance_only,10.0,0.7860137352654724,8.8,0.8611375561264455,10.4,0.9103827127966565,9.66,0.9086390522111278
dense,LogReg,Normal,8,rank,hard_filter,10.0,0.7860137352654724,8.8,0.8611375561264455,10.4,0.9103827127966565,9.66,0.9086390522111278
dense,LogReg,Normal,8,rank,proportional,4.2,0.9999999999999999,5.0,1.0,6.0,0.9999999999999999,7.22,0.8841231030195267
dense,LogReg,Normal,8,rank,MMR,11.0,0.8304198973631918,9.7,0.8899541168509599,8.75,0.856923057117858,9.0,0.8478011379850265
dense,LogReg,Normal,8,rank,FAIR_prefix,10.0,0.7860137352654724,8.8,0.8611375561264455,10.4,0.9103827127966565,9.66,0.9086390522111278
dense,LogReg,Normal,8,rank,proposed,4.2,0.9999999999999999,4.4,1.0,4.25,0.89687484682514,4.18,0.8079432121035065
full,LogReg,Normal,8,minmax,relevance_only,3.0,0.9999999999999999,2.2,1.0,2.8,0.9603789329441843,2.78,0.9642548921754042
full,LogReg,Normal,8,minmax,hard_filter,3.6,0.9999999999999999,1.9,1.0,1.15,0.9999999999999999,1.18,0.970828395823338
full,LogReg,Normal,8,minmax,proportional,0.0,0.9999999999999999,0.1,1.0,0.5,0.9999999999999999,0.6,0.9700612738063831
full,LogReg,Normal,8,minmax,MMR,0.6,0.9999999999999999,0.6,0.9216017310213245,2.65,0.880183058469267,3.36,0.828609652467806
full,LogReg,Normal,8,minmax,FAIR_prefix,3.0,0.9999999999999999,2.2,1.0,2.8,0.9603789329441843,2.78,0.9642548921754042
full,LogReg,Normal,8,minmax,proposed,0.0,0.9999999999999999,0.0,1.0,0.0,0.9665625086152865,0.0,0.9384670663730436
full,LogReg,Normal,8,rank,relevance_only,3.0,0.9999999999999999,2.2,1.0,2.8,0.9603789329441843,2.78,0.9642548921754042
full,LogReg,Normal,8,rank,hard_filter,3.6,0.9999999999999999,1.9,1.0,1.15,0.9999999999999999,1.18,0.970828395823338
full,LogReg,Normal,8,rank,proportional,0.0,0.9999999999999999,0.1,1.0,0.3,0.9999999999999999,0.68,0.9697467305148428
full,LogReg,Normal,8,rank,MMR,0.6,0.9999999999999999,0.6,0.9305687780632227,2.65,0.9204411836994596,3.32,0.8560231152064234
full,LogReg,Normal,8,rank,FAIR_prefix,3.0,0.9999999999999999,2.2,1.0,2.8,0.9603789329441843,2.78,0.9642548921754042
full,LogReg,Normal,8,rank,proposed,0.0,0.9999999999999999,0.0,1.0,0.0,0.9665625086152865,0.0,0.9384670663730436
dense,LogReg,Normal,9,minmax,relevance_only,7.6,0.6608397947263838,8.9,0.7799082337019198,9.3,0.8224499504579282,9.54,0.8462017107851287
dense,LogReg,Normal,9,minmax,hard_filter,7.6,0.6608397947263838,8.9,0.7799082337019198,9.3,0.8224499504579282,9.54,0.8462017107851287
dense,LogReg,Normal,9,minmax,proportional,4.8,0.9999999999999999,5.1,1.0,5.25,0.9626932496335552,6.56,0.9173711422947551
dense,LogReg,Normal,9,minmax,MMR,8.2,0.6608397947263838,6.4,0.7799082337019198,7.9,0.7877882394323209,8.88,0.8401453163577532
dense,LogReg,Normal,9,minmax,FAIR_prefix,7.6,0.6608397947263838,8.9,0.7799082337019198,9.3,0.8224499504579282,9.54,0.8462017107851287
dense,LogReg,Normal,9,minmax,proposed,4.4,0.9999999999999999,4.3,1.0,3.95,0.963643712011461,4.18,0.877535725912352
dense,LogReg,Normal,9,rank,relevance_only,7.6,0.6608397947263838,8.9,0.7799082337019198,9.3,0.8224499504579282,9.54,0.8462017107851287
dense,LogReg,Normal,9,rank,hard_filter,7.6,0.6608397947263838,8.9,0.7799082337019198,9.3,0.8224499504579282,9.54,0.8462017107851287
dense,LogReg,Normal,9,rank,proportional,4.8,0.9999999999999999,5.1,1.0,5.75,0.9603789329441843,6.94,0.9174718804001503
dense,LogReg,Normal,9,rank,MMR,8.2,0.6608397947263838,8.8,0.7799082337019198,7.9,0.818338893310527,9.22,0.8421350871104538
dense,LogReg,Normal,9,rank,FAIR_prefix,7.6,0.6608397947263838,8.9,0.7799082337019198,9.3,0.8224499504579282,9.54,0.8462017107851287
dense,LogReg,Normal,9,rank,proposed,4.4,0.9999999999999999,4.3,1.0,3.95,0.963643712011461,4.22,0.8779528333975992
full,LogReg,Normal,9,minmax,relevance_only,1.6,0.9999999999999999,3.7,0.9266360779006398,2.25,0.952653320122114,2.0,0.9595870708371114
full,LogReg,Normal,9,minmax,hard_filter,1.6,0.9999999999999999,1.5,1.0,1.05,0.9999999999999999,0.92,0.9848842407886497
full,LogReg,Normal,9,minmax,proportional,0.0,0.9999999999999999,0.0,1.0,0.25,0.9999999999999999,0.58,0.9838720027399551
full,LogReg,Normal,9,minmax,MMR,2.2,0.8539316501572934,1.2,0.8268133666517739,2.8,0.8509242512809062,2.44,0.8596398537023353
full,LogReg,Normal,9,minmax,FAIR_prefix,1.6,0.9999999999999999,3.7,0.9266360779006398,2.25,0.952653320122114,2.0,0.9595870708371114
full,LogReg,Normal,9,minmax,proposed,0.0,0.9999999999999999,0.0,1.0,0.0,0.9999999999999999,0.0,0.9536360932259533
full,LogReg,Normal,9,rank,relevance_only,1.6,0.9999999999999999,3.7,0.9266360779006398,2.25,0.952653320122114,2.0,0.9595870708371114
full,LogReg,Normal,9,rank,hard_filter,1.6,0.9999999999999999,1.5,1.0,1.05,0.9999999999999999,0.92,0.9848842407886497
full,LogReg,Normal,9,rank,proportional,0.0,0.9999999999999999,0.0,1.0,0.25,0.9999999999999999,0.58,0.9836940396642968
full,LogReg,Normal,9,rank,MMR,2.2,0.8539316501572934,3.0,0.8415908474314976,2.85,0.8643304138503656,2.3,0.8812933993743849
full,LogReg,Normal,9,rank,FAIR_prefix,1.6,0.9999999999999999,3.7,0.9266360779006398,2.25,0.952653320122114,2.0,0.9595870708371114
full,LogReg,Normal,9,rank,proposed,0.0,0.9999999999999999,0.0,1.0,0.0,0.9999999999999999,0.0,0.9536360932259533
dense,LogReg,Oily,0,minmax,relevance_only,11.6,0.6608397947263838,13.2,0.7799082337019198,11.65,0.8250949897987655,10.9,0.8312042957603694
dense,LogReg,Oily,0,minmax,hard_filter,11.6,0.6608397947263838,13.2,0.7799082337019198,11.65,0.8250949897987655,10.9,0.8312042957603694
dense,LogReg,Oily,0,minmax,proportional,4.2,0.8687949224876581,5.1,0.914856882358379,6.4,0.8425413998456726,7.2,0.798010501949838
dense,LogReg,Oily,0,minmax,MMR,8.6,0.529634717214042,7.0,0.6163668470816234,11.35,0.7524156893197396,10.92,0.7588450445463619
dense,LogReg,Oily,0,minmax,FAIR_prefix,11.6,0.6608397947263838,13.2,0.7799082337019198,11.65,0.8250949897987655,10.9,0.8312042957603694
dense,LogReg,Oily,0,minmax,proposed,3.6,0.8539316501572934,3.8,0.835780413693672,4.15,0.7923399254978681,4.12,0.7317252534500942
dense,LogReg,Oily,0,rank,relevance_only,11.6,0.6608397947263838,13.2,0.7799082337019198,11.65,0.8250949897987655,10.9,0.8312042957603694
dense,LogReg,Oily,0,rank,hard_filter,11.6,0.6608397947263838,13.2,0.7799082337019198,11.65,0.8250949897987655,10.9,0.8312042957603694
dense,LogReg,Oily,0,rank,proportional,4.2,0.8539316501572934,4.8,0.9052116356304493,6.2,0.8690329052487158,8.12,0.8400315500918465
dense,LogReg,Oily,0,rank,MMR,10.0,0.49125969208957565,8.4,0.5914640815742043,11.65,0.6979596194095139,10.34,0.7745007295394254
dense,LogReg,Oily,0,rank,FAIR_prefix,11.6,0.6608397947263838,13.2,0.7799082337019198,11.65,0.8250949897987655,10.9,0.8312042957603694
dense,LogReg,Oily,0,rank,proposed,3.6,0.8539316501572934,4.0,0.835780413693672,4.15,0.7917674046807318,4.12,0.7315261017346745
full,LogReg,Oily,0,minmax,relevance_only,6.2,0.6608397947263838,4.1,0.7799082337019198,4.9,0.8579599603663426,4.52,0.9078983994964391
full,LogReg,Oily,0,minmax,hard_filter,2.6,0.9999999999999999,2.0,1.0,1.85,0.9999999999999999,1.28,0.9548832387432163
full,LogReg,Oily,0,minmax,proportional,0.2,0.9999999999999999,0.5,1.0,0.75,0.9999999999999999,1.04,0.9689799006538001
full,LogReg,Oily,0,minmax,MMR,5.0,0.529634717214042,4.0,0.6947651160602988,3.15,0.6938824923778156,4.66,0.7878703611896234
full,LogReg,Oily,0,minmax,FAIR_prefix,5.8,0.8539316501572934,3.9,0.9052116356304493,4.2,0.938826684621968,4.08,0.937754997823261
full,LogReg,Oily,0,minmax,proposed,0.0,0.9999999999999999,0.0,1.0,0.0,0.9999999999999999,0.0,0.939400568233135
full,LogReg,Oily,0,rank,relevance_only,6.2,0.6608397947263838,4.1,0.7799082337019198,4.9,0.8579599603663426,4.52,0.9078983994964391
full,LogReg,Oily,0,rank,hard_filter,2.6,0.9999999999999999,2.0,1.0,1.85,0.9999999999999999,1.28,0.9548832387432163
full,LogReg,Oily,0,rank,proportional,0.0,0.9999999999999999,0.2,1.0,0.55,0.9999999999999999,0.76,0.9682220360948196
full,LogReg,Oily,0,rank,MMR,3.4,0.6608397947263838,4.3,0.7162874455029681,3.7,0.7388954757582551,4.9,0.7983203156422994
full,LogReg,Oily,0,rank,FAIR_prefix,5.8,0.8539316501572934,3.9,0.9052116356304493,4.2,0.938826684621968,4.08,0.937754997823261
full,LogReg,Oily,0,rank,proposed,0.0,0.9999999999999999,0.0,1.0,0.0,0.9999999999999999,0.0,0.939400568233135
dense,LogReg,Oily,1,minmax,relevance_only,14.4,0.8304198973631918,12.3,0.8899541168509599,12.15,0.9289799801831712,11.56,0.9138897962277526
dense,LogReg,Oily,1,minmax,hard_filter,14.4,0.8304198973631918,12.3,0.8899541168509599,12.15,0.9289799801831712,11.56,0.9138897962277526
dense,LogReg,Oily,1,minmax,proportional,5.0,0.9999999999999999,4.9,0.9216017310213245,6.85,0.8798313348609861,6.94,0.8626358905854915
dense,LogReg,Oily,1,minmax,MMR,8.6,0.7860137352654724,11.2,0.8611375561264455,10.2,0.8396384710454983,10.02,0.8237982495834867
dense,LogReg,Oily,1,minmax,FAIR_prefix,14.4,0.8304198973631918,12.3,0.8899541168509599,12.15,0.9289799801831712,11.56,0.9138897962277526
dense,LogReg,Oily,1,minmax,proposed,3.4,0.8539316501572934,3.9,0.9052116356304493,3.8,0.8992056175661525,4.1,0.7821954186344486
dense,LogReg,Oily,1,rank,relevance_only,14.4,0.8304198973631918,12.3,0.8899541168509599,12.15,0.9289799801831712,11.56,0.9138897962277526
dense,LogReg,Oily,1,rank,hard_filter,14.4,0.8304198973631918,12.3,0.8899541168509599,12.15,0.9289799801831712,11.56,0.9138897962277526
dense,LogReg,Oily,1,rank,proportional,4.2,0.8687949224876581,4.9,0.914856882358379,6.45,0.9095414020195997,7.3,0.890344163313365
dense,LogReg,Oily,1,rank,MMR,11.4,0.7860137352654724,9.8,0.8611375561264455,10.55,0.8367196744416731,9.96,0.8359586321460732
dense,LogReg,Oily,1,rank,FAIR_prefix,14.4,0.8304198973631918,12.3,0.8899541168509599,12.15,0.9289799801831712,11.56,0.9138897962277526
dense,LogReg,Oily,1,rank,proposed,3.4,0.8539316501572934,3.9,0.9052116356304493,3.8,0.8992056175661525,4.1,0.7816188139329434
full,LogReg,Oily,1,minmax,relevance_only,5.6,0.9999999999999999,5.8,0.9266360779006398,3.05,0.952653320122114,4.04,0.9433583942687123
full,LogReg,Oily,1,minmax,hard_filter,1.4,0.9999999999999999,1.6,1.0,1.4,0.9999999999999999,1.26,0.9388177121525739
full,LogReg,Oily,1,minmax,proportional,0.2,0.9999999999999999,0.1,1.0,0.8,0.9999999999999999,0.6,0.936855386318261
full,LogReg,Oily,1,minmax,MMR,3.0,0.8304198973631918,4.2,0.8263333286520083,5.6,0.8879212007962822,4.74,0.908936409454105
full,LogReg,Oily,1,minmax,FAIR_prefix,5.6,0.9999999999999999,4.0,1.0,3.05,0.9616153618346169,4.04,0.9482503532171931
full,LogReg,Oily,1,minmax,proposed,0.0,0.9999999999999999,0.0,1.0,0.0,0.9644899900915855,0.0,0.9497434865528822
full,LogReg,Oily,1,rank,relevance_only,5.6,0.9999999999999999,5.8,0.9266360779006398,3.05,0.952653320122114,4.04,0.9433583942687123
full,LogReg,Oily,1,rank,hard_filter,1.4,0.9999999999999999,1.6,1.0,1.4,0.9999999999999999,1.26,0.9388177121525739
full,LogReg,Oily,1,rank,proportional,0.0,0.9999999999999999,0.1,1.0,0.35,0.9342242174669666,0.66,0.9351203932701414
full,LogReg,Oily,1,rank,MMR,3.0,0.9999999999999999,4.2,0.9363792118010483,5.65,0.9589412206131108,4.98,0.9191925027727871
full,LogReg,Oily,1,rank,FAIR_prefix,5.6,0.9999999999999999,4.0,1.0,3.05,0.9616153618346169,4.04,0.9482503532171931
full,LogReg,Oily,1,rank,proposed,0.0,0.9999999999999999,0.0,1.0,0.0,0.9644899900915855,0.0,0.9497434865528822
dense,LogReg,Oily,2,minmax,relevance_only,7.2,0.7860137352654724,11.7,0.8611375561264455,11.8,0.9103827127966565,11.24,0.9049589488083708
dense,LogReg,Oily,2,minmax,hard_filter,7.2,0.7860137352654724,11.7,0.8611375561264455,11.8,0.9103827127966565,11.24,0.9049589488083708
dense,LogReg,Oily,2,minmax,proportional,4.8,0.9999999999999999,4.5,0.9305687780632227,5.9,0.9551913563983281,6.78,0.8681468876598997
dense,LogReg,Oily,2,minmax,MMR,11.2,0.8687949224876581,10.1,0.8364586133797036,9.35,0.8207716896415989,9.8,0.7822190817109006
dense,LogReg,Oily,2,minmax,FAIR_prefix,7.2,0.7860137352654724,11.7,0.8611375561264455,11.8,0.9103827127966565,11.24,0.9049589488083708
dense,LogReg,Oily,2,minmax,proposed,3.6,0.9999999999999999,3.9,0.9266360779006398,3.95,0.8440969610227095,4.2,0.7982367218715319
dense,LogReg,Oily,2,rank,relevance_only,7.2,0.7860137352654724,11.7,0.8611375561264455,11.8,0.9103827127966565,11.24,0.9049589488083708
dense,LogReg,Oily,2,rank,hard_filter,7.2,0.7860137352654724,11.7,0.8611375561264455,11.8,0.9103827127966565,11.24,0.9049589488083708
dense,LogReg,Oily,2,rank,proportional,3.6,0.9999999999999999,4.9,0.933745776545611,6.15,0.9572416874849684,7.52,0.8709129644856229
dense,LogReg,Oily,2,rank,MMR,11.2,0.8687949224876581,10.1,0.8364586133797036,10.2,0.821638968678538,9.7,0.8284975232888185
dense,LogReg,Oily,2,rank,FAIR_prefix,7.2,0.7860137352654724,11.7,0.8611375561264455,11.8,0.9103827127966565,11.24,0.9049589488083708
dense,LogReg,Oily,2,rank,proposed,3.6,0.9999999999999999,3.9,0.9266360779006398,4.0,0.8440969610227095,4.2,0.7982454740557984
full,LogReg,Oily,2,minmax,relevance_only,3.0,0.9999999999999999,3.8,0.9216017310213245,3.95,0.9494043170253827,3.7,0.9280948222765698
full,LogReg,Oily,2,minmax,hard_filter,2.8,0.9999999999999999,1.7,1.0,1.65,0.9999999999999999,1.2,0.9227213576559641
full,LogReg,Oily,2,minmax,proportional,0.4,0.9999999999999999,0.8,1.0,0.8,0.9671350294324228,0.92,0.919553619100217
full,LogReg,Oily,2,minmax,MMR,8.0,0.9999999999999999,5.7,0.8630152897016883,6.05,0.8792562495869054,4.14,0.8266599699198209
full,LogReg,Oily,2,minmax,FAIR_prefix,3.0,0.9999999999999999,3.5,0.9305687780632227,2.9,0.9551913563983281,3.7,0.9305402784502448
full,LogReg,Oily,2,minmax,proposed,0.0,0.9999999999999999,0.0,1.0,0.0,0.9279430769346867,0.0,0.9146743327621508
full,LogReg,Oily,2,rank,relevance_only,3.0,0.9999999999999999,3.8,0.9216017310213245,3.95,0.9494043170253827,3.7,0.9280948222765698
full,LogReg,Oily,2,rank,hard_filter,2.8,0.9999999999999999,1.7,1.0,1.65,0.9999999999999999,1.2,0.9227213576559641
full,LogReg,Oily,2,rank,proportional,0.0,0.9999999999999999,0.0,1.0,0.45,0.9652498273011313,0.84,0.9172650328052705
full,LogReg,Oily,2,rank,MMR,8.0,0.9999999999999999,5.7,0.8643145546088338,5.25,0.8795680733157196,4.54,0.8425348357577281
full,LogReg,Oily,2,rank,FAIR_prefix,3.0,0.9999999999999999,3.5,0.9305687780632227,2.9,0.9551913563983281,3.7,0.9305402784502448
full,LogReg,Oily,2,rank,proposed,0.0,0.9999999999999999,0.0,1.0,0.0,0.9279430769346867,0.0,0.9146743327621508
dense,LogReg,Oily,3,minmax,relevance_only,10.2,0.7860137352654724,11.7,0.8611375561264455,12.3,0.8775177422290793,10.96,0.8750770084806037
dense,LogReg,Oily,3,minmax,hard_filter,10.2,0.7860137352654724,11.7,0.8611375561264455,12.3,0.8775177422290793,10.96,0.8750770084806037
dense,LogReg,Oily,3,minmax,proportional,5.4,0.9999999999999999,6.2,1.0,6.25,0.963643712011461,6.84,0.8564228003241691
dense,LogReg,Oily,3,minmax,MMR,12.6,0.8304198973631918,11.5,0.8115558478722845,11.05,0.8072778365211468,10.38,0.773863025358634
dense,LogReg,Oily,3,minmax,FAIR_prefix,10.2,0.7860137352654724,11.7,0.8611375561264455,12.3,0.8775177422290793,10.96,0.8750770084806037
dense,LogReg,Oily,3,minmax,proposed,4.0,0.9999999999999999,4.0,0.8630152897016883,4.1,0.8011529795045289,4.08,0.7680763462014046
dense,LogReg,Oily,3,rank,relevance_only,10.2,0.7860137352654724,11.7,0.8611375561264455,12.3,0.8775177422290793,10.96,0.8750770084806037
dense,LogReg,Oily,3,rank,hard_filter,10.2,0.7860137352654724,11.7,0.8611375561264455,12.3,0.8775177422290793,10.96,0.8750770084806037
dense,LogReg,Oily,3,rank,proportional,4.4,0.9999999999999999,5.5,1.0,6.25,0.9626932496335552,7.46,0.8554722971545784
dense,LogReg,Oily,3,rank,MMR,11.2,0.8687949224876581,11.5,0.8364586133797036,10.0,0.7904842976984126,10.44,0.7966232223810144
dense,LogReg,Oily,3,rank,FAIR_prefix,10.2,0.7860137352654724,11.7,0.8611375561264455,12.3,0.8775177422290793,10.96,0.8750770084806037
dense,LogReg,Oily,3,rank,proposed,4.0,0.9999999999999999,4.0,0.8630152897016883,4.1,0.800867012992002,4.08,0.7679864529590765
full,LogReg,Oily,3,minmax,relevance_only,5.0,0.7860137352654724,4.3,0.8611375561264455,5.0,0.9103827127966565,4.64,0.9228481402542519
full,LogReg,Oily,3,minmax,hard_filter,2.8,0.9999999999999999,1.7,1.0,1.7,0.9999999999999999,1.36,0.9402336011211962
full,LogReg,Oily,3,minmax,proportional,0.0,0.9999999999999999,0.6,1.0,0.8,0.9999999999999999,0.68,0.9544010056782298
full,LogReg,Oily,3,minmax,MMR,2.8,0.9999999999999999,4.0,0.9266360779006398,4.4,0.952653320122114,4.34,0.8682841976676006
full,LogReg,Oily,3,minmax,FAIR_prefix,1.8,0.9999999999999999,3.5,0.9305687780632227,4.0,0.9551913563983281,3.48,0.9468350097701005
full,LogReg,Oily,3,minmax,proposed,0.0,0.9999999999999999,0.0,1.0,0.0,0.9662497681796519,0.0,0.9815773287088683
full,LogReg,Oily,3,rank,relevance_only,5.0,0.7860137352654724,4.3,0.8611375561264455,5.0,0.9103827127966565,4.64,0.9228481402542519
full,LogReg,Oily,3,rank,hard_filter,2.8,0.9999999999999999,1.7,1.0,1.7,0.9999999999999999,1.36,0.9402336011211962
full,LogReg,Oily,3,rank,proportional,0.0,0.9999999999999999,0.2,1.0,0.35,0.9999999999999999,0.68,0.9542521310832078
full,LogReg,Oily,3,rank,MMR,2.6,0.9999999999999999,4.0,0.933745776545611,5.2,0.9572416874849684,4.5,0.8710355522682934
full,LogReg,Oily,3,rank,FAIR_prefix,1.8,0.9999999999999999,3.5,0.9305687780632227,4.0,0.9551913563983281,3.48,0.9468350097701005
full,LogReg,Oily,3,rank,proposed,0.0,0.9999999999999999,0.0,1.0,0.0,0.9662497681796519,0.0,0.9815773287088683
dense,LogReg,Oily,4,minmax,relevance_only,8.4,0.8304198973631918,10.9,0.8899541168509599,11.95,0.9289799801831712,11.44,0.9136077913631659
dense,LogReg,Oily,4,minmax,hard_filter,8.4,0.8304198973631918,10.9,0.8899541168509599,11.95,0.9289799801831712,11.44,0.9136077913631659
dense,LogReg,Oily,4,minmax,proportional,5.2,0.9999999999999999,5.7,0.9216017310213245,5.9,0.9146541443265142,6.62,0.8525311709328421
dense,LogReg,Oily,4,minmax,MMR,10.4,0.8304198973631918,9.3,0.8263333286520083,9.4,0.8140265527224849,10.1,0.790064430674863
dense,LogReg,Oily,4,minmax,FAIR_prefix,8.4,0.8304198973631918,10.9,0.8899541168509599,11.95,0.9289799801831712,11.44,0.9136077913631659
dense,LogReg,Oily,4,minmax,proposed,3.8,0.8539316501572934,4.0,0.9052116356304493,3.9,0.9004420464565851,4.26,0.8058882645108945
dense,LogReg,Oily,4,rank,relevance_only,8.4,0.8304198973631918,10.9,0.8899541168509599,11.95,0.9289799801831712,11.44,0.9136077913631659
dense,LogReg,Oily,4,rank,hard_filter,8.4,0.8304198973631918,10.9,0.8899541168509599,11.95,0.9289799801831712,11.44,0.9136077913631659
dense,LogReg,Oily,4,rank,proportional,4.4,0.8687949224876581,5.2,0.914856882358379,6.35,0.945051411928014,7.58,0.8660860958973688
dense,LogReg,Oily,4,rank,MMR,11.4,0.8539316501572934,10.3,0.8389574121760602,12.3,0.8960683721069366,10.9,0.8494132170131555
dense,LogReg,Oily,4,rank,FAIR_prefix,8.4,0.8304198973631918,10.9,0.8899541168509599,11.95,0.9289799801831712,11.44,0.9136077913631659
dense,LogReg,Oily,4,rank,proposed,3.8,0.8539316501572934,4.1,0.9052116356304493,4.05,0.8681037553082653,4.26,0.8044306350687158
full,LogReg,Oily,4,minmax,relevance_only,3.0,0.9999999999999999,4.8,0.9266360779006398,3.65,0.952653320122114,3.58,0.9463099802365169
full,LogReg,Oily,4,minmax,hard_filter,2.8,0.9999999999999999,2.1,1.0,1.55,0.9999999999999999,1.08,0.9703337964913212
full,LogReg,Oily,4,minmax,proportional,0.6,0.9999999999999999,0.6,1.0,1.0,0.9999999999999999,0.82,0.956848475344096
full,LogReg,Oily,4,minmax,MMR,6.8,0.8687949224876581,5.6,0.914856882358379,4.5,0.8732292823779176,5.4,0.8244647985420871
full,LogReg,Oily,4,minmax,FAIR_prefix,3.0,0.9999999999999999,2.4,1.0,3.65,0.9616153618346169,3.58,0.9512019391849977
full,LogReg,Oily,4,minmax,proposed,0.0,0.9999999999999999,0.0,1.0,0.0,0.9999999999999999,0.0,0.940862178239811
full,LogReg,Oily,4,rank,relevance_only,3.0,0.9999999999999999,4.8,0.9266360779006398,3.65,0.952653320122114,3.58,0.9463099802365169
full,LogReg,Oily,4,rank,hard_filter,2.8,0.9999999999999999,2.1,1.0,1.55,0.9999999999999999,1.08,0.9703337964913212
full,LogReg,Oily,4,rank,proportional,0.0,0.9999999999999999,0.0,1.0,0.3,0.9999999999999999,0.66,0.9567626825670063
full,LogReg,Oily,4,rank,MMR,3.6,0.9999999999999999,5.7,0.9216017310213245,5.2,0.87868138771168,4.84,0.8711111698762043
full,LogReg,Oily,4,rank,FAIR_prefix,3.0,0.9999999999999999,2.4,1.0,3.65,0.9616153618346169,3.58,0.9512019391849977
full,LogReg,Oily,4,rank,proposed,0.0,0.9999999999999999,0.0,1.0,0.0,0.9999999999999999,0.0,0.940862178239811
dense,LogReg,Oily,5,minmax,relevance_only,8.4,0.7860137352654724,10.1,0.8611375561264455,11.85,0.9103827127966565,10.46,0.9079866877503249
dense,LogReg,Oily,5,minmax,hard_filter,8.4,0.7860137352654724,10.1,0.8611375561264455,11.85,0.9103827127966565,10.46,0.9079866877503249
dense,LogReg,Oily,5,minmax,proportional,4.0,0.9999999999999999,5.5,1.0,5.15,0.9676617088516801,6.24,0.8927056861146923
dense,LogReg,Oily,5,minmax,MMR,12.4,0.8304198973631918,12.5,0.8899541168509599,9.45,0.863204197650138,10.28,0.8523228365459549
dense,LogReg,Oily,5,minmax,FAIR_prefix,8.4,0.7860137352654724,10.1,0.8611375561264455,11.85,0.9103827127966565,10.46,0.9079866877503249
dense,LogReg,Oily,5,minmax,proposed,3.6,0.9999999999999999,3.5,1.0,3.8,0.9298282790659782,4.2,0.8398576363501883
dense,LogReg,Oily,5,rank,relevance_only,8.4,0.7860137352654724,10.1,0.8611375561264455,11.85,0.9103827127966565,10.46,0.9079866877503249
dense,LogReg,Oily,5,rank,hard_filter,8.4,0.7860137352654724,10.1,0.8611375561264455,11.85,0.9103827127966565,10.46,0.9079866877503249
dense,LogReg,Oily,5,rank,proportional,3.6,0.9999999999999999,4.3,1.0,5.35,0.9999999999999999,6.72,0.9080084977182185
dense,LogReg,Oily,5,rank,MMR,7.4,0.8687949224876581,10.0,0.914856882358379,9.25,0.8746321516834927,10.36,0.887080674091823
dense,LogReg,Oily,5,rank,FAIR_prefix,8.4,0.7860137352654724,10.1,0.8611375561264455,11.85,0.9103827127966565,10.46,0.9079866877503249
dense,LogReg,Oily,5,rank,proposed,3.6,0.9999999999999999,3.5,1.0,3.8,0.9303549584852354,4.26,0.8396607115123002
full,LogReg,Oily,5,minmax,relevance_only,3.4,0.9999999999999999,3.6,0.933745776545611,2.7,0.9572416874849684,3.06,0.944951832524193
full,LogReg,Oily,5,minmax,hard_filter,2.8,0.9999999999999999,1.5,1.0,1.2,0.9659370277440174,1.32,0.9522988912783741
full,LogReg,Oily,5,minmax,proportional,0.0,0.9999999999999999,0.2,1.0,0.55,0.9652498273011313,0.82,0.9361647581721505
full,LogReg,Oily,5,minmax,MMR,2.6,0.9999999999999999,2.2,1.0,2.8,0.8526529223332183,3.0,0.8765170264751077
full,LogReg,Oily,5,minmax,FAIR_prefix,3.4,0.9999999999999999,3.3,0.933745776545611,2.7,0.9572416874849684,3.06,0.944951832524193
full,LogReg,Oily,5,minmax,proposed,0.0,0.9999999999999999,0.0,1.0,0.0,0.9263159606882018,0.0,0.9023141661722568
full,LogReg,Oily,5,rank,relevance_only,3.4,0.9999999999999999,3.6,0.933745776545611,2.7,0.9572416874849684,3.06,0.944951832524193
full,LogReg,Oily,5,rank,hard_filter,2.8,0.9999999999999999,1.5,1.0,1.2,0.9659370277440174,1.32,0.9522988912783741
full,LogReg,Oily,5,rank,proportional,0.0,0.9999999999999999,0.0,1.0,0.2,0.9280406417958645,0.58,0.9324739181462972
full,LogReg,Oily,5,rank,MMR,2.4,0.9999999999999999,2.2,1.0,2.8,0.8526529223332183,4.02,0.8747791672585727
full,LogReg,Oily,5,rank,FAIR_prefix,3.4,0.9999999999999999,3.3,0.933745776545611,2.7,0.9572416874849684,3.06,0.944951832524193
full,LogReg,Oily,5,rank,proposed,0.0,0.9999999999999999,0.0,1.0,0.0,0.9263159606882018,0.0,0.9023141661722568
dense,LogReg,Oily,6,minmax,relevance_only,10.0,0.6608397947263838,11.5,0.7799082337019198,11.55,0.8579599603663426,11.1,0.8637518679026013
dense,LogReg,Oily,6,minmax,hard_filter,10.0,0.6608397947263838,11.5,0.7799082337019198,11.55,0.8579599603663426,11.1,0.8637518679026013
dense,LogReg,Oily,6,minmax,proportional,5.0,0.9999999999999999,5.0,1.0,6.35,0.9323848567335543,6.88,0.8424769019668041
dense,LogReg,Oily,6,minmax,MMR,10.2,0.6608397947263838,9.1,0.7015099647232445,8.85,0.7366200356405673,9.22,0.7333825381740368
dense,LogReg,Oily,6,minmax,FAIR_prefix,10.0,0.6608397947263838,11.5,0.7799082337019198,11.55,0.8579599603663426,11.1,0.8637518679026013
dense,LogReg,Oily,6,minmax,proposed,3.6,0.9999999999999999,3.9,0.9305687780632227,4.1,0.848642346518953,4.26,0.80984656297204
dense,LogReg,Oily,6,rank,relevance_only,10.0,0.6608397947263838,11.5,0.7799082337019198,11.55,0.8579599603663426,11.1,0.8637518679026013
dense,LogReg,Oily,6,rank,hard_filter,10.0,0.6608397947263838,11.5,0.7799082337019198,11.55,0.8579599603663426,11.1,0.8637518679026013
dense,LogReg,Oily,6,rank,proportional,4.4,0.9999999999999999,5.0,1.0,5.95,0.9659370277440174,7.28,0.8603080866114128
dense,LogReg,Oily,6,rank,MMR,13.2,0.6608397947263838,9.2,0.7162874455029681,10.55,0.7461569392282954,10.16,0.7554800738573181
dense,LogReg,Oily,6,rank,FAIR_prefix,10.0,0.6608397947263838,11.5,0.7799082337019198,11.55,0.8579599603663426,11.1,0.8637518679026013
dense,LogReg,Oily,6,rank,proposed,3.6,0.9999999999999999,3.9,0.9305687780632227,4.1,0.8504054548286429,4.26,0.8108306885691384
full,LogReg,Oily,6,minmax,relevance_only,9.6,0.6608397947263838,5.8,0.7799082337019198,3.85,0.8579599603663426,4.86,0.9087985879705379
full,LogReg,Oily,6,minmax,hard_filter,1.8,0.9999999999999999,1.9,1.0,1.1,0.9999999999999999,1.14,0.9564405003109538
full,LogReg,Oily,6,minmax,proportional,0.2,0.9999999999999999,0.3,1.0,0.7,0.9999999999999999,0.76,0.9423098104314572
full,LogReg,Oily,6,minmax,MMR,3.4,0.6608397947263838,3.7,0.7799082337019198,3.9,0.7883149188515781,5.1,0.7619986791929932
full,LogReg,Oily,6,minmax,FAIR_prefix,5.0,0.8539316501572934,5.6,0.9052116356304493,3.5,0.938826684621968,3.58,0.9524066885881308
full,LogReg,Oily,6,minmax,proposed,0.0,0.9999999999999999,0.0,1.0,0.0,0.9999999999999999,0.0,0.9403493763588907
full,LogReg,Oily,6,rank,relevance_only,9.6,0.6608397947263838,5.8,0.7799082337019198,3.85,0.8579599603663426,4.86,0.9087985879705379
full,LogReg,Oily,6,rank,hard_filter,1.8,0.9999999999999999,1.9,1.0,1.1,0.9999999999999999,1.14,0.9564405003109538
full,LogReg,Oily,6,rank,proportional,0.0,0.9999999999999999,0.1,1.0,0.2,0.9999999999999999,0.64,0.9422666466446347
full,LogReg,Oily,6,rank,MMR,3.4,0.6608397947263838,3.7,0.7799082337019198,3.75,0.7872370310526399,4.54,0.7778566337433074
full,LogReg,Oily,6,rank,FAIR_prefix,5.0,0.8539316501572934,5.6,0.9052116356304493,3.5,0.938826684621968,3.58,0.9524066885881308
full,LogReg,Oily,6,rank,proposed,0.0,0.9999999999999999,0.0,1.0,0.0,0.9999999999999999,0.0,0.9403493763588907
dense,LogReg,Oily,7,minmax,relevance_only,13.0,0.6608397947263838,10.1,0.7799082337019198,9.8,0.8579599603663426,10.76,0.8195339108308596
dense,LogReg,Oily,7,minmax,hard_filter,13.0,0.6608397947263838,10.1,0.7799082337019198,9.8,0.8579599603663426,10.76,0.8195339108308596
dense,LogReg,Oily,7,minmax,proportional,4.4,0.9999999999999999,5.3,0.9305687780632227,6.4,0.8850196354643064,7.14,0.8345309167515457
dense,LogReg,Oily,7,minmax,MMR,7.6,0.529634717214042,7.9,0.6947651160602988,9.3,0.7334383901299598,9.46,0.7197937738236136
dense,LogReg,Oily,7,minmax,FAIR_prefix,13.0,0.6608397947263838,10.1,0.7799082337019198,9.8,0.8579599603663426,10.76,0.8195339108308596
dense,LogReg,Oily,7,minmax,proposed,4.0,0.9999999999999999,3.7,0.8482378089219645,3.95,0.8034168840468867,4.18,0.7839035732198277
dense,LogReg,Oily,7,rank,relevance_only,13.0,0.6608397947263838,10.1,0.7799082337019198,9.8,0.8579599603663426,10.76,0.8195339108308596
dense,LogReg,Oily,7,rank,hard_filter,13.0,0.6608397947263838,10.1,0.7799082337019198,9.8,0.8579599603663426,10.76,0.8195339108308596
dense,LogReg,Oily,7,rank,proportional,4.4,0.9999999999999999,5.3,0.9363792118010483,5.95,0.9193201535572952,7.32,0.8241536382290189
dense,LogReg,Oily,7,rank,MMR,8.4,0.529634717214042,7.4,0.6947651160602988,8.45,0.7327511896870738,9.76,0.7467761182131375
dense,LogReg,Oily,7,rank,FAIR_prefix,13.0,0.6608397947263838,10.1,0.7799082337019198,9.8,0.8579599603663426,10.76,0.8195339108308596
dense,LogReg,Oily,7,rank,proposed,4.0,0.9999999999999999,3.7,0.8482378089219645,3.95,0.8022188823584813,4.22,0.7832496401911838
full,LogReg,Oily,7,minmax,relevance_only,6.0,0.6608397947263838,6.3,0.7799082337019198,3.55,0.8195753222009596,3.08,0.8730061166324877
full,LogReg,Oily,7,minmax,hard_filter,3.0,0.9999999999999999,1.9,0.9305687780632227,1.85,0.9551913563983281,1.1,0.9303969132073109
full,LogReg,Oily,7,minmax,proportional,0.4,0.9999999999999999,0.5,0.9216017310213245,0.75,0.9494043170253827,0.82,0.9413187509103123
full,LogReg,Oily,7,minmax,MMR,3.6,0.529634717214042,3.5,0.6947651160602988,2.8,0.7355109086536608,3.86,0.8257477214993193
full,LogReg,Oily,7,minmax,FAIR_prefix,6.0,0.8539316501572934,3.6,0.8415908474314976,3.55,0.897767905235079,3.08,0.9155909157798875
full,LogReg,Oily,7,minmax,proposed,0.0,0.9999999999999999,0.0,1.0,0.0,0.9659370277440174,0.0,0.9524488781547701
full,LogReg,Oily,7,rank,relevance_only,6.0,0.6608397947263838,6.3,0.7799082337019198,3.55,0.8195753222009596,3.08,0.8730061166324877
full,LogReg,Oily,7,rank,hard_filter,3.0,0.9999999999999999,1.9,0.9305687780632227,1.85,0.9551913563983281,1.1,0.9303969132073109
full,LogReg,Oily,7,rank,proportional,0.0,0.9999999999999999,0.2,1.0,0.3,0.9603789329441843,0.66,0.9326968383157314
full,LogReg,Oily,7,rank,MMR,3.6,0.529634717214042,3.9,0.6947651160602988,3.0,0.7348237082107747,3.58,0.8109723478338732
full,LogReg,Oily,7,rank,FAIR_prefix,6.0,0.8539316501572934,3.6,0.8415908474314976,3.55,0.897767905235079,3.08,0.9155909157798875
full,LogReg,Oily,7,rank,proposed,0.0,0.9999999999999999,0.0,1.0,0.0,0.9659370277440174,0.0,0.9524488781547701
dense,LogReg,Oily,8,minmax,relevance_only,7.2,0.6608397947263838,9.4,0.7799082337019198,11.8,0.8206532099998979,11.46,0.8436972215823577
dense,LogReg,Oily,8,minmax,hard_filter,7.2,0.6608397947263838,9.4,0.7799082337019198,11.8,0.8206532099998979,11.46,0.8436972215823577
dense,LogReg,Oily,8,minmax,proportional,4.8,0.9999999999999999,5.5,1.0,6.4,0.9281778704499035,7.08,0.8566296806231974
dense,LogReg,Oily,8,minmax,MMR,11.2,0.6608397947263838,12.7,0.7104770117651424,11.2,0.7392566686908736,10.7,0.7694958562668609
dense,LogReg,Oily,8,minmax,FAIR_prefix,7.2,0.6608397947263838,9.4,0.7799082337019198,11.8,0.8206532099998979,11.46,0.8436972215823577
dense,LogReg,Oily,8,minmax,proposed,3.6,0.9999999999999999,4.0,0.8579809428223729,4.1,0.876007246490174,4.16,0.7807572190771213
dense,LogReg,Oily,8,rank,relevance_only,7.2,0.6608397947263838,9.4,0.7799082337019198,11.8,0.8206532099998979,11.46,0.8436972215823577
dense,LogReg,Oily,8,rank,hard_filter,7.2,0.6608397947263838,9.4,0.7799082337019198,11.8,0.8206532099998979,11.46,0.8436972215823577
dense,LogReg,Oily,8,rank,proportional,4.8,0.9999999999999999,5.5,1.0,6.0,0.9616153618346169,7.78,0.8711496189643622
dense,LogReg,Oily,8,rank,MMR,10.2,0.6608397947263838,9.7,0.7104770117651424,11.25,0.743578334600274,10.5,0.8127934916252706
dense,LogReg,Oily,8,rank,FAIR_prefix,7.2,0.6608397947263838,9.4,0.7799082337019198,11.8,0.8206532099998979,11.46,0.8436972215823577
dense,LogReg,Oily,8,rank,proposed,3.6,0.9999999999999999,4.0,0.8579809428223729,4.2,0.9083455376384938,4.2,0.7811246410631377
full,LogReg,Oily,8,minmax,relevance_only,6.6,0.6608397947263838,4.6,0.7799082337019198,3.3,0.8579599603663426,3.6,0.891963460879018
full,LogReg,Oily,8,minmax,hard_filter,3.0,0.9999999999999999,1.9,1.0,1.8,0.9999999999999999,1.4,0.96696172114031
full,LogReg,Oily,8,minmax,proportional,0.4,0.9999999999999999,1.1,1.0,0.7,0.9671350294324228,0.78,0.9521949597480376
full,LogReg,Oily,8,minmax,MMR,5.4,0.6608397947263838,5.7,0.642923523403608,4.35,0.7695545011015678,4.42,0.8284656361965091
full,LogReg,Oily,8,minmax,FAIR_prefix,6.0,0.8539316501572934,3.8,0.9052116356304493,2.95,0.938826684621968,3.6,0.9359614540505111
full,LogReg,Oily,8,minmax,proposed,0.0,0.9999999999999999,0.0,1.0,0.0,0.9616153618346169,0.0,0.9494758277617924
full,LogReg,Oily,8,rank,relevance_only,6.6,0.6608397947263838,4.6,0.7799082337019198,3.3,0.8579599603663426,3.6,0.891963460879018
full,LogReg,Oily,8,rank,hard_filter,3.0,0.9999999999999999,1.9,1.0,1.8,0.9999999999999999,1.4,0.96696172114031
full,LogReg,Oily,8,rank,proportional,0.0,0.9999999999999999,0.3,1.0,0.5,0.9659370277440174,0.82,0.9644963367486008
full,LogReg,Oily,8,rank,MMR,5.4,0.6608397947263838,5.7,0.6352557412688554,3.8,0.764605964876694,3.82,0.8142764045584628
full,LogReg,Oily,8,rank,FAIR_prefix,6.0,0.8539316501572934,3.8,0.9052116356304493,2.95,0.938826684621968,3.6,0.9359614540505111
full,LogReg,Oily,8,rank,proposed,0.0,0.9999999999999999,0.0,1.0,0.0,0.9616153618346169,0.0,0.9494758277617924
dense,LogReg,Oily,9,minmax,relevance_only,10.0,0.8304198973631918,13.9,0.8899541168509599,11.75,0.8961150096155942,11.56,0.8970697935194594
dense,LogReg,Oily,9,minmax,hard_filter,10.0,0.8304198973631918,13.9,0.8899541168509599,11.75,0.8961150096155942,11.56,0.8970697935194594
dense,LogReg,Oily,9,minmax,proportional,4.2,0.8687949224876581,5.1,0.8364586133797036,5.75,0.8944557289533969,7.5,0.8185106879005285
dense,LogReg,Oily,9,minmax,MMR,10.2,0.8539316501572934,11.4,0.9052116356304493,11.95,0.8656918737577166,10.74,0.7797835609096261
dense,LogReg,Oily,9,minmax,FAIR_prefix,10.0,0.8304198973631918,13.9,0.8899541168509599,11.75,0.8961150096155942,11.56,0.8970697935194594
dense,LogReg,Oily,9,minmax,proposed,3.6,0.7227265726449517,3.6,0.8200685179888283,4.2,0.7723907315972135,4.1,0.7690188848274797
dense,LogReg,Oily,9,rank,relevance_only,10.0,0.8304198973631918,13.9,0.8899541168509599,11.75,0.8961150096155942,11.56,0.8970697935194594
dense,LogReg,Oily,9,rank,hard_filter,10.0,0.8304198973631918,13.9,0.8899541168509599,11.75,0.8961150096155942,11.56,0.8970697935194594
dense,LogReg,Oily,9,rank,proportional,4.2,0.8687949224876581,5.1,0.8364586133797036,5.75,0.8944557289533969,7.94,0.8332919125369991
dense,LogReg,Oily,9,rank,MMR,10.2,0.8687949224876581,11.5,0.914856882358379,11.15,0.8726038015066486,10.68,0.8260039963880502
dense,LogReg,Oily,9,rank,FAIR_prefix,10.0,0.8304198973631918,13.9,0.8899541168509599,11.75,0.8961150096155942,11.56,0.8970697935194594
dense,LogReg,Oily,9,rank,proposed,3.6,0.7227265726449517,3.6,0.8200685179888283,4.2,0.7714402692193075,4.22,0.7545022830634037
full,LogReg,Oily,9,minmax,relevance_only,7.6,0.9999999999999999,6.1,0.9266360779006398,3.4,0.952653320122114,4.56,0.9442172302919591
full,LogReg,Oily,9,minmax,hard_filter,2.8,0.9999999999999999,1.5,1.0,1.4,0.9999999999999999,1.46,0.9527708765736385
full,LogReg,Oily,9,minmax,proportional,0.0,0.9999999999999999,0.9,1.0,0.6,0.9676617088516801,0.86,0.949455141614143
full,LogReg,Oily,9,minmax,MMR,2.8,0.9999999999999999,3.9,1.0,2.8,0.9275139623766072,4.9,0.9302716792964129
full,LogReg,Oily,9,minmax,FAIR_prefix,3.4,0.9999999999999999,3.8,1.0,3.4,0.9616153618346169,4.32,0.9485775076623609
full,LogReg,Oily,9,minmax,proposed,0.0,0.9999999999999999,0.0,1.0,0.0,0.9307787414438841,0.0,0.9483328981050965
full,LogReg,Oily,9,rank,relevance_only,7.6,0.9999999999999999,6.1,0.9266360779006398,3.4,0.952653320122114,4.56,0.9442172302919591
full,LogReg,Oily,9,rank,hard_filter,2.8,0.9999999999999999,1.5,1.0,1.4,0.9999999999999999,1.46,0.9527708765736385
full,LogReg,Oily,9,rank,proportional,0.0,0.9999999999999999,0.1,1.0,0.55,0.9676617088516801,0.86,0.9495916103152803
full,LogReg,Oily,9,rank,MMR,3.0,0.9999999999999999,4.1,1.0,3.2,0.9616153618346169,4.86,0.9336491034992963
full,LogReg,Oily,9,rank,FAIR_prefix,3.4,0.9999999999999999,3.8,1.0,3.4,0.9616153618346169,4.32,0.9485775076623609
full,LogReg,Oily,9,rank,proposed,0.0,0.9999999999999999,0.0,1.0,0.0,0.9307787414438841,0.0,0.9483328981050965
dense,LogReg,Sensitive,0,minmax,relevance_only,6.0,0.6843515475204854,7.1,0.7951657524814092,8.9,0.8349416942375624,9.46,0.7245680815666091
dense,LogReg,Sensitive,0,minmax,hard_filter,6.0,0.6843515475204854,7.1,0.7951657524814092,8.9,0.8349416942375624,9.46,0.7245680815666091
dense,LogReg,Sensitive,0,minmax,proportional,4.2,0.6548086577531306,4.9,0.7759944384848245,6.65,0.7543814900735115,7.24,0.7461046222000666
dense,LogReg,Sensitive,0,minmax,MMR,6.0,0.69921481985085,6.1,0.7353797772725615,8.45,0.6879445668880845,10.9,0.6639500659534487
dense,LogReg,Sensitive,0,minmax,FAIR_prefix,6.0,0.6843515475204854,7.1,0.7951657524814092,8.9,0.8349416942375624,9.46,0.7245680815666091
dense,LogReg,Sensitive,0,minmax,proposed,4.6,0.7860137352654724,4.1,0.7975167679274938,4.0,0.8693239334097674,4.1,0.7760597497131584
dense,LogReg,Sensitive,0,rank,relevance_only,6.0,0.6843515475204854,7.1,0.7951657524814092,8.9,0.8349416942375624,9.46,0.7245680815666091
dense,LogReg,Sensitive,0,rank,hard_filter,6.0,0.6843515475204854,7.1,0.7951657524814092,8.9,0.8349416942375624,9.46,0.7245680815666091
dense,LogReg,Sensitive,0,rank,proportional,3.6,0.7860137352654724,4.5,0.7917063341896682,6.2,0.7273065078937292,7.0,0.7329859433497032
dense,LogReg,Sensitive,0,rank,MMR,6.0,0.6548086577531306,5.8,0.7123736502858729,8.2,0.6393079487233579,10.7,0.6666144463145045
dense,LogReg,Sensitive,0,rank,FAIR_prefix,6.0,0.6843515475204854,7.1,0.7951657524814092,8.9,0.8349416942375624,9.46,0.7245680815666091
dense,LogReg,Sensitive,0,rank,proposed,4.0,0.7860137352654724,4.2,0.8611375561264455,4.15,0.838423354592521,4.16,0.7625747121743015
full,LogReg,Sensitive,0,minmax,relevance_only,0.0,0.7860137352654724,0.7,0.8611375561264455,1.35,0.9103827127966565,1.58,0.8261573929628717
full,LogReg,Sensitive,0,minmax,hard_filter,0.0,0.7860137352654724,0.4,0.8611375561264455,0.6,0.8775177422290793,0.6,0.841534776434158
full,LogReg,Sensitive,0,minmax,proportional,0.0,0.7860137352654724,0.0,0.8611375561264455,0.35,0.8399634525521351,0.52,0.8375006961400585
full,LogReg,Sensitive,0,minmax,MMR,0.0,0.8687949224876581,0.9,0.8454256604216017,1.0,0.7175057946406136,1.66,0.7415843985326849
full,LogReg,Sensitive,0,minmax,FAIR_prefix,0.0,0.7860137352654724,0.7,0.8611375561264455,1.35,0.9103827127966565,1.58,0.8261573929628717
full,LogReg,Sensitive,0,minmax,proposed,0.0,0.7860137352654724,0.0,0.8611375561264455,0.0,0.8392762521092492,0.0,0.8637475493907752
full,LogReg,Sensitive,0,rank,relevance_only,0.0,0.7860137352654724,0.7,0.8611375561264455,1.35,0.9103827127966565,1.58,0.8261573929628717
full,LogReg,Sensitive,0,rank,hard_filter,0.0,0.7860137352654724,0.4,0.8611375561264455,0.6,0.8775177422290793,0.6,0.841534776434158
full,LogReg,Sensitive,0,rank,proportional,0.0,0.7860137352654724,0.0,0.8611375561264455,0.0,0.8392762521092492,0.5,0.8356498510759086
full,LogReg,Sensitive,0,rank,MMR,0.2,0.9999999999999999,1.0,0.7885497208855956,1.0,0.7887959678829003,1.92,0.7748178239836813
full,LogReg,Sensitive,0,rank,FAIR_prefix,0.0,0.7860137352654724,0.7,0.8611375561264455,1.35,0.9103827127966565,1.58,0.8261573929628717
full,LogReg,Sensitive,0,rank,proposed,0.0,0.7860137352654724,0.0,0.8611375561264455,0.0,0.8392762521092492,0.0,0.8637475493907752
dense,LogReg,Sensitive,1,minmax,relevance_only,6.8,0.9999999999999999,7.3,0.8701249883466594,9.25,0.8498804461457887,9.4,0.7807996217505381
dense,LogReg,Sensitive,1,minmax,hard_filter,6.8,0.9999999999999999,7.3,0.8701249883466594,9.25,0.8498804461457887,9.4,0.7807996217505381
dense,LogReg,Sensitive,1,minmax,proportional,3.8,0.9999999999999999,5.6,1.0,5.55,0.8231908075133418,6.48,0.7707617553642068
dense,LogReg,Sensitive,1,minmax,MMR,8.2,0.8304198973631918,8.0,0.8899541168509599,8.1,0.7531864193780905,9.02,0.6573275687649254
dense,LogReg,Sensitive,1,minmax,FAIR_prefix,6.8,0.9999999999999999,7.3,0.8701249883466594,9.25,0.8498804461457887,9.4,0.7807996217505381
dense,LogReg,Sensitive,1,minmax,proposed,3.8,0.9999999999999999,4.2,0.9363792118010483,4.05,0.8864551829897183,4.22,0.775884411832604
dense,LogReg,Sensitive,1,rank,relevance_only,6.8,0.9999999999999999,7.3,0.8701249883466594,9.25,0.8498804461457887,9.4,0.7807996217505381
dense,LogReg,Sensitive,1,rank,hard_filter,6.8,0.9999999999999999,7.3,0.8701249883466594,9.25,0.8498804461457887,9.4,0.7807996217505381
dense,LogReg,Sensitive,1,rank,proportional,3.8,0.9999999999999999,5.2,1.0,5.55,0.8255051242027128,6.5,0.758809334943863
dense,LogReg,Sensitive,1,rank,MMR,7.0,0.639945385422766,7.7,0.6306637463657284,7.95,0.6534640237632862,9.3,0.6185580953108005
dense,LogReg,Sensitive,1,rank,FAIR_prefix,6.8,0.9999999999999999,7.3,0.8701249883466594,9.25,0.8498804461457887,9.4,0.7807996217505381
dense,LogReg,Sensitive,1,rank,proposed,3.8,0.9999999999999999,4.2,0.9363792118010483,4.05,0.8864551829897183,4.22,0.7758152224822505
full,LogReg,Sensitive,1,minmax,relevance_only,0.6,0.8304198973631918,1.3,0.8899541168509599,1.6,0.9289799801831712,1.8,0.8736435119711515
full,LogReg,Sensitive,1,minmax,hard_filter,0.0,0.8304198973631918,0.0,0.8899541168509599,0.35,0.8966416890348514,0.48,0.8835733644771314
full,LogReg,Sensitive,1,minmax,proportional,0.0,0.8304198973631918,0.0,0.8899541168509599,0.15,0.9289799801831712,0.52,0.8821535315466845
full,LogReg,Sensitive,1,minmax,MMR,0.2,0.9999999999999999,0.4,0.8630152897016883,0.7,0.8048349220938509,2.24,0.757398083475877
full,LogReg,Sensitive,1,minmax,FAIR_prefix,0.6,0.8304198973631918,1.3,0.8899541168509599,1.6,0.9289799801831712,1.8,0.8736435119711515
full,LogReg,Sensitive,1,minmax,proposed,0.0,0.8304198973631918,0.0,0.8899541168509599,0.0,0.9289799801831712,0.0,0.8668125434344939
full,LogReg,Sensitive,1,rank,relevance_only,0.6,0.8304198973631918,1.3,0.8899541168509599,1.6,0.9289799801831712,1.8,0.8736435119711515
full,LogReg,Sensitive,1,rank,hard_filter,0.0,0.8304198973631918,0.0,0.8899541168509599,0.35,0.8966416890348514,0.48,0.8835733644771314
full,LogReg,Sensitive,1,rank,proportional,0.0,0.8304198973631918,0.0,0.8899541168509599,0.0,0.9289799801831712,0.34,0.8672290346016249
full,LogReg,Sensitive,1,rank,MMR,0.2,0.9999999999999999,0.3,0.8482378089219645,1.0,0.7556769514503071,2.58,0.7566035191688656
full,LogReg,Sensitive,1,rank,FAIR_prefix,0.6,0.8304198973631918,1.3,0.8899541168509599,1.6,0.9289799801831712,1.8,0.8736435119711515
full,LogReg,Sensitive,1,rank,proposed,0.0,0.8304198973631918,0.0,0.8899541168509599,0.0,0.9289799801831712,0.0,0.8668125434344939
dense,LogReg,Sensitive,2,minmax,relevance_only,7.8,0.9999999999999999,7.9,0.8553475075669357,9.15,0.7682866194927476,9.44,0.768880191072265
dense,LogReg,Sensitive,2,minmax,hard_filter,7.8,0.9999999999999999,7.9,0.8553475075669357,9.15,0.7682866194927476,9.44,0.768880191072265
dense,LogReg,Sensitive,2,minmax,proportional,5.4,0.8539316501572934,5.3,0.7573821447149965,6.35,0.8434223580456792,6.94,0.7772356560200857
dense,LogReg,Sensitive,2,minmax,MMR,6.0,0.7860137352654724,6.3,0.7164850636933812,8.4,0.6698407172774646,9.34,0.6518266041331348
dense,LogReg,Sensitive,2,minmax,FAIR_prefix,7.8,0.9999999999999999,7.9,0.8553475075669357,9.15,0.7682866194927476,9.44,0.768880191072265
dense,LogReg,Sensitive,2,minmax,proposed,4.2,0.8539316501572934,3.9,0.9052116356304493,4.05,0.9024703966334292,4.22,0.7858090162338228
dense,LogReg,Sensitive,2,rank,relevance_only,7.8,0.9999999999999999,7.9,0.8553475075669357,9.15,0.7682866194927476,9.44,0.768880191072265
dense,LogReg,Sensitive,2,rank,hard_filter,7.8,0.9999999999999999,7.9,0.8553475075669357,9.15,0.7682866194927476,9.44,0.768880191072265
dense,LogReg,Sensitive,2,rank,proportional,3.6,0.8304198973631918,4.8,0.7600791051976192,5.3,0.8110999160252681,7.18,0.7482376331663977
dense,LogReg,Sensitive,2,rank,MMR,9.2,0.639945385422766,9.1,0.7663491917568948,8.3,0.6768171442897698,9.84,0.6282205935401107
dense,LogReg,Sensitive,2,rank,FAIR_prefix,7.8,0.9999999999999999,7.9,0.8553475075669357,9.15,0.7682866194927476,9.44,0.768880191072265
dense,LogReg,Sensitive,2,rank,proposed,4.2,0.8539316501572934,3.9,0.9052116356304493,4.05,0.9024703966334292,4.22,0.7856310531581645
full,LogReg,Sensitive,2,minmax,relevance_only,0.0,0.8304198973631918,0.1,0.8899541168509599,1.2,0.8591862008099189,2.34,0.8008379124216869
full,LogReg,Sensitive,2,minmax,hard_filter,0.0,0.8304198973631918,0.1,0.8899541168509599,0.25,0.7909599581924154,0.48,0.8238080117289013
full,LogReg,Sensitive,2,minmax,proportional,0.0,0.8304198973631918,0.1,0.8899541168509599,0.15,0.7938643732760297,0.4,0.8398062410860719
full,LogReg,Sensitive,2,minmax,MMR,2.6,0.639945385422766,1.9,0.4886446891881014,2.15,0.6024875152997193,2.46,0.6439842976803098
full,LogReg,Sensitive,2,minmax,FAIR_prefix,0.0,0.8304198973631918,0.1,0.8899541168509599,1.2,0.8591862008099189,2.34,0.8007643616497055
full,LogReg,Sensitive,2,minmax,proposed,0.0,0.8304198973631918,0.0,0.8899541168509599,0.0,0.8587197975758883,0.0,0.8439203269721903
full,LogReg,Sensitive,2,rank,relevance_only,0.0,0.8304198973631918,0.1,0.8899541168509599,1.2,0.8591862008099189,2.34,0.8008379124216869
full,LogReg,Sensitive,2,rank,hard_filter,0.0,0.8304198973631918,0.1,0.8899541168509599,0.25,0.7909599581924154,0.48,0.8238080117289013
full,LogReg,Sensitive,2,rank,proportional,0.0,0.8304198973631918,0.0,0.8899541168509599,0.1,0.8267293438436067,0.4,0.8398290802534618
full,LogReg,Sensitive,2,rank,MMR,3.4,0.639945385422766,1.9,0.4936790360674167,2.15,0.6391740097811639,2.64,0.6325131011508923
full,LogReg,Sensitive,2,rank,FAIR_prefix,0.0,0.8304198973631918,0.1,0.8899541168509599,1.2,0.8591862008099189,2.34,0.8007643616497055
full,LogReg,Sensitive,2,rank,proposed,0.0,0.8304198973631918,0.0,0.8899541168509599,0.0,0.8587197975758883,0.0,0.8439203269721903
dense,LogReg,Sensitive,3,minmax,relevance_only,6.2,0.9999999999999999,6.6,0.8482378089219645,7.55,0.8342093360907629,9.02,0.7928525410177399
dense,LogReg,Sensitive,3,minmax,hard_filter,6.2,0.9999999999999999,6.6,0.8482378089219645,7.55,0.8342093360907629,9.02,0.7928525410177399
dense,LogReg,Sensitive,3,minmax,proportional,4.6,0.8539316501572934,4.5,0.835780413693672,5.3,0.826929577173108,6.46,0.8165448209854759
dense,LogReg,Sensitive,3,minmax,MMR,5.8,0.7860137352654724,6.9,0.6618313225363276,9.8,0.6819182225040484,9.28,0.7234211971651011
dense,LogReg,Sensitive,3,minmax,FAIR_prefix,6.2,0.9999999999999999,6.6,0.8482378089219645,7.55,0.8342093360907629,9.02,0.7928525410177399
dense,LogReg,Sensitive,3,minmax,proposed,3.8,0.8539316501572934,4.0,0.9052116356304493,3.9,0.9024703966334292,4.12,0.7369193479686197
dense,LogReg,Sensitive,3,rank,relevance_only,6.2,0.9999999999999999,6.6,0.8482378089219645,7.55,0.8342093360907629,9.02,0.7928525410177399
dense,LogReg,Sensitive,3,rank,hard_filter,6.2,0.9999999999999999,6.6,0.8482378089219645,7.55,0.8342093360907629,9.02,0.7928525410177399
dense,LogReg,Sensitive,3,rank,proportional,3.8,0.8539316501572934,4.1,0.9052116356304493,4.85,0.8315904742997069,6.26,0.818605524658705
dense,LogReg,Sensitive,3,rank,MMR,5.8,0.7860137352654724,8.4,0.7191184989488184,10.1,0.7114920401128891,9.1,0.7366323074695336
dense,LogReg,Sensitive,3,rank,FAIR_prefix,6.2,0.9999999999999999,6.6,0.8482378089219645,7.55,0.8342093360907629,9.02,0.7928525410177399
dense,LogReg,Sensitive,3,rank,proposed,3.8,0.8539316501572934,4.0,0.9052116356304493,3.9,0.9024703966334292,4.12,0.7369288098936493
full,LogReg,Sensitive,3,minmax,relevance_only,0.6,0.8687949224876581,2.7,0.914856882358379,2.3,0.8746321516834927,1.84,0.8706538944262842
full,LogReg,Sensitive,3,minmax,hard_filter,0.0,0.8539316501572934,0.0,0.9052116356304493,0.4,0.905961714054391,0.64,0.8728734930882127
full,LogReg,Sensitive,3,minmax,proportional,0.6,0.8539316501572934,0.3,0.9052116356304493,0.15,0.8717382207747797,0.86,0.8694552176300998
full,LogReg,Sensitive,3,minmax,MMR,2.4,0.6548086577531306,2.7,0.6975961695061491,1.5,0.7714009503653401,3.52,0.7510877367084748
full,LogReg,Sensitive,3,minmax,FAIR_prefix,0.6,0.8687949224876581,1.0,0.914856882358379,1.9,0.945051411928014,1.84,0.8762478422814881
full,LogReg,Sensitive,3,minmax,proposed,0.0,0.8539316501572934,0.0,0.9052116356304493,0.0,0.8704517041459766,0.0,0.8805352373355737
full,LogReg,Sensitive,3,rank,relevance_only,0.6,0.8687949224876581,2.7,0.914856882358379,2.3,0.8746321516834927,1.84,0.8706538944262842
full,LogReg,Sensitive,3,rank,hard_filter,0.0,0.8539316501572934,0.0,0.9052116356304493,0.4,0.905961714054391,0.64,0.8728734930882127
full,LogReg,Sensitive,3,rank,proportional,0.0,0.8539316501572934,0.0,0.9052116356304493,0.0,0.8704517041459766,0.66,0.8683046585069099
full,LogReg,Sensitive,3,rank,MMR,1.4,0.7860137352654724,2.0,0.7948833326720566,1.4,0.8352861091333051,2.62,0.7863991969191888
full,LogReg,Sensitive,3,rank,FAIR_prefix,0.6,0.8687949224876581,1.0,0.914856882358379,1.9,0.945051411928014,1.84,0.8762478422814881
full,LogReg,Sensitive,3,rank,proposed,0.0,0.8539316501572934,0.0,0.9052116356304493,0.0,0.8704517041459766,0.0,0.8805352373355737
dense,LogReg,Sensitive,4,minmax,relevance_only,7.6,0.8539316501572934,6.7,0.9052116356304493,7.15,0.8301818638493023,10.14,0.7705160522658981
dense,LogReg,Sensitive,4,minmax,hard_filter,7.6,0.8539316501572934,6.7,0.9052116356304493,7.15,0.8301818638493023,10.14,0.7705160522658981
dense,LogReg,Sensitive,4,minmax,proportional,4.2,0.7860137352654724,5.5,0.8611375561264455,6.25,0.7681028958000116,6.82,0.7980666221371425
dense,LogReg,Sensitive,4,minmax,MMR,5.8,0.7860137352654724,5.9,0.7877736340270853,8.95,0.7182455329195653,9.4,0.6529402664929145
dense,LogReg,Sensitive,4,minmax,FAIR_prefix,7.6,0.8539316501572934,6.7,0.9052116356304493,7.15,0.8301818638493023,10.14,0.7705160522658981
dense,LogReg,Sensitive,4,minmax,proposed,3.6,0.7860137352654724,3.9,0.7948833326720566,4.2,0.8341869088969115,4.14,0.7467256666452475
dense,LogReg,Sensitive,4,rank,relevance_only,7.6,0.8539316501572934,6.7,0.9052116356304493,7.15,0.8301818638493023,10.14,0.7705160522658981
dense,LogReg,Sensitive,4,rank,hard_filter,7.6,0.8539316501572934,6.7,0.9052116356304493,7.15,0.8301818638493023,10.14,0.7705160522658981
dense,LogReg,Sensitive,4,rank,proportional,3.6,0.8304198973631918,5.0,0.8236998933965709,5.85,0.7775768468954738,6.82,0.8024698959909906
dense,LogReg,Sensitive,4,rank,MMR,5.8,0.7860137352654724,6.8,0.7948833326720566,9.4,0.6926545685283793,8.96,0.664636944483318
dense,LogReg,Sensitive,4,rank,FAIR_prefix,7.6,0.8539316501572934,6.7,0.9052116356304493,7.15,0.8301818638493023,10.14,0.7705160522658981
dense,LogReg,Sensitive,4,rank,proposed,3.6,0.8304198973631918,3.9,0.8236998933965709,4.2,0.8514714949692711,4.14,0.7563703046492803
full,LogReg,Sensitive,4,minmax,relevance_only,0.6,0.9999999999999999,1.0,1.0,1.3,0.9269414415594709,1.64,0.8682804301334173
full,LogReg,Sensitive,4,minmax,hard_filter,0.0,0.9999999999999999,0.0,0.933745776545611,0.5,0.9224915147860998,0.48,0.8792364222500288
full,LogReg,Sensitive,4,minmax,proportional,0.0,0.9999999999999999,0.3,0.9363792118010483,0.15,0.8918527567659226,0.5,0.8514628331673647
full,LogReg,Sensitive,4,minmax,MMR,0.4,0.7860137352654724,1.0,0.7975167679274938,1.15,0.7314912278114211,2.3,0.7286200831607367
full,LogReg,Sensitive,4,minmax,FAIR_prefix,0.6,0.9999999999999999,1.0,1.0,1.3,0.9269414415594709,1.64,0.8682804301334173
full,LogReg,Sensitive,4,minmax,proposed,0.0,0.9999999999999999,0.0,0.933745776545611,0.0,0.8565284158606572,0.0,0.8768222456682909
full,LogReg,Sensitive,4,rank,relevance_only,0.6,0.9999999999999999,1.0,1.0,1.3,0.9269414415594709,1.64,0.8682804301334173
full,LogReg,Sensitive,4,rank,hard_filter,0.0,0.9999999999999999,0.0,0.933745776545611,0.5,0.9224915147860998,0.48,0.8792364222500288
full,LogReg,Sensitive,4,rank,proportional,0.0,0.9999999999999999,0.0,0.933745776545611,0.0,0.8565284158606572,0.38,0.8630526492748308
full,LogReg,Sensitive,4,rank,MMR,0.4,0.7860137352654724,1.0,0.7827392871477701,1.05,0.7225989043911969,2.3,0.741867502251622
full,LogReg,Sensitive,4,rank,FAIR_prefix,0.6,0.9999999999999999,1.0,1.0,1.3,0.9269414415594709,1.64,0.8682804301334173
full,LogReg,Sensitive,4,rank,proposed,0.0,0.9999999999999999,0.0,0.933745776545611,0.0,0.8565284158606572,0.0,0.8768222456682909
dense,LogReg,Sensitive,5,minmax,relevance_only,7.2,0.9999999999999999,6.5,0.8603818544462509,8.55,0.8764575162223691,9.8,0.8263743630459064
dense,LogReg,Sensitive,5,minmax,hard_filter,7.2,0.9999999999999999,6.5,0.8603818544462509,8.55,0.8764575162223691,9.8,0.8263743630459064
dense,LogReg,Sensitive,5,minmax,proportional,5.6,0.9999999999999999,5.8,0.8603818544462509,5.75,0.8743849976986684,7.4,0.7546376596059416
dense,LogReg,Sensitive,5,minmax,MMR,6.6,0.8539316501572934,6.2,0.835780413693672,7.55,0.8592678683214278,9.22,0.680255067481285
dense,LogReg,Sensitive,5,minmax,FAIR_prefix,7.2,0.9999999999999999,6.5,0.8603818544462509,8.55,0.8764575162223691,9.8,0.8263743630459064
dense,LogReg,Sensitive,5,minmax,proposed,4.2,0.9999999999999999,4.2,0.9363792118010483,4.2,0.8585757864048379,4.36,0.6973819145616846
dense,LogReg,Sensitive,5,rank,relevance_only,7.2,0.9999999999999999,6.5,0.8603818544462509,8.55,0.8764575162223691,9.8,0.8263743630459064
dense,LogReg,Sensitive,5,rank,hard_filter,7.2,0.9999999999999999,6.5,0.8603818544462509,8.55,0.8764575162223691,9.8,0.8263743630459064
dense,LogReg,Sensitive,5,rank,proportional,4.6,0.9999999999999999,4.6,0.933745776545611,5.75,0.8833470394111712,7.28,0.7720753471927145
dense,LogReg,Sensitive,5,rank,MMR,6.0,0.7860137352654724,8.4,0.7877736340270853,7.8,0.7577234519298282,9.54,0.683911407904004
dense,LogReg,Sensitive,5,rank,FAIR_prefix,7.2,0.9999999999999999,6.5,0.8603818544462509,8.55,0.8764575162223691,9.8,0.8263743630459064
dense,LogReg,Sensitive,5,rank,proposed,4.2,0.9999999999999999,4.2,0.9363792118010483,4.2,0.8585757864048379,4.36,0.696498534856918
full,LogReg,Sensitive,5,minmax,relevance_only,0.2,0.8304198973631918,1.9,0.8899541168509599,2.3,0.9289799801831712,1.54,0.8381237394738399
full,LogReg,Sensitive,5,minmax,hard_filter,0.2,0.8304198973631918,0.1,0.8899541168509599,0.15,0.8942298074843027,0.58,0.8481906741840818
full,LogReg,Sensitive,5,minmax,proportional,0.2,0.8304198973631918,0.1,0.8899541168509599,0.25,0.8942298074843027,0.58,0.8654005073208856
full,LogReg,Sensitive,5,minmax,MMR,1.6,0.8687949224876581,1.5,0.914856882358379,2.1,0.8388184727058969,2.62,0.7611291588658666
full,LogReg,Sensitive,5,minmax,FAIR_prefix,0.2,0.8304198973631918,1.1,0.8899541168509599,1.9,0.9289799801831712,1.54,0.8386595390371188
full,LogReg,Sensitive,5,minmax,proposed,0.0,0.8304198973631918,0.0,0.8899541168509599,0.0,0.8926236921946324,0.0,0.8520956831197452
full,LogReg,Sensitive,5,rank,relevance_only,0.2,0.8304198973631918,1.9,0.8899541168509599,2.3,0.9289799801831712,1.54,0.8381237394738399
full,LogReg,Sensitive,5,rank,hard_filter,0.2,0.8304198973631918,0.1,0.8899541168509599,0.15,0.8942298074843027,0.58,0.8481906741840818
full,LogReg,Sensitive,5,rank,proportional,0.0,0.8304198973631918,0.0,0.8899541168509599,0.1,0.8934699702747569,0.34,0.8511101512790602
full,LogReg,Sensitive,5,rank,MMR,0.8,0.9999999999999999,1.8,0.7788065869851872,2.2,0.8208927055572864,2.6,0.7663073195132616
full,LogReg,Sensitive,5,rank,FAIR_prefix,0.2,0.8304198973631918,1.1,0.8899541168509599,1.9,0.9289799801831712,1.54,0.8386595390371188
full,LogReg,Sensitive,5,rank,proposed,0.0,0.8304198973631918,0.0,0.8899541168509599,0.0,0.8926236921946324,0.0,0.8520956831197452
dense,LogReg,Sensitive,6,minmax,relevance_only,5.8,0.8304198973631918,8.6,0.7471589728148225,8.95,0.7361113850793025,9.6,0.7362568518143677
dense,LogReg,Sensitive,6,minmax,hard_filter,5.8,0.8304198973631918,8.6,0.7471589728148225,8.95,0.7361113850793025,9.6,0.7362568518143677
dense,LogReg,Sensitive,6,minmax,proportional,4.4,0.8539316501572934,5.5,0.8389574121760602,5.8,0.8248187633739766,6.84,0.7436695354946178
dense,LogReg,Sensitive,6,minmax,MMR,7.8,0.6548086577531306,7.4,0.6281649475693718,8.45,0.7245197882399675,9.4,0.6642059136082245
dense,LogReg,Sensitive,6,minmax,FAIR_prefix,5.8,0.8304198973631918,8.6,0.7471589728148225,8.95,0.7361113850793025,9.6,0.7362568518143677
dense,LogReg,Sensitive,6,minmax,proposed,3.6,0.9999999999999999,4.1,1.0,4.2,0.9303549584852354,4.16,0.766245419818229
dense,LogReg,Sensitive,6,rank,relevance_only,5.8,0.8304198973631918,8.6,0.7471589728148225,8.95,0.7361113850793025,9.6,0.7362568518143677
dense,LogReg,Sensitive,6,rank,hard_filter,5.8,0.8304198973631918,8.6,0.7471589728148225,8.95,0.7361113850793025,9.6,0.7362568518143677
dense,LogReg,Sensitive,6,rank,proportional,3.6,0.9999999999999999,5.1,0.8553475075669357,5.4,0.8379514253734928,6.64,0.7638193988852965
dense,LogReg,Sensitive,6,rank,MMR,7.8,0.6548086577531306,7.6,0.6363762929310754,8.6,0.7280223819653086,9.78,0.6791966769973573
dense,LogReg,Sensitive,6,rank,FAIR_prefix,5.8,0.8304198973631918,8.6,0.7471589728148225,8.95,0.7361113850793025,9.6,0.7362568518143677
dense,LogReg,Sensitive,6,rank,proposed,3.6,0.9999999999999999,4.1,1.0,4.2,0.9303549584852354,4.16,0.7664741237406443
full,LogReg,Sensitive,6,minmax,relevance_only,0.6,0.6608397947263838,0.8,0.7799082337019198,1.3,0.7881661809930903,2.68,0.8247236090835087
full,LogReg,Sensitive,6,minmax,hard_filter,0.8,0.6608397947263838,0.6,0.7799082337019198,0.6,0.8206532099998979,0.6,0.8430050359623646
full,LogReg,Sensitive,6,minmax,proportional,0.0,0.6608397947263838,0.4,0.7799082337019198,0.55,0.82389698811036,0.48,0.8303082267401148
full,LogReg,Sensitive,6,minmax,MMR,2.8,0.2772734273550482,2.5,0.45763598457996507,2.65,0.5779190504029714,2.94,0.6759008431409343
full,LogReg,Sensitive,6,minmax,FAIR_prefix,0.6,0.6608397947263838,0.8,0.7799082337019198,1.3,0.7881661809930903,2.68,0.8247236090835087
full,LogReg,Sensitive,6,minmax,proposed,0.0,0.6608397947263838,0.0,0.7799082337019198,0.0,0.8579599603663426,0.0,0.8444842302101904
full,LogReg,Sensitive,6,rank,relevance_only,0.6,0.6608397947263838,0.8,0.7799082337019198,1.3,0.7881661809930903,2.68,0.8247236090835087
full,LogReg,Sensitive,6,rank,hard_filter,0.8,0.6608397947263838,0.6,0.7799082337019198,0.6,0.8206532099998979,0.6,0.8430050359623646
full,LogReg,Sensitive,6,rank,proportional,0.0,0.6608397947263838,0.0,0.7799082337019198,0.2,0.82389698811036,0.48,0.8299455806812037
full,LogReg,Sensitive,6,rank,MMR,3.0,0.1460683498427064,2.5,0.4458567890377042,2.65,0.49070532169800263,2.1,0.6300277790103816
full,LogReg,Sensitive,6,rank,FAIR_prefix,0.6,0.6608397947263838,0.8,0.7799082337019198,1.3,0.7881661809930903,2.68,0.8247236090835087
full,LogReg,Sensitive,6,rank,proposed,0.0,0.6608397947263838,0.0,0.7799082337019198,0.0,0.8579599603663426,0.0,0.8444842302101904
dense,LogReg,Sensitive,7,minmax,relevance_only,7.4,0.9999999999999999,6.5,0.9266360779006398,7.7,0.9179031474232454,8.54,0.830624647726295
dense,LogReg,Sensitive,7,minmax,hard_filter,7.4,0.9999999999999999,6.5,0.9266360779006398,7.7,0.9179031474232454,8.54,0.830624647726295
dense,LogReg,Sensitive,7,minmax,proportional,4.0,0.9999999999999999,5.1,0.9305687780632227,6.0,0.8876908927576321,7.02,0.8039768283155465
dense,LogReg,Sensitive,7,minmax,MMR,6.8,0.6164336326286642,6.6,0.6816604510406281,7.45,0.7581977613896173,9.36,0.6718721542996952
dense,LogReg,Sensitive,7,minmax,FAIR_prefix,7.4,0.9999999999999999,6.5,0.9266360779006398,7.7,0.9179031474232454,8.54,0.830624647726295
dense,LogReg,Sensitive,7,minmax,proposed,3.8,0.9999999999999999,4.3,0.9363792118010483,4.1,0.8892961790983465,4.06,0.7739121810956366
dense,LogReg,Sensitive,7,rank,relevance_only,7.4,0.9999999999999999,6.5,0.9266360779006398,7.7,0.9179031474232454,8.54,0.830624647726295
dense,LogReg,Sensitive,7,rank,hard_filter,7.4,0.9999999999999999,6.5,0.9266360779006398,7.7,0.9179031474232454,8.54,0.830624647726295
dense,LogReg,Sensitive,7,rank,proportional,3.4,0.9999999999999999,4.8,0.933745776545611,5.15,0.8500439043647344,7.02,0.7993771289799405
dense,LogReg,Sensitive,7,rank,MMR,6.2,0.6164336326286642,7.5,0.6777277508780453,7.3,0.679260135181875,9.7,0.6888811080264651
dense,LogReg,Sensitive,7,rank,FAIR_prefix,7.4,0.9999999999999999,6.5,0.9266360779006398,7.7,0.9179031474232454,8.54,0.830624647726295
dense,LogReg,Sensitive,7,rank,proposed,3.8,0.9999999999999999,4.3,0.9363792118010483,4.1,0.8892961790983465,4.1,0.773929658968492
full,LogReg,Sensitive,7,minmax,relevance_only,0.0,0.7860137352654724,1.1,0.8611375561264455,2.05,0.9103827127966565,1.96,0.9051232990930986
full,LogReg,Sensitive,7,minmax,hard_filter,0.0,0.7860137352654724,0.2,0.8611375561264455,0.35,0.9103827127966565,0.76,0.8761283111123562
full,LogReg,Sensitive,7,minmax,proportional,0.0,0.7860137352654724,0.4,0.8611375561264455,0.3,0.9103827127966565,0.72,0.8746764859201165
full,LogReg,Sensitive,7,minmax,MMR,0.4,0.9999999999999999,2.3,0.9363792118010483,2.25,0.8461853426930438,1.92,0.79729370916828
full,LogReg,Sensitive,7,minmax,FAIR_prefix,0.0,0.7860137352654724,1.1,0.8611375561264455,2.05,0.9103827127966565,1.96,0.9051232990930986
full,LogReg,Sensitive,7,minmax,proposed,0.0,0.7860137352654724,0.0,0.8611375561264455,0.0,0.8775177422290793,0.0,0.8712084192775293
full,LogReg,Sensitive,7,rank,relevance_only,0.0,0.7860137352654724,1.1,0.8611375561264455,2.05,0.9103827127966565,1.96,0.9051232990930986
full,LogReg,Sensitive,7,rank,hard_filter,0.0,0.7860137352654724,0.2,0.8611375561264455,0.35,0.9103827127966565,0.76,0.8761283111123562
full,LogReg,Sensitive,7,rank,proportional,0.0,0.7860137352654724,0.0,0.8611375561264455,0.15,0.9103827127966565,0.54,0.8739644662342995
full,LogReg,Sensitive,7,rank,MMR,0.4,0.9999999999999999,2.6,0.8603818544462509,2.2,0.7267198694424942,1.82,0.7460269386934354
full,LogReg,Sensitive,7,rank,FAIR_prefix,0.0,0.7860137352654724,1.1,0.8611375561264455,2.05,0.9103827127966565,1.96,0.9051232990930986
full,LogReg,Sensitive,7,rank,proposed,0.0,0.7860137352654724,0.0,0.8611375561264455,0.0,0.8775177422290793,0.0,0.8712084192775293
dense,LogReg,Sensitive,8,minmax,relevance_only,4.6,0.8687949224876581,7.5,0.7778721720600672,8.0,0.7855394919758317,9.84,0.7439873699711076
dense,LogReg,Sensitive,8,minmax,hard_filter,4.6,0.8687949224876581,7.5,0.7778721720600672,8.0,0.7855394919758317,9.84,0.7439873699711076
dense,LogReg,Sensitive,8,minmax,proportional,4.6,0.8539316501572934,5.2,0.7682269253321374,6.0,0.7122524655079495,7.44,0.7717439214861089
dense,LogReg,Sensitive,8,minmax,MMR,8.4,0.6843515475204854,7.6,0.6473362615659565,8.0,0.7045540371721165,9.18,0.6562647213612033
dense,LogReg,Sensitive,8,minmax,FAIR_prefix,4.6,0.8687949224876581,7.5,0.7778721720600672,8.0,0.7855394919758317,9.84,0.7439873699711076
dense,LogReg,Sensitive,8,minmax,proposed,3.6,0.8539316501572934,4.1,0.9052116356304493,4.1,0.938826684621968,4.28,0.6974710414009972
dense,LogReg,Sensitive,8,rank,relevance_only,4.6,0.8687949224876581,7.5,0.7778721720600672,8.0,0.7855394919758317,9.84,0.7439873699711076
dense,LogReg,Sensitive,8,rank,hard_filter,4.6,0.8687949224876581,7.5,0.7778721720600672,8.0,0.7855394919758317,9.84,0.7439873699711076
dense,LogReg,Sensitive,8,rank,proportional,3.6,0.8539316501572934,4.5,0.8415908474314976,5.6,0.721854230540531,7.12,0.7631683640364342
dense,LogReg,Sensitive,8,rank,MMR,8.2,0.8539316501572934,8.3,0.6961622681399229,8.4,0.6662621764901168,9.02,0.6684382729231851
dense,LogReg,Sensitive,8,rank,FAIR_prefix,4.6,0.8687949224876581,7.5,0.7778721720600672,8.0,0.7855394919758317,9.84,0.7439873699711076
dense,LogReg,Sensitive,8,rank,proposed,3.6,0.8539316501572934,4.1,0.9052116356304493,4.1,0.938826684621968,4.28,0.6973029680453011
full,LogReg,Sensitive,8,minmax,relevance_only,0.2,0.8687949224876581,1.4,0.914856882358379,1.5,0.9127131207796942,1.82,0.8814160416407794
full,LogReg,Sensitive,8,minmax,hard_filter,0.2,0.8687949224876581,0.2,0.914856882358379,0.4,0.945051411928014,0.68,0.8975013053690928
full,LogReg,Sensitive,8,minmax,proportional,0.2,0.8539316501572934,0.2,0.9052116356304493,0.15,0.938826684621968,0.7,0.8946244702779962
full,LogReg,Sensitive,8,minmax,MMR,0.8,0.9999999999999999,1.8,0.8630152897016883,2.4,0.8768443680363566,2.92,0.8395096056450181
full,LogReg,Sensitive,8,minmax,FAIR_prefix,0.2,0.8687949224876581,1.4,0.914856882358379,1.5,0.9127131207796942,1.82,0.8814160416407794
full,LogReg,Sensitive,8,minmax,proposed,0.0,0.8539316501572934,0.0,0.9052116356304493,0.0,0.938826684621968,0.0,0.863518805724255
full,LogReg,Sensitive,8,rank,relevance_only,0.2,0.8687949224876581,1.4,0.914856882358379,1.5,0.9127131207796942,1.82,0.8814160416407794
full,LogReg,Sensitive,8,rank,hard_filter,0.2,0.8687949224876581,0.2,0.914856882358379,0.4,0.945051411928014,0.68,0.8975013053690928
full,LogReg,Sensitive,8,rank,proportional,0.0,0.8539316501572934,0.1,0.9052116356304493,0.15,0.938826684621968,0.54,0.8942898315864423
full,LogReg,Sensitive,8,rank,MMR,0.8,0.9999999999999999,1.8,0.8482378089219645,2.4,0.8313133953963389,3.68,0.7872274089681384
full,LogReg,Sensitive,8,rank,FAIR_prefix,0.2,0.8687949224876581,1.4,0.914856882358379,1.5,0.9127131207796942,1.82,0.8814160416407794
full,LogReg,Sensitive,8,rank,proposed,0.0,0.8539316501572934,0.0,0.9052116356304493,0.0,0.938826684621968,0.0,0.863518805724255
dense,LogReg,Sensitive,9,minmax,relevance_only,6.6,0.9999999999999999,7.1,1.0,7.65,0.8543791515123558,9.02,0.7850835936110354
dense,LogReg,Sensitive,9,minmax,hard_filter,6.6,0.9999999999999999,7.1,1.0,7.65,0.8543791515123558,9.02,0.7850835936110354
dense,LogReg,Sensitive,9,minmax,proportional,4.8,0.9999999999999999,5.1,0.9363792118010483,5.45,0.847263230491982,7.06,0.7644077568985825
dense,LogReg,Sensitive,9,minmax,MMR,7.8,0.6548086577531306,8.3,0.6403089930936582,7.25,0.6239229466888864,8.92,0.6474474533784772
dense,LogReg,Sensitive,9,minmax,FAIR_prefix,6.6,0.9999999999999999,7.1,1.0,7.65,0.8543791515123558,9.02,0.7850835936110354
dense,LogReg,Sensitive,9,minmax,proposed,3.8,0.9999999999999999,3.9,0.9305687780632227,3.9,0.8466227880493847,4.28,0.7371130125383666
dense,LogReg,Sensitive,9,rank,relevance_only,6.6,0.9999999999999999,7.1,1.0,7.65,0.8543791515123558,9.02,0.7850835936110354
dense,LogReg,Sensitive,9,rank,hard_filter,6.6,0.9999999999999999,7.1,1.0,7.65,0.8543791515123558,9.02,0.7850835936110354
dense,LogReg,Sensitive,9,rank,proportional,3.2,0.9999999999999999,4.2,0.9305687780632227,4.8,0.8118726153505162,7.06,0.7621894327053577
dense,LogReg,Sensitive,9,rank,MMR,6.6,0.7860137352654724,8.1,0.6399441431116327,7.35,0.6202846286757002,9.0,0.6718624597766679
dense,LogReg,Sensitive,9,rank,FAIR_prefix,6.6,0.9999999999999999,7.1,1.0,7.65,0.8543791515123558,9.02,0.7850835936110354
dense,LogReg,Sensitive,9,rank,proposed,3.8,0.9999999999999999,3.9,0.9305687780632227,3.9,0.8466227880493847,4.28,0.736853650128109
full,LogReg,Sensitive,9,minmax,relevance_only,0.0,0.7860137352654724,1.1,0.8611375561264455,1.8,0.876319740540674,1.88,0.9027209482322454
full,LogReg,Sensitive,9,minmax,hard_filter,0.0,0.7860137352654724,0.1,0.8611375561264455,0.4,0.8740264248081178,0.6,0.8853378557951505
full,LogReg,Sensitive,9,minmax,proportional,0.0,0.7860137352654724,0.1,0.8611375561264455,0.25,0.8775177422290793,0.64,0.8864672737266475
full,LogReg,Sensitive,9,minmax,MMR,0.8,0.9999999999999999,1.4,0.791726719367984,1.7,0.7951679648789409,1.92,0.7549081235842797
full,LogReg,Sensitive,9,minmax,FAIR_prefix,0.0,0.7860137352654724,1.1,0.8611375561264455,1.8,0.876319740540674,1.88,0.9027209482322454
full,LogReg,Sensitive,9,minmax,proposed,0.0,0.7860137352654724,0.0,0.8611375561264455,0.0,0.9103827127966565,0.0,0.8749512760445423
full,LogReg,Sensitive,9,rank,relevance_only,0.0,0.7860137352654724,1.1,0.8611375561264455,1.8,0.876319740540674,1.88,0.9027209482322454
full,LogReg,Sensitive,9,rank,hard_filter,0.0,0.7860137352654724,0.1,0.8611375561264455,0.4,0.8740264248081178,0.6,0.8853378557951505
full,LogReg,Sensitive,9,rank,proportional,0.0,0.7860137352654724,0.0,0.8611375561264455,0.1,0.8780444216483366,0.5,0.8860003878061897
full,LogReg,Sensitive,9,rank,MMR,1.2,0.8304198973631918,1.8,0.7529694065526481,2.0,0.7305341936180596,2.28,0.7464261956899413
full,LogReg,Sensitive,9,rank,FAIR_prefix,0.0,0.7860137352654724,1.1,0.8611375561264455,1.8,0.876319740540674,1.88,0.9027209482322454
full,LogReg,Sensitive,9,rank,proposed,0.0,0.7860137352654724,0.0,0.8611375561264455,0.0,0.9103827127966565,0.0,0.8749512760445423
dense,LightGBM,Combination,0,minmax,relevance_only,9.8,0.8304198973631918,7.2,0.8899541168509599,7.7,0.8966416890348514,9.04,0.8845705037550984
dense,LightGBM,Combination,0,minmax,hard_filter,9.8,0.8304198973631918,7.2,0.8899541168509599,7.7,0.8966416890348514,9.04,0.8845705037550984
dense,LightGBM,Combination,0,minmax,proportional,3.0,0.9999999999999999,3.0,0.933745776545611,3.35,0.9188570493195856,4.38,0.8311758125019576
dense,LightGBM,Combination,0,minmax,MMR,7.0,0.8687949224876581,7.1,0.8454256604216017,7.75,0.8289931595933823,8.8,0.7520499328368524
dense,LightGBM,Combination,0,minmax,FAIR_prefix,9.8,0.8304198973631918,7.2,0.8899541168509599,7.7,0.8966416890348514,9.04,0.8845705037550984
dense,LightGBM,Combination,0,minmax,proposed,3.0,0.9999999999999999,3.0,0.933745776545611,3.45,0.9231787152289858,4.18,0.835120314217619
dense,LightGBM,Combination,0,rank,relevance_only,9.8,0.8304198973631918,7.2,0.8899541168509599,7.7,0.8966416890348514,9.04,0.8845705037550984
dense,LightGBM,Combination,0,rank,hard_filter,9.8,0.8304198973631918,7.2,0.8899541168509599,7.7,0.8966416890348514,9.04,0.8845705037550984
dense,LightGBM,Combination,0,rank,proportional,3.4,0.9999999999999999,4.9,1.0,5.1,0.9626932496335552,6.22,0.9331601859585533
dense,LightGBM,Combination,0,rank,MMR,6.4,0.9999999999999999,8.4,0.9363792118010483,9.15,0.9260762500455338,8.82,0.8800364683066321
dense,LightGBM,Combination,0,rank,FAIR_prefix,9.8,0.8304198973631918,7.2,0.8899541168509599,7.7,0.8966416890348514,9.04,0.8845705037550984
dense,LightGBM,Combination,0,rank,proposed,3.4,0.9999999999999999,4.2,0.933745776545611,4.0,0.921731677576554,4.2,0.8232951646262919
full,LightGBM,Combination,0,minmax,relevance_only,4.6,0.9999999999999999,2.4,1.0,2.2,0.9999999999999999,2.56,0.9675831169981532
full,LightGBM,Combination,0,minmax,hard_filter,1.6,0.9999999999999999,1.0,1.0,1.1,0.9999999999999999,1.16,0.9836940396642968
full,LightGBM,Combination,0,minmax,proportional,0.0,0.9999999999999999,0.0,1.0,0.0,0.9999999999999999,0.0,0.984199157185123
full,LightGBM,Combination,0,minmax,MMR,3.0,0.8687949224876581,1.9,0.914856882358379,4.4,0.9077446615615693,3.2,0.9073460824117443
full,LightGBM,Combination,0,minmax,FAIR_prefix,4.6,0.9999999999999999,2.4,1.0,2.2,0.9999999999999999,2.56,0.9675831169981532
full,LightGBM,Combination,0,minmax,proposed,0.0,0.9999999999999999,0.0,1.0,0.0,0.9999999999999999,0.0,0.984199157185123
full,LightGBM,Combination,0,rank,relevance_only,4.6,0.9999999999999999,2.4,1.0,2.2,0.9999999999999999,2.56,0.9675831169981532
full,LightGBM,Combination,0,rank,hard_filter,1.6,0.9999999999999999,1.0,1.0,1.1,0.9999999999999999,1.16,0.9836940396642968
full,LightGBM,Combination,0,rank,proportional,0.0,0.9999999999999999,0.1,1.0,0.35,0.9999999999999999,0.86,0.9707474093592454
full,LightGBM,Combination,0,rank,MMR,4.4,0.9999999999999999,2.3,1.0,2.9,0.9999999999999999,2.46,0.9373693001807325
full,LightGBM,Combination,0,rank,FAIR_prefix,4.6,0.9999999999999999,2.4,1.0,2.2,0.9999999999999999,2.56,0.9675831169981532
full,LightGBM,Combination,0,rank,proposed,0.0,0.9999999999999999,0.0,1.0,0.0,0.9999999999999999,0.0,0.984199157185123
dense,LightGBM,Combination,1,minmax,relevance_only,13.8,0.7860137352654724,11.1,0.8611375561264455,9.5,0.9103827127966565,9.4,0.7949113244411284
dense,LightGBM,Combination,1,minmax,hard_filter,13.8,0.7860137352654724,11.1,0.8611375561264455,9.5,0.9103827127966565,9.4,0.7949113244411284
dense,LightGBM,Combination,1,minmax,proportional,3.0,0.9999999999999999,3.0,0.8630152897016883,3.45,0.7995468642148588,4.36,0.8113279889606877
dense,LightGBM,Combination,1,minmax,MMR,8.2,0.7860137352654724,7.6,0.7191184989488184,8.35,0.6449948475723374,8.38,0.6805363416501484
dense,LightGBM,Combination,1,minmax,FAIR_prefix,13.8,0.7860137352654724,11.1,0.8611375561264455,9.5,0.9103827127966565,9.4,0.7949113244411284
dense,LightGBM,Combination,1,minmax,proposed,3.0,0.9999999999999999,3.1,0.9266360779006398,3.5,0.7728351430402108,4.22,0.801650416796307
dense,LightGBM,Combination,1,rank,relevance_only,13.8,0.7860137352654724,11.1,0.8611375561264455,9.5,0.9103827127966565,9.4,0.7949113244411284
dense,LightGBM,Combination,1,rank,hard_filter,13.8,0.7860137352654724,11.1,0.8611375561264455,9.5,0.9103827127966565,9.4,0.7949113244411284
dense,LightGBM,Combination,1,rank,proportional,4.0,0.9999999999999999,4.9,0.8630152897016883,5.3,0.8760845308268108,6.66,0.8093854258287313
dense,LightGBM,Combination,1,rank,MMR,12.0,0.9999999999999999,10.0,0.8603818544462509,9.4,0.7686168259856536,9.42,0.8148718367254725
dense,LightGBM,Combination,1,rank,FAIR_prefix,13.8,0.7860137352654724,11.1,0.8611375561264455,9.5,0.9103827127966565,9.4,0.7949113244411284
dense,LightGBM,Combination,1,rank,proposed,3.8,0.9999999999999999,4.2,0.7788065869851872,4.05,0.7876760113814284,4.22,0.7971169049810686
full,LightGBM,Combination,1,minmax,relevance_only,3.6,0.9999999999999999,4.4,0.9266360779006398,4.9,0.9192158287374007,3.84,0.9559037033991544
full,LightGBM,Combination,1,minmax,hard_filter,0.8,0.9999999999999999,1.4,1.0,1.5,0.9616153618346169,0.94,0.9650892531662703
full,LightGBM,Combination,1,minmax,proportional,0.0,0.9999999999999999,0.0,1.0,0.0,0.9999999999999999,0.0,0.9672888755854777
full,LightGBM,Combination,1,minmax,MMR,5.2,0.639945385422766,3.2,0.7663491917568948,4.35,0.7056168991078245,4.12,0.7748917799337282
full,LightGBM,Combination,1,minmax,FAIR_prefix,3.6,0.9999999999999999,4.1,0.9305687780632227,4.65,0.9196813464899138,3.38,0.9561578077436932
full,LightGBM,Combination,1,minmax,proposed,0.0,0.9999999999999999,0.0,1.0,0.0,0.9999999999999999,0.0,0.9672888755854777
full,LightGBM,Combination,1,rank,relevance_only,3.6,0.9999999999999999,4.4,0.9266360779006398,4.9,0.9192158287374007,3.84,0.9559037033991544
full,LightGBM,Combination,1,rank,hard_filter,0.8,0.9999999999999999,1.4,1.0,1.5,0.9616153618346169,0.94,0.9650892531662703
full,LightGBM,Combination,1,rank,proportional,0.4,0.9999999999999999,0.6,1.0,0.45,0.9999999999999999,0.8,0.9699248051052458
full,LightGBM,Combination,1,rank,MMR,9.4,0.7860137352654724,6.2,0.8611375561264455,3.4,0.8707616457408408,3.46,0.8558212431211208
full,LightGBM,Combination,1,rank,FAIR_prefix,3.6,0.9999999999999999,4.1,0.9305687780632227,4.65,0.9196813464899138,3.38,0.9561578077436932
full,LightGBM,Combination,1,rank,proposed,0.0,0.9999999999999999,0.0,1.0,0.0,0.9999999999999999,0.0,0.9672888755854777
dense,LightGBM,Combination,2,minmax,relevance_only,11.0,0.9999999999999999,10.2,1.0,10.25,0.8915867889461478,9.56,0.8964118553262931
dense,LightGBM,Combination,2,minmax,hard_filter,11.0,0.9999999999999999,10.2,1.0,10.25,0.8915867889461478,9.56,0.8964118553262931
dense,LightGBM,Combination,2,minmax,proportional,3.0,0.9999999999999999,3.0,0.933745776545611,3.35,0.9243767169173913,3.96,0.8501511553810409
dense,LightGBM,Combination,2,minmax,MMR,6.6,0.8304198973631918,8.9,0.8236998933965709,8.75,0.7754941399249169,9.12,0.7862670714175751
dense,LightGBM,Combination,2,minmax,FAIR_prefix,11.0,0.9999999999999999,10.2,1.0,10.25,0.8915867889461478,9.56,0.8964118553262931
dense,LightGBM,Combination,2,minmax,proposed,3.0,0.9999999999999999,3.1,0.9363792118010483,3.6,0.9266029294647911,4.0,0.8395910565036323
dense,LightGBM,Combination,2,rank,relevance_only,11.0,0.9999999999999999,10.2,1.0,10.25,0.8915867889461478,9.56,0.8964118553262931
dense,LightGBM,Combination,2,rank,hard_filter,11.0,0.9999999999999999,10.2,1.0,10.25,0.8915867889461478,9.56,0.8964118553262931
dense,LightGBM,Combination,2,rank,proportional,5.0,0.9999999999999999,5.4,1.0,5.65,0.9303549584852354,6.94,0.8420510213391937
dense,LightGBM,Combination,2,rank,MMR,11.6,0.9999999999999999,8.9,0.933745776545611,10.35,0.8841831290444394,9.4,0.843931113090533
dense,LightGBM,Combination,2,rank,FAIR_prefix,11.0,0.9999999999999999,10.2,1.0,10.25,0.8915867889461478,9.56,0.8964118553262931
dense,LightGBM,Combination,2,rank,proposed,4.2,0.9999999999999999,4.4,0.9363792118010483,4.05,0.8925399572088086,4.08,0.8535889213123117
full,LightGBM,Combination,2,minmax,relevance_only,1.8,0.9999999999999999,4.2,1.0,3.75,0.9999999999999999,3.04,0.9706825779733618
full,LightGBM,Combination,2,minmax,hard_filter,1.8,0.9999999999999999,1.8,1.0,1.5,0.9999999999999999,1.1,0.9686971089565247
full,LightGBM,Combination,2,minmax,proportional,0.0,0.9999999999999999,0.0,1.0,0.0,0.9999999999999999,0.0,0.9725226878138372
full,LightGBM,Combination,2,minmax,MMR,1.0,0.9999999999999999,2.3,0.9266360779006398,3.05,0.9171433102136997,2.92,0.8683096668775027
full,LightGBM,Combination,2,minmax,FAIR_prefix,1.8,0.9999999999999999,4.2,1.0,3.75,0.9999999999999999,3.04,0.9706825779733618
full,LightGBM,Combination,2,minmax,proposed,0.0,0.9999999999999999,0.0,1.0,0.0,0.9999999999999999,0.0,0.9725226878138372
full,LightGBM,Combination,2,rank,relevance_only,1.8,0.9999999999999999,4.2,1.0,3.75,0.9999999999999999,3.04,0.9706825779733618
full,LightGBM,Combination,2,rank,hard_filter,1.8,0.9999999999999999,1.8,1.0,1.5,0.9999999999999999,1.1,0.9686971089565247
full,LightGBM,Combination,2,rank,proportional,0.2,0.9999999999999999,0.3,1.0,0.4,0.9999999999999999,0.9,0.9830897184003549
full,LightGBM,Combination,2,rank,MMR,2.4,0.8304198973631918,2.4,0.8899541168509599,3.1,0.9289799801831712,3.14,0.882424837746957
full,LightGBM,Combination,2,rank,FAIR_prefix,1.8,0.9999999999999999,4.2,1.0,3.75,0.9999999999999999,3.04,0.9706825779733618
full,LightGBM,Combination,2,rank,proposed,0.0,0.9999999999999999,0.0,1.0,0.0,0.9999999999999999,0.0,0.9725226878138372
dense,LightGBM,Combination,3,minmax,relevance_only,11.2,0.9999999999999999,12.4,1.0,10.95,0.9999999999999999,10.06,0.9523865954472182
dense,LightGBM,Combination,3,minmax,hard_filter,11.2,0.9999999999999999,12.4,1.0,10.95,0.9999999999999999,10.06,0.9523865954472182
dense,LightGBM,Combination,3,minmax,proportional,3.0,0.9999999999999999,3.0,1.0,3.45,0.9626932496335552,4.14,0.8383342191599626
dense,LightGBM,Combination,3,minmax,MMR,9.2,0.9999999999999999,7.1,1.0,7.3,0.8577586102053822,8.7,0.8310788295875747
dense,LightGBM,Combination,3,minmax,FAIR_prefix,11.2,0.9999999999999999,12.4,1.0,10.95,0.9999999999999999,10.06,0.9523865954472182
dense,LightGBM,Combination,3,minmax,proposed,3.0,0.9999999999999999,3.1,1.0,3.5,0.9676617088516801,4.06,0.830335775027389
dense,LightGBM,Combination,3,rank,relevance_only,11.2,0.9999999999999999,12.4,1.0,10.95,0.9999999999999999,10.06,0.9523865954472182
dense,LightGBM,Combination,3,rank,hard_filter,11.2,0.9999999999999999,12.4,1.0,10.95,0.9999999999999999,10.06,0.9523865954472182
dense,LightGBM,Combination,3,rank,proportional,5.6,0.9999999999999999,5.6,1.0,5.45,0.930427017835603,6.8,0.9476449461628452
dense,LightGBM,Combination,3,rank,MMR,11.6,0.9999999999999999,10.7,0.9305687780632227,10.2,0.9551913563983281,9.14,0.9016551246523934
dense,LightGBM,Combination,3,rank,FAIR_prefix,11.2,0.9999999999999999,12.4,1.0,10.95,0.9999999999999999,10.06,0.9523865954472182
dense,LightGBM,Combination,3,rank,proposed,5.0,0.9999999999999999,4.8,0.866947989864271,4.3,0.9141325770114391,4.1,0.8335766178598676
full,LightGBM,Combination,3,minmax,relevance_only,2.4,0.9999999999999999,1.9,1.0,2.0,0.9999999999999999,3.64,0.9548369787791751
full,LightGBM,Combination,3,minmax,hard_filter,1.0,0.9999999999999999,1.3,1.0,1.1,0.9999999999999999,1.1,0.9382326113571392
full,LightGBM,Combination,3,minmax,proportional,0.0,0.9999999999999999,0.0,1.0,0.0,0.963643712011461,0.0,0.9347543928603945
full,LightGBM,Combination,3,minmax,MMR,0.8,0.8304198973631918,1.0,0.8899541168509599,1.4,0.8905953420177883,3.22,0.8644136351748446
full,LightGBM,Combination,3,minmax,FAIR_prefix,2.4,0.9999999999999999,1.9,1.0,2.0,0.9999999999999999,3.64,0.9548369787791751
full,LightGBM,Combination,3,minmax,proposed,0.0,0.9999999999999999,0.0,1.0,0.0,0.963643712011461,0.0,0.9347543928603945
full,LightGBM,Combination,3,rank,relevance_only,2.4,0.9999999999999999,1.9,1.0,2.0,0.9999999999999999,3.64,0.9548369787791751
full,LightGBM,Combination,3,rank,hard_filter,1.0,0.9999999999999999,1.3,1.0,1.1,0.9999999999999999,1.1,0.9382326113571392
full,LightGBM,Combination,3,rank,proportional,0.0,0.9999999999999999,0.2,1.0,0.45,0.9999999999999999,0.7,0.9376780451033745
full,LightGBM,Combination,3,rank,MMR,0.4,0.8304198973631918,2.8,0.8899541168509599,3.4,0.8594069980187744,3.66,0.8773699513270793
full,LightGBM,Combination,3,rank,FAIR_prefix,2.4,0.9999999999999999,1.9,1.0,2.0,0.9999999999999999,3.64,0.9548369787791751
full,LightGBM,Combination,3,rank,proposed,0.0,0.9999999999999999,0.0,1.0,0.0,0.963643712011461,0.0,0.9347543928603945
dense,LightGBM,Combination,4,minmax,relevance_only,9.4,0.9999999999999999,8.9,0.933745776545611,9.15,0.8835576481731704,10.1,0.8743654949651345
dense,LightGBM,Combination,4,minmax,hard_filter,9.4,0.9999999999999999,8.9,0.933745776545611,9.15,0.8835576481731704,10.1,0.8743654949651345
dense,LightGBM,Combination,4,minmax,proportional,3.0,0.8539316501572934,3.0,0.9052116356304493,3.35,0.9047637123659855,4.32,0.8117546619412649
dense,LightGBM,Combination,4,minmax,MMR,6.4,0.8539316501572934,7.2,0.8318477135310891,7.6,0.7823069564806845,9.42,0.7094275182142261
dense,LightGBM,Combination,4,minmax,FAIR_prefix,9.4,0.9999999999999999,8.9,0.933745776545611,9.15,0.8835576481731704,10.1,0.8743654949651345
dense,LightGBM,Combination,4,minmax,proposed,3.0,0.8539316501572934,3.1,0.9052116356304493,3.45,0.8709783835652339,4.06,0.7981694489372545
dense,LightGBM,Combination,4,rank,relevance_only,9.4,0.9999999999999999,8.9,0.933745776545611,9.15,0.8835576481731704,10.1,0.8743654949651345
dense,LightGBM,Combination,4,rank,hard_filter,9.4,0.9999999999999999,8.9,0.933745776545611,9.15,0.8835576481731704,10.1,0.8743654949651345
dense,LightGBM,Combination,4,rank,proportional,4.0,0.8539316501572934,5.0,0.8389574121760602,5.55,0.861318199408068,6.94,0.8667146600679732
dense,LightGBM,Combination,4,rank,MMR,6.8,0.9999999999999999,9.1,0.7967610662472993,9.6,0.8017477643730052,10.14,0.785664615345677
dense,LightGBM,Combination,4,rank,FAIR_prefix,9.4,0.9999999999999999,8.9,0.933745776545611,9.15,0.8835576481731704,10.1,0.8743654949651345
dense,LightGBM,Combination,4,rank,proposed,4.6,0.8687949224876581,4.4,0.8414929602590189,4.2,0.8636417597941458,4.06,0.7950727609446943
full,LightGBM,Combination,4,minmax,relevance_only,1.4,0.9999999999999999,4.0,1.0,3.0,0.9676617088516801,2.9,0.9373871578593842
full,LightGBM,Combination,4,minmax,hard_filter,1.0,0.9999999999999999,0.8,1.0,0.95,0.9644899900915855,1.0,0.9493591125645773
full,LightGBM,Combination,4,minmax,proportional,0.0,0.9999999999999999,0.0,1.0,0.0,0.9626932496335552,0.0,0.965753533818833
full,LightGBM,Combination,4,minmax,MMR,4.6,0.8539316501572934,3.0,0.7753366239771086,3.7,0.8166249545546646,4.68,0.777651993749342
full,LightGBM,Combination,4,minmax,FAIR_prefix,1.4,0.9999999999999999,2.8,1.0,3.0,0.9671350294324228,2.84,0.9370996682246928
full,LightGBM,Combination,4,minmax,proposed,0.0,0.9999999999999999,0.0,1.0,0.0,0.9626932496335552,0.0,0.965753533818833
full,LightGBM,Combination,4,rank,relevance_only,1.4,0.9999999999999999,4.0,1.0,3.0,0.9676617088516801,2.9,0.9373871578593842
full,LightGBM,Combination,4,rank,hard_filter,1.0,0.9999999999999999,0.8,1.0,0.95,0.9644899900915855,1.0,0.9493591125645773
full,LightGBM,Combination,4,rank,proportional,0.0,0.9999999999999999,0.1,1.0,0.25,0.9310524987068721,0.64,0.9483280103913004
full,LightGBM,Combination,4,rank,MMR,0.2,0.9999999999999999,2.0,0.9305687780632227,1.9,0.8873430553415941,2.72,0.8601535064493255
full,LightGBM,Combination,4,rank,FAIR_prefix,1.4,0.9999999999999999,2.8,1.0,3.0,0.9671350294324228,2.84,0.9370996682246928
full,LightGBM,Combination,4,rank,proposed,0.0,0.9999999999999999,0.0,1.0,0.0,0.9626932496335552,0.0,0.965753533818833
dense,LightGBM,Combination,5,minmax,relevance_only,11.0,0.6548086577531306,11.1,0.7026305163854644,9.4,0.8080874448467849,9.22,0.8370752841121716
dense,LightGBM,Combination,5,minmax,hard_filter,11.0,0.6548086577531306,11.1,0.7026305163854644,9.4,0.8080874448467849,9.22,0.8370752841121716
dense,LightGBM,Combination,5,minmax,proportional,3.0,0.6608397947263838,3.0,0.7104770117651424,3.5,0.7802863461970938,4.02,0.7594639522340386
dense,LightGBM,Combination,5,minmax,MMR,7.6,0.7860137352654724,6.1,0.7975167679274938,6.4,0.763324151977939,7.5,0.7591153584189935
dense,LightGBM,Combination,5,minmax,FAIR_prefix,11.0,0.6548086577531306,11.1,0.7026305163854644,9.4,0.8080874448467849,9.22,0.8370752841121716
dense,LightGBM,Combination,5,minmax,proposed,3.0,0.6608397947263838,3.3,0.7799082337019198,3.55,0.7861378308162462,4.08,0.7775792242928417
dense,LightGBM,Combination,5,rank,relevance_only,11.0,0.6548086577531306,11.1,0.7026305163854644,9.4,0.8080874448467849,9.22,0.8370752841121716
dense,LightGBM,Combination,5,rank,hard_filter,11.0,0.6548086577531306,11.1,0.7026305163854644,9.4,0.8080874448467849,9.22,0.8370752841121716
dense,LightGBM,Combination,5,rank,proportional,3.8,0.5147714448836773,4.3,0.685119869332369,4.45,0.7304841830360203,7.08,0.8097904255641049
dense,LightGBM,Combination,5,rank,MMR,7.2,0.7860137352654724,8.2,0.70937536504841,7.6,0.7776901772452851,8.3,0.8017385918574798
dense,LightGBM,Combination,5,rank,FAIR_prefix,11.0,0.6548086577531306,11.1,0.7026305163854644,9.4,0.8080874448467849,9.22,0.8370752841121716
dense,LightGBM,Combination,5,rank,proposed,4.2,0.49125969208957565,3.9,0.6698623505528797,4.05,0.7181267955946629,4.18,0.7731455277241672
full,LightGBM,Combination,5,minmax,relevance_only,5.4,0.8687949224876581,3.8,0.7670273914429263,3.6,0.8496470853517251,4.06,0.86835561293082
full,LightGBM,Combination,5,minmax,hard_filter,0.6,0.8539316501572934,1.8,0.8268133666517739,1.3,0.8558927104990313,1.38,0.9213385780795821
full,LightGBM,Combination,5,minmax,proportional,0.0,0.7860137352654724,0.0,0.7948833326720566,0.0,0.8676244002816249,0.0,0.8964536561962576
full,LightGBM,Combination,5,minmax,MMR,0.6,0.7860137352654724,1.6,0.8611375561264455,2.6,0.7709012716332578,2.46,0.786952361429019
full,LightGBM,Combination,5,minmax,FAIR_prefix,4.8,0.8687949224876581,3.8,0.7720617383222416,3.6,0.8528960884484564,3.6,0.870297164951598
full,LightGBM,Combination,5,minmax,proposed,0.0,0.7860137352654724,0.0,0.7948833326720566,0.0,0.8676244002816249,0.0,0.8964536561962576
full,LightGBM,Combination,5,rank,relevance_only,5.4,0.8687949224876581,3.8,0.7670273914429263,3.6,0.8496470853517251,4.06,0.86835561293082
full,LightGBM,Combination,5,rank,hard_filter,0.6,0.8539316501572934,1.8,0.8268133666517739,1.3,0.8558927104990313,1.38,0.9213385780795821
full,LightGBM,Combination,5,rank,proportional,0.2,0.7860137352654724,0.4,0.7917063341896682,0.6,0.8271894310296017,1.12,0.8608396234411659
full,LightGBM,Combination,5,rank,MMR,1.2,0.6843515475204854,2.7,0.7167674835027338,2.9,0.7817009719221081,3.46,0.762972859108358
full,LightGBM,Combination,5,rank,FAIR_prefix,4.8,0.8687949224876581,3.8,0.7720617383222416,3.6,0.8528960884484564,3.6,0.870297164951598
full,LightGBM,Combination,5,rank,proposed,0.0,0.7860137352654724,0.0,0.7948833326720566,0.0,0.8676244002816249,0.0,0.8964536561962576
dense,LightGBM,Combination,6,minmax,relevance_only,11.0,0.9999999999999999,9.8,1.0,10.05,0.9297398173927169,9.46,0.9158107973000363
dense,LightGBM,Combination,6,minmax,hard_filter,11.0,0.9999999999999999,9.8,1.0,10.05,0.9297398173927169,9.46,0.9158107973000363
dense,LightGBM,Combination,6,minmax,proportional,3.0,0.8304198973631918,3.1,0.8899541168509599,3.35,0.8222203615417969,4.16,0.8598020592135046
dense,LightGBM,Combination,6,minmax,MMR,7.8,0.7860137352654724,6.3,0.7948833326720566,6.45,0.7958022707315285,8.52,0.841930489395347
dense,LightGBM,Combination,6,minmax,FAIR_prefix,11.0,0.9999999999999999,9.8,1.0,10.05,0.9297398173927169,9.46,0.9158107973000363
dense,LightGBM,Combination,6,minmax,proposed,3.0,0.8304198973631918,3.2,0.8899541168509599,3.6,0.8611316791264372,4.14,0.863777431847407
dense,LightGBM,Combination,6,rank,relevance_only,11.0,0.9999999999999999,9.8,1.0,10.05,0.9297398173927169,9.46,0.9158107973000363
dense,LightGBM,Combination,6,rank,hard_filter,11.0,0.9999999999999999,9.8,1.0,10.05,0.9297398173927169,9.46,0.9158107973000363
dense,LightGBM,Combination,6,rank,proportional,5.0,0.9999999999999999,5.7,1.0,5.5,0.9659370277440174,6.98,0.9040114811419938
dense,LightGBM,Combination,6,rank,MMR,9.6,0.9999999999999999,9.2,0.9363792118010483,9.65,0.9589412206131108,8.88,0.9025527344114093
dense,LightGBM,Combination,6,rank,FAIR_prefix,11.0,0.9999999999999999,9.8,1.0,10.05,0.9297398173927169,9.46,0.9158107973000363
dense,LightGBM,Combination,6,rank,proposed,4.4,0.9999999999999999,4.5,1.0,4.2,0.8902072120101626,4.18,0.896215266181679
full,LightGBM,Combination,6,minmax,relevance_only,0.6,0.9999999999999999,1.2,1.0,2.1,0.9626932496335552,2.44,0.9342696247433215
full,LightGBM,Combination,6,minmax,hard_filter,0.6,0.9999999999999999,1.2,1.0,1.05,0.9616153618346169,0.98,0.9316628009612893
full,LightGBM,Combination,6,minmax,proportional,0.0,0.8687949224876581,0.0,0.914856882358379,0.0,0.945051411928014,0.0,0.9260227244918483
full,LightGBM,Combination,6,minmax,MMR,0.0,0.9999999999999999,0.8,0.866947989864271,0.85,0.8422662791144859,2.36,0.8408038573175667
full,LightGBM,Combination,6,minmax,FAIR_prefix,0.6,0.9999999999999999,1.2,1.0,2.1,0.9626932496335552,2.44,0.9342696247433215
full,LightGBM,Combination,6,minmax,proposed,0.0,0.8687949224876581,0.0,0.914856882358379,0.0,0.945051411928014,0.0,0.9260227244918483
full,LightGBM,Combination,6,rank,relevance_only,0.6,0.9999999999999999,1.2,1.0,2.1,0.9626932496335552,2.44,0.9342696247433215
full,LightGBM,Combination,6,rank,hard_filter,0.6,0.9999999999999999,1.2,1.0,1.05,0.9616153618346169,0.98,0.9316628009612893
full,LightGBM,Combination,6,rank,proportional,0.0,0.8687949224876581,0.3,0.914856882358379,0.25,0.945051411928014,0.74,0.9106457960805329
full,LightGBM,Combination,6,rank,MMR,0.8,0.7860137352654724,1.8,0.8611375561264455,1.3,0.8425344117399223,2.48,0.8520953159341437
full,LightGBM,Combination,6,rank,FAIR_prefix,0.6,0.9999999999999999,1.2,1.0,2.1,0.9626932496335552,2.44,0.9342696247433215
full,LightGBM,Combination,6,rank,proposed,0.0,0.8687949224876581,0.0,0.914856882358379,0.0,0.945051411928014,0.0,0.9260227244918483
dense,LightGBM,Combination,7,minmax,relevance_only,13.8,0.9999999999999999,11.1,0.9216017310213245,11.6,0.9494043170253827,9.7,0.8967844801347932
dense,LightGBM,Combination,7,minmax,hard_filter,13.8,0.9999999999999999,11.1,0.9216017310213245,11.6,0.9494043170253827,9.7,0.8967844801347932
dense,LightGBM,Combination,7,minmax,proportional,3.0,0.8304198973631918,3.2,0.7381919257729244,3.45,0.7245096084081079,4.22,0.7880873676180518
dense,LightGBM,Combination,7,minmax,MMR,6.2,0.6548086577531306,5.4,0.7759944384848245,8.15,0.7829480871012778,8.86,0.7746752971871619
dense,LightGBM,Combination,7,minmax,FAIR_prefix,13.8,0.9999999999999999,11.1,0.9216017310213245,11.6,0.9494043170253827,9.7,0.8967844801347932
dense,LightGBM,Combination,7,minmax,proposed,3.0,0.8304198973631918,3.4,0.8263333286520083,3.65,0.7436130336227932,4.22,0.8003306775244236
dense,LightGBM,Combination,7,rank,relevance_only,13.8,0.9999999999999999,11.1,0.9216017310213245,11.6,0.9494043170253827,9.7,0.8967844801347932
dense,LightGBM,Combination,7,rank,hard_filter,13.8,0.9999999999999999,11.1,0.9216017310213245,11.6,0.9494043170253827,9.7,0.8967844801347932
dense,LightGBM,Combination,7,rank,proportional,3.6,0.8539316501572934,4.8,0.9052116356304493,5.2,0.9053891932372545,6.94,0.848344533138745
dense,LightGBM,Combination,7,rank,MMR,9.6,0.9999999999999999,8.8,1.0,9.6,0.9671350294324228,9.62,0.8706777498718024
dense,LightGBM,Combination,7,rank,FAIR_prefix,13.8,0.9999999999999999,11.1,0.9216017310213245,11.6,0.9494043170253827,9.7,0.8967844801347932
dense,LightGBM,Combination,7,rank,proposed,3.6,0.8687949224876581,3.9,0.914856882358379,4.6,0.8754063704132495,4.28,0.8387937870725399
full,LightGBM,Combination,7,minmax,relevance_only,1.8,0.9999999999999999,1.6,1.0,1.75,0.9999999999999999,2.84,0.9680451085122108
full,LightGBM,Combination,7,minmax,hard_filter,1.8,0.9999999999999999,1.6,1.0,1.2,0.9676617088516801,0.92,0.9682302185478256
full,LightGBM,Combination,7,minmax,proportional,0.0,0.9999999999999999,0.0,1.0,0.0,0.9999999999999999,0.0,0.9568035318183482
full,LightGBM,Combination,7,minmax,MMR,1.0,0.8304198973631918,1.3,0.8165901947515998,2.95,0.80918568988392,3.14,0.8005198573595925
full,LightGBM,Combination,7,minmax,FAIR_prefix,1.8,0.9999999999999999,1.6,1.0,1.75,0.9999999999999999,2.84,0.9680451085122108
full,LightGBM,Combination,7,minmax,proposed,0.0,0.9999999999999999,0.0,1.0,0.0,0.9999999999999999,0.0,0.9568035318183482
full,LightGBM,Combination,7,rank,relevance_only,1.8,0.9999999999999999,1.6,1.0,1.75,0.9999999999999999,2.84,0.9680451085122108
full,LightGBM,Combination,7,rank,hard_filter,1.8,0.9999999999999999,1.6,1.0,1.2,0.9676617088516801,0.92,0.9682302185478256
full,LightGBM,Combination,7,rank,proportional,0.0,0.9999999999999999,0.1,1.0,0.25,0.9999999999999999,0.64,0.9713946295820095
full,LightGBM,Combination,7,rank,MMR,0.2,0.9999999999999999,0.7,0.9305687780632227,1.95,0.9211283841423457,2.94,0.8653039522270454
full,LightGBM,Combination,7,rank,FAIR_prefix,1.8,0.9999999999999999,1.6,1.0,1.75,0.9999999999999999,2.84,0.9680451085122108
full,LightGBM,Combination,7,rank,proposed,0.0,0.9999999999999999,0.0,1.0,0.0,0.9999999999999999,0.0,0.9568035318183482
dense,LightGBM,Combination,8,minmax,relevance_only,14.4,0.9999999999999999,10.0,0.9363792118010483,10.0,0.8882182912994082,9.28,0.8930781911414868
dense,LightGBM,Combination,8,minmax,hard_filter,14.4,0.9999999999999999,10.0,0.9363792118010483,10.0,0.8882182912994082,9.28,0.8930781911414868
dense,LightGBM,Combination,8,minmax,proportional,3.0,0.9999999999999999,3.1,0.9363792118010483,3.35,0.8913260773466652,4.4,0.8204737363417134
dense,LightGBM,Combination,8,minmax,MMR,10.0,0.9999999999999999,9.6,0.9363792118010483,9.35,0.8197231969339496,9.48,0.7652895788023535
dense,LightGBM,Combination,8,minmax,FAIR_prefix,14.4,0.9999999999999999,10.0,0.9363792118010483,10.0,0.8882182912994082,9.28,0.8930781911414868
dense,LightGBM,Combination,8,minmax,proposed,3.0,0.9999999999999999,3.2,1.0,3.6,0.9316250195240084,4.14,0.8543171950969387
dense,LightGBM,Combination,8,rank,relevance_only,14.4,0.9999999999999999,10.0,0.9363792118010483,10.0,0.8882182912994082,9.28,0.8930781911414868
dense,LightGBM,Combination,8,rank,hard_filter,14.4,0.9999999999999999,10.0,0.9363792118010483,10.0,0.8882182912994082,9.28,0.8930781911414868
dense,LightGBM,Combination,8,rank,proportional,4.4,0.9999999999999999,4.7,0.9363792118010483,4.75,0.9234312107046965,7.28,0.9117659196394903
dense,LightGBM,Combination,8,rank,MMR,8.0,0.8687949224876581,10.1,0.8512360941594274,9.0,0.836492168900429,9.42,0.8495165219185047
dense,LightGBM,Combination,8,rank,FAIR_prefix,14.4,0.9999999999999999,10.0,0.9363792118010483,10.0,0.8882182912994082,9.28,0.8930781911414868
dense,LightGBM,Combination,8,rank,proposed,3.8,0.9999999999999999,4.0,0.9266360779006398,3.95,0.952653320122114,4.2,0.8382982984917696
full,LightGBM,Combination,8,minmax,relevance_only,1.4,0.9999999999999999,3.6,1.0,4.65,0.9999999999999999,3.46,0.9540241568317973
full,LightGBM,Combination,8,minmax,hard_filter,1.4,0.9999999999999999,1.0,1.0,0.95,0.9644899900915855,0.96,0.9660481547546954
full,LightGBM,Combination,8,minmax,proportional,0.0,0.9999999999999999,0.0,0.933745776545611,0.0,0.9572416874849684,0.0,0.9481332756312337
full,LightGBM,Combination,8,minmax,MMR,6.6,0.8687949224876581,4.4,0.7720617383222416,4.15,0.7122608139435089,3.18,0.7982111417152106
full,LightGBM,Combination,8,minmax,FAIR_prefix,1.4,0.9999999999999999,3.2,1.0,4.3,0.9671350294324228,3.18,0.9537799214999703
full,LightGBM,Combination,8,minmax,proposed,0.0,0.9999999999999999,0.0,0.933745776545611,0.0,0.9572416874849684,0.0,0.9481332756312337
full,LightGBM,Combination,8,rank,relevance_only,1.4,0.9999999999999999,3.6,1.0,4.65,0.9999999999999999,3.46,0.9540241568317973
full,LightGBM,Combination,8,rank,hard_filter,1.4,0.9999999999999999,1.0,1.0,0.95,0.9644899900915855,0.96,0.9660481547546954
full,LightGBM,Combination,8,rank,proportional,0.0,0.9999999999999999,0.1,0.9363792118010483,0.2,0.9589412206131108,0.76,0.9630193413019068
full,LightGBM,Combination,8,rank,MMR,7.2,0.8539316501572934,3.8,0.9052116356304493,4.4,0.9064883934736483,3.66,0.8739161096957612
full,LightGBM,Combination,8,rank,FAIR_prefix,1.4,0.9999999999999999,3.2,1.0,4.3,0.9671350294324228,3.18,0.9537799214999703
full,LightGBM,Combination,8,rank,proposed,0.0,0.9999999999999999,0.0,0.933745776545611,0.0,0.9572416874849684,0.0,0.9481332756312337
dense,LightGBM,Combination,9,minmax,relevance_only,9.6,0.9999999999999999,10.4,1.0,10.85,0.9676617088516801,10.24,0.9366955687362807
dense,LightGBM,Combination,9,minmax,hard_filter,9.6,0.9999999999999999,10.4,1.0,10.85,0.9676617088516801,10.24,0.9366955687362807
dense,LightGBM,Combination,9,minmax,proportional,3.0,0.9999999999999999,3.0,0.9266360779006398,3.35,0.8819303908084113,4.2,0.7665794539513386
dense,LightGBM,Combination,9,minmax,MMR,7.0,0.9999999999999999,8.4,0.866947989864271,7.7,0.7653384616922257,8.26,0.752718098230221
dense,LightGBM,Combination,9,minmax,FAIR_prefix,9.6,0.9999999999999999,10.4,1.0,10.85,0.9676617088516801,10.24,0.9366955687362807
dense,LightGBM,Combination,9,minmax,proposed,3.0,0.9999999999999999,3.1,0.9266360779006398,3.4,0.9171433102136997,4.12,0.771618218878116
dense,LightGBM,Combination,9,rank,relevance_only,9.6,0.9999999999999999,10.4,1.0,10.85,0.9676617088516801,10.24,0.9366955687362807
dense,LightGBM,Combination,9,rank,hard_filter,9.6,0.9999999999999999,10.4,1.0,10.85,0.9676617088516801,10.24,0.9366955687362807
dense,LightGBM,Combination,9,rank,proportional,3.2,0.9999999999999999,4.7,1.0,5.05,0.9303549584852354,7.08,0.9314053461520052
dense,LightGBM,Combination,9,rank,MMR,9.6,0.9999999999999999,10.4,1.0,11.4,0.9999999999999999,9.52,0.8831321605002819
dense,LightGBM,Combination,9,rank,FAIR_prefix,9.6,0.9999999999999999,10.4,1.0,10.85,0.9676617088516801,10.24,0.9366955687362807
dense,LightGBM,Combination,9,rank,proposed,3.2,0.9999999999999999,4.2,0.933745776545611,3.95,0.9208853994964297,4.26,0.7908730158127236
full,LightGBM,Combination,9,minmax,relevance_only,6.8,0.9999999999999999,4.1,1.0,4.15,0.9999999999999999,3.56,0.9718839851985441
full,LightGBM,Combination,9,minmax,hard_filter,1.0,0.9999999999999999,1.2,1.0,1.15,0.9999999999999999,1.18,0.9556476153825763
full,LightGBM,Combination,9,minmax,proportional,0.0,0.9999999999999999,0.0,1.0,0.0,0.9999999999999999,0.0,0.97096629236679
full,LightGBM,Combination,9,minmax,MMR,3.4,0.6548086577531306,2.8,0.7759944384848245,4.05,0.820683952025802,3.54,0.7969319094728516
full,LightGBM,Combination,9,minmax,FAIR_prefix,4.0,0.9999999999999999,4.1,1.0,3.35,0.9999999999999999,3.38,0.9714482692594031
full,LightGBM,Combination,9,minmax,proposed,0.0,0.9999999999999999,0.0,1.0,0.0,0.9999999999999999,0.0,0.97096629236679
full,LightGBM,Combination,9,rank,relevance_only,6.8,0.9999999999999999,4.1,1.0,4.15,0.9999999999999999,3.56,0.9718839851985441
full,LightGBM,Combination,9,rank,hard_filter,1.0,0.9999999999999999,1.2,1.0,1.15,0.9999999999999999,1.18,0.9556476153825763
full,LightGBM,Combination,9,rank,proportional,0.0,0.9999999999999999,0.3,1.0,0.4,0.9999999999999999,0.92,0.9848842407886497
full,LightGBM,Combination,9,rank,MMR,3.6,0.9999999999999999,3.1,0.9216017310213245,3.1,0.9494043170253827,3.44,0.9414156216936542
full,LightGBM,Combination,9,rank,FAIR_prefix,4.0,0.9999999999999999,4.1,1.0,3.35,0.9999999999999999,3.38,0.9714482692594031
full,LightGBM,Combination,9,rank,proposed,0.0,0.9999999999999999,0.0,1.0,0.0,0.9999999999999999,0.0,0.97096629236679
dense,LightGBM,Dry,0,minmax,relevance_only,10.8,0.9999999999999999,9.8,0.933745776545611,10.1,0.9238041961002549,10.84,0.8981171977075723
dense,LightGBM,Dry,0,minmax,hard_filter,10.8,0.9999999999999999,9.8,0.933745776545611,10.1,0.9238041961002549,10.84,0.8981171977075723
dense,LightGBM,Dry,0,minmax,proportional,3.0,0.6608397947263838,3.4,0.7799082337019198,3.7,0.8250949897987655,4.84,0.8110413220580593
dense,LightGBM,Dry,0,minmax,MMR,8.2,0.9999999999999999,8.2,1.0,8.75,0.8994740447680981,9.84,0.8409693730904171
dense,LightGBM,Dry,0,minmax,FAIR_prefix,10.8,0.9999999999999999,9.8,0.933745776545611,10.1,0.9238041961002549,10.84,0.8981171977075723
dense,LightGBM,Dry,0,minmax,proposed,3.2,0.6608397947263838,3.5,0.7799082337019198,3.85,0.8245224689816291,4.26,0.8255071063945483
dense,LightGBM,Dry,0,rank,relevance_only,10.8,0.9999999999999999,9.8,0.933745776545611,10.1,0.9238041961002549,10.84,0.8981171977075723
dense,LightGBM,Dry,0,rank,hard_filter,10.8,0.9999999999999999,9.8,0.933745776545611,10.1,0.9238041961002549,10.84,0.8981171977075723
dense,LightGBM,Dry,0,rank,proportional,4.4,0.8304198973631918,4.9,0.8899541168509599,5.7,0.8893589131273556,7.26,0.8907281411689297
dense,LightGBM,Dry,0,rank,MMR,6.8,0.8687949224876581,8.8,0.8512360941594274,9.8,0.8053518794405147,10.24,0.8779498620219999
dense,LightGBM,Dry,0,rank,FAIR_prefix,10.8,0.9999999999999999,9.8,0.933745776545611,10.1,0.9238041961002549,10.84,0.8981171977075723
dense,LightGBM,Dry,0,rank,proposed,4.4,0.8687949224876581,4.2,0.914856882358379,4.1,0.8766764314520226,4.26,0.8722542945203282
full,LightGBM,Dry,0,minmax,relevance_only,7.6,0.9999999999999999,4.7,1.0,3.7,0.9676617088516801,2.58,0.9521687777640556
full,LightGBM,Dry,0,minmax,hard_filter,2.8,0.9999999999999999,1.7,1.0,1.4,0.9652498273011313,0.98,0.9216130062017469
full,LightGBM,Dry,0,minmax,proportional,0.0,0.9999999999999999,0.0,0.9266360779006398,0.0,0.952653320122114,0.0,0.8670978751213344
full,LightGBM,Dry,0,minmax,MMR,0.6,0.6843515475204854,0.8,0.721801830382049,2.05,0.7460887451725695,2.46,0.7564899272998611
full,LightGBM,Dry,0,minmax,FAIR_prefix,5.0,0.9999999999999999,4.7,1.0,3.7,0.9676617088516801,2.58,0.9521687777640556
full,LightGBM,Dry,0,minmax,proposed,0.0,0.9999999999999999,0.0,0.9266360779006398,0.0,0.952653320122114,0.0,0.8670978751213344
full,LightGBM,Dry,0,rank,relevance_only,7.6,0.9999999999999999,4.7,1.0,3.7,0.9676617088516801,2.58,0.9521687777640556
full,LightGBM,Dry,0,rank,hard_filter,2.8,0.9999999999999999,1.7,1.0,1.4,0.9652498273011313,0.98,0.9216130062017469
full,LightGBM,Dry,0,rank,proportional,0.0,0.9999999999999999,0.1,0.9266360779006398,0.35,0.952653320122114,0.74,0.8872408315408324
full,LightGBM,Dry,0,rank,MMR,2.4,0.8539316501572934,1.7,0.9052116356304493,2.1,0.836694614100396,3.62,0.7903608430869922
full,LightGBM,Dry,0,rank,FAIR_prefix,5.0,0.9999999999999999,4.7,1.0,3.7,0.9676617088516801,2.58,0.9521687777640556
full,LightGBM,Dry,0,rank,proposed,0.0,0.9999999999999999,0.0,0.9266360779006398,0.0,0.952653320122114,0.0,0.8670978751213344
dense,LightGBM,Dry,1,minmax,relevance_only,12.0,0.9999999999999999,9.4,0.933745776545611,9.7,0.8914659049519352,9.68,0.8695585747788718
dense,LightGBM,Dry,1,minmax,hard_filter,12.0,0.9999999999999999,9.4,0.933745776545611,9.7,0.8914659049519352,9.68,0.8695585747788718
dense,LightGBM,Dry,1,minmax,proportional,3.0,0.8687949224876581,3.3,0.914856882358379,3.7,0.9077446615615693,4.72,0.8573650913399805
dense,LightGBM,Dry,1,minmax,MMR,6.6,0.8539316501572934,6.6,0.7631925784528222,7.75,0.8148339311121421,8.58,0.7752057856974123
dense,LightGBM,Dry,1,minmax,FAIR_prefix,12.0,0.9999999999999999,9.4,0.933745776545611,9.7,0.8914659049519352,9.68,0.8695585747788718
dense,LightGBM,Dry,1,minmax,proposed,3.0,0.8687949224876581,3.6,0.914856882358379,3.95,0.8743284826143113,4.1,0.8428577271273267
dense,LightGBM,Dry,1,rank,relevance_only,12.0,0.9999999999999999,9.4,0.933745776545611,9.7,0.8914659049519352,9.68,0.8695585747788718
dense,LightGBM,Dry,1,rank,hard_filter,12.0,0.9999999999999999,9.4,0.933745776545611,9.7,0.8914659049519352,9.68,0.8695585747788718
dense,LightGBM,Dry,1,rank,proportional,5.0,0.9999999999999999,4.7,1.0,5.6,0.8913551792273341,7.24,0.8932378254626353
dense,LightGBM,Dry,1,rank,MMR,7.6,0.9999999999999999,8.2,0.9266360779006398,8.45,0.8795185092578626,9.86,0.8412000556163216
dense,LightGBM,Dry,1,rank,FAIR_prefix,12.0,0.9999999999999999,9.4,0.933745776545611,9.7,0.8914659049519352,9.68,0.8695585747788718
dense,LightGBM,Dry,1,rank,proposed,4.4,0.9999999999999999,4.1,1.0,4.25,0.8921912688606023,4.1,0.8524619486363376
full,LightGBM,Dry,1,minmax,relevance_only,1.6,0.9999999999999999,1.1,1.0,3.4,0.9999999999999999,3.18,0.9698768488059044
full,LightGBM,Dry,1,minmax,hard_filter,1.6,0.9999999999999999,1.1,1.0,1.65,0.9999999999999999,1.14,0.970025634645843
full,LightGBM,Dry,1,minmax,proportional,0.0,0.9999999999999999,0.0,1.0,0.0,0.9999999999999999,0.0,0.8969851175957683
full,LightGBM,Dry,1,minmax,MMR,1.2,0.8687949224876581,0.8,0.7670273914429263,1.95,0.7768303250768662,2.48,0.7881119367609957
full,LightGBM,Dry,1,minmax,FAIR_prefix,1.6,0.9999999999999999,1.1,1.0,3.4,0.9999999999999999,3.18,0.9698768488059044
full,LightGBM,Dry,1,minmax,proposed,0.0,0.9999999999999999,0.0,1.0,0.0,0.9999999999999999,0.0,0.8969851175957683
full,LightGBM,Dry,1,rank,relevance_only,1.6,0.9999999999999999,1.1,1.0,3.4,0.9999999999999999,3.18,0.9698768488059044
full,LightGBM,Dry,1,rank,hard_filter,1.6,0.9999999999999999,1.1,1.0,1.65,0.9999999999999999,1.14,0.970025634645843
full,LightGBM,Dry,1,rank,proportional,0.0,0.9999999999999999,0.3,1.0,0.55,0.9999999999999999,0.72,0.9706825779733618
full,LightGBM,Dry,1,rank,MMR,1.4,0.8539316501572934,1.5,0.9052116356304493,3.0,0.938826684621968,2.68,0.8762999127227725
full,LightGBM,Dry,1,rank,FAIR_prefix,1.6,0.9999999999999999,1.1,1.0,3.4,0.9999999999999999,3.18,0.9698768488059044
full,LightGBM,Dry,1,rank,proposed,0.0,0.9999999999999999,0.0,1.0,0.0,0.9999999999999999,0.0,0.8969851175957683
dense,LightGBM,Dry,2,minmax,relevance_only,9.8,0.7860137352654724,9.6,0.7877736340270853,9.8,0.8630360329187707,10.48,0.8224082830082442
dense,LightGBM,Dry,2,minmax,hard_filter,9.8,0.7860137352654724,9.6,0.7877736340270853,9.8,0.8630360329187707,10.48,0.8224082830082442
dense,LightGBM,Dry,2,minmax,proportional,3.0,0.7860137352654724,3.3,0.8611375561264455,3.55,0.8411614542405407,4.58,0.7932219720082195
dense,LightGBM,Dry,2,minmax,MMR,8.6,0.9999999999999999,6.7,0.9363792118010483,8.0,0.8850465725393136,8.92,0.8147172652952686
dense,LightGBM,Dry,2,minmax,FAIR_prefix,9.8,0.7860137352654724,9.6,0.7877736340270853,9.8,0.8630360329187707,10.48,0.8224082830082442
dense,LightGBM,Dry,2,minmax,proposed,3.2,0.7860137352654724,3.4,0.8611375561264455,3.8,0.8054608191637662,4.2,0.7904338023590821
dense,LightGBM,Dry,2,rank,relevance_only,9.8,0.7860137352654724,9.6,0.7877736340270853,9.8,0.8630360329187707,10.48,0.8224082830082442
dense,LightGBM,Dry,2,rank,hard_filter,9.8,0.7860137352654724,9.6,0.7877736340270853,9.8,0.8630360329187707,10.48,0.8224082830082442
dense,LightGBM,Dry,2,rank,proportional,4.8,0.6608397947263838,4.9,0.7136540102475308,5.15,0.7404607216973894,6.96,0.8155197937551367
dense,LightGBM,Dry,2,rank,MMR,8.4,0.9999999999999999,7.2,0.933745776545611,8.95,0.8579754535130891,9.46,0.8319422882213923
dense,LightGBM,Dry,2,rank,FAIR_prefix,9.8,0.7860137352654724,9.6,0.7877736340270853,9.8,0.8630360329187707,10.48,0.8224082830082442
dense,LightGBM,Dry,2,rank,proposed,4.6,0.6608397947263838,4.2,0.6442227883107535,4.05,0.7703930042496392,4.24,0.7545447196545204
full,LightGBM,Dry,2,minmax,relevance_only,2.6,0.8539316501572934,3.5,0.835780413693672,3.65,0.8940180410202963,2.9,0.927152480192092
full,LightGBM,Dry,2,minmax,hard_filter,2.6,0.8539316501572934,1.6,0.9052116356304493,1.55,0.938826684621968,1.12,0.9666083514034186
full,LightGBM,Dry,2,minmax,proportional,0.0,0.9999999999999999,0.0,1.0,0.0,0.9999999999999999,0.0,0.9394904893581375
full,LightGBM,Dry,2,minmax,MMR,1.0,0.9999999999999999,1.2,0.8521705090845473,2.3,0.7931524768177992,3.56,0.8090725566729791
full,LightGBM,Dry,2,minmax,FAIR_prefix,2.6,0.8539316501572934,2.6,0.835780413693672,3.65,0.8940180410202963,2.9,0.927152480192092
full,LightGBM,Dry,2,minmax,proposed,0.0,0.9999999999999999,0.0,1.0,0.0,0.9999999999999999,0.0,0.9394904893581375
full,LightGBM,Dry,2,rank,relevance_only,2.6,0.8539316501572934,3.5,0.835780413693672,3.65,0.8940180410202963,2.9,0.927152480192092
full,LightGBM,Dry,2,rank,hard_filter,2.6,0.8539316501572934,1.6,0.9052116356304493,1.55,0.938826684621968,1.12,0.9666083514034186
full,LightGBM,Dry,2,rank,proportional,0.0,0.9999999999999999,0.1,1.0,0.2,0.9999999999999999,0.82,0.9553505593490894
full,LightGBM,Dry,2,rank,MMR,1.0,0.4852285551163225,1.6,0.5925846332364243,3.2,0.7370674250299561,3.16,0.8266118267726539
full,LightGBM,Dry,2,rank,FAIR_prefix,2.6,0.8539316501572934,2.6,0.835780413693672,3.65,0.8940180410202963,2.9,0.927152480192092
full,LightGBM,Dry,2,rank,proposed,0.0,0.9999999999999999,0.0,1.0,0.0,0.9999999999999999,0.0,0.9394904893581375
dense,LightGBM,Dry,3,minmax,relevance_only,11.4,0.8304198973631918,9.7,0.8899541168509599,10.75,0.8620520373596117,10.9,0.847423563443263
dense,LightGBM,Dry,3,minmax,hard_filter,11.4,0.8304198973631918,9.7,0.8899541168509599,10.75,0.8620520373596117,10.9,0.847423563443263
dense,LightGBM,Dry,3,minmax,proportional,3.0,0.6608397947263838,3.3,0.7799082337019198,3.6,0.8579599603663426,4.58,0.7838333886620827
dense,LightGBM,Dry,3,minmax,MMR,9.2,0.8304198973631918,8.6,0.7479350596733328,7.45,0.7989408796562822,9.12,0.813486369478873
dense,LightGBM,Dry,3,minmax,FAIR_prefix,11.4,0.8304198973631918,9.7,0.8899541168509599,10.75,0.8620520373596117,10.9,0.847423563443263
dense,LightGBM,Dry,3,minmax,proposed,3.2,0.6608397947263838,3.6,0.7799082337019198,3.75,0.7868534996789353,4.26,0.7812544307352421
dense,LightGBM,Dry,3,rank,relevance_only,11.4,0.8304198973631918,9.7,0.8899541168509599,10.75,0.8620520373596117,10.9,0.847423563443263
dense,LightGBM,Dry,3,rank,hard_filter,11.4,0.8304198973631918,9.7,0.8899541168509599,10.75,0.8620520373596117,10.9,0.847423563443263
dense,LightGBM,Dry,3,rank,proportional,5.2,0.9999999999999999,5.6,0.7846170207230129,5.65,0.8226142195952251,6.94,0.8568755654532619
dense,LightGBM,Dry,3,rank,MMR,9.0,0.7860137352654724,9.9,0.7280855459907165,8.85,0.7881590018195568,9.08,0.7821626756012489
dense,LightGBM,Dry,3,rank,FAIR_prefix,11.4,0.8304198973631918,9.7,0.8899541168509599,10.75,0.8620520373596117,10.9,0.847423563443263
dense,LightGBM,Dry,3,rank,proposed,4.8,0.8687949224876581,4.3,0.7702043899253147,4.2,0.8516974164383655,4.32,0.8172039733418511
full,LightGBM,Dry,3,minmax,relevance_only,2.8,0.9999999999999999,4.1,0.9363792118010483,4.5,0.9589412206131108,4.08,0.9775879347944594
full,LightGBM,Dry,3,minmax,hard_filter,1.8,0.9999999999999999,1.8,1.0,1.0,0.9999999999999999,1.02,0.9710422598065241
full,LightGBM,Dry,3,minmax,proportional,0.0,0.9999999999999999,0.0,1.0,0.0,0.9999999999999999,0.0,0.9556841233932117
full,LightGBM,Dry,3,minmax,MMR,2.4,0.8687949224876581,2.5,0.84860265890399,1.25,0.9022930994129825,2.5,0.8608436333767958
full,LightGBM,Dry,3,minmax,FAIR_prefix,2.8,0.9999999999999999,3.3,1.0,3.8,0.9616153618346169,3.36,0.9653792182596909
full,LightGBM,Dry,3,minmax,proposed,0.0,0.9999999999999999,0.0,1.0,0.0,0.9999999999999999,0.0,0.9556841233932117
full,LightGBM,Dry,3,rank,relevance_only,2.8,0.9999999999999999,4.1,0.9363792118010483,4.5,0.9589412206131108,4.08,0.9775879347944594
full,LightGBM,Dry,3,rank,hard_filter,1.8,0.9999999999999999,1.8,1.0,1.0,0.9999999999999999,1.02,0.9710422598065241
full,LightGBM,Dry,3,rank,proportional,0.2,0.9999999999999999,0.2,1.0,0.2,0.9999999999999999,0.82,0.9710223912211899
full,LightGBM,Dry,3,rank,MMR,3.0,0.9999999999999999,1.9,0.933745776545611,2.2,0.9238041961002549,3.02,0.9286118760266527
full,LightGBM,Dry,3,rank,FAIR_prefix,2.8,0.9999999999999999,3.3,1.0,3.8,0.9616153618346169,3.36,0.9653792182596909
full,LightGBM,Dry,3,rank,proposed,0.0,0.9999999999999999,0.0,1.0,0.0,0.9999999999999999,0.0,0.9556841233932117
dense,LightGBM,Dry,4,minmax,relevance_only,7.6,0.8539316501572934,9.0,0.9052116356304493,8.9,0.9015199342555233,9.54,0.8688788962406248
dense,LightGBM,Dry,4,minmax,hard_filter,7.6,0.8539316501572934,9.0,0.9052116356304493,8.9,0.9015199342555233,9.54,0.8688788962406248
dense,LightGBM,Dry,4,minmax,proportional,3.0,0.6608397947263838,3.3,0.7799082337019198,3.65,0.7183854588957617,4.74,0.7697060019828379
dense,LightGBM,Dry,4,minmax,MMR,9.0,0.7860137352654724,6.7,0.7975167679274938,8.55,0.8364589628421905,9.56,0.7240051413031212
dense,LightGBM,Dry,4,minmax,FAIR_prefix,7.6,0.8539316501572934,9.0,0.9052116356304493,8.9,0.9015199342555233,9.54,0.8688788962406248
dense,LightGBM,Dry,4,minmax,proposed,3.2,0.6608397947263838,3.5,0.7799082337019198,3.95,0.7462819702452138,4.22,0.7418065122296624
dense,LightGBM,Dry,4,rank,relevance_only,7.6,0.8539316501572934,9.0,0.9052116356304493,8.9,0.9015199342555233,9.54,0.8688788962406248
dense,LightGBM,Dry,4,rank,hard_filter,7.6,0.8539316501572934,9.0,0.9052116356304493,8.9,0.9015199342555233,9.54,0.8688788962406248
dense,LightGBM,Dry,4,rank,proportional,3.6,0.8304198973631918,5.1,0.8263333286520083,5.35,0.7852624508554529,6.88,0.8521306319930673
dense,LightGBM,Dry,4,rank,MMR,6.2,0.9999999999999999,9.7,0.8482378089219645,8.3,0.8269265601832672,9.72,0.7864102474940007
dense,LightGBM,Dry,4,rank,FAIR_prefix,7.6,0.8539316501572934,9.0,0.9052116356304493,8.9,0.9015199342555233,9.54,0.8688788962406248
dense,LightGBM,Dry,4,rank,proposed,4.2,0.8304198973631918,4.2,0.8236998933965709,4.1,0.8141647446028265,4.22,0.77957770277969
full,LightGBM,Dry,4,minmax,relevance_only,1.6,0.9999999999999999,2.1,1.0,2.4,0.9281778704499035,2.56,0.9171448997696513
full,LightGBM,Dry,4,minmax,hard_filter,1.6,0.9999999999999999,1.4,1.0,1.35,0.9603789329441843,1.1,0.9321661362582292
full,LightGBM,Dry,4,minmax,proportional,0.0,0.9999999999999999,0.0,0.9216017310213245,0.0,0.8773473939600697,0.0,0.8873203268339246
full,LightGBM,Dry,4,minmax,MMR,1.0,0.6548086577531306,0.7,0.7026305163854644,0.6,0.7005205118730572,1.84,0.7305536245687948
full,LightGBM,Dry,4,minmax,FAIR_prefix,1.6,0.9999999999999999,2.1,1.0,2.4,0.9281778704499035,2.56,0.9171448997696513
full,LightGBM,Dry,4,minmax,proposed,0.0,0.9999999999999999,0.0,0.9216017310213245,0.0,0.8773473939600697,0.0,0.8873203268339246
full,LightGBM,Dry,4,rank,relevance_only,1.6,0.9999999999999999,2.1,1.0,2.4,0.9281778704499035,2.56,0.9171448997696513
full,LightGBM,Dry,4,rank,hard_filter,1.6,0.9999999999999999,1.4,1.0,1.35,0.9603789329441843,1.1,0.9321661362582292
full,LightGBM,Dry,4,rank,proportional,0.0,0.9999999999999999,0.1,0.9216017310213245,0.3,0.9153413447694003,0.74,0.9210323733165271
full,LightGBM,Dry,4,rank,MMR,1.0,0.6164336326286642,1.8,0.6777277508780453,1.35,0.792016013101942,2.32,0.7509498429801564
full,LightGBM,Dry,4,rank,FAIR_prefix,1.6,0.9999999999999999,2.1,1.0,2.4,0.9281778704499035,2.56,0.9171448997696513
full,LightGBM,Dry,4,rank,proposed,0.0,0.9999999999999999,0.0,0.9216017310213245,0.0,0.8773473939600697,0.0,0.8873203268339246
dense,LightGBM,Dry,5,minmax,relevance_only,11.4,0.9999999999999999,10.6,0.9266360779006398,9.65,0.9142686819567312,9.46,0.9077844898906154
dense,LightGBM,Dry,5,minmax,hard_filter,11.4,0.9999999999999999,10.6,0.9266360779006398,9.65,0.9142686819567312,9.46,0.9077844898906154
dense,LightGBM,Dry,5,minmax,proportional,3.0,0.9999999999999999,3.5,0.933745776545611,3.75,0.9231787152289858,4.64,0.8519132129846675
dense,LightGBM,Dry,5,minmax,MMR,4.8,0.7860137352654724,4.7,0.7827392871477701,7.8,0.8269220592544623,9.34,0.8134360894052025
dense,LightGBM,Dry,5,minmax,FAIR_prefix,11.4,0.9999999999999999,10.6,0.9266360779006398,9.65,0.9142686819567312,9.46,0.9077844898906154
dense,LightGBM,Dry,5,minmax,proposed,3.0,0.9999999999999999,3.5,0.933745776545611,4.1,0.9188570493195856,4.32,0.8227937728592272
dense,LightGBM,Dry,5,rank,relevance_only,11.4,0.9999999999999999,10.6,0.9266360779006398,9.65,0.9142686819567312,9.46,0.9077844898906154
dense,LightGBM,Dry,5,rank,hard_filter,11.4,0.9999999999999999,10.6,0.9266360779006398,9.65,0.9142686819567312,9.46,0.9077844898906154
dense,LightGBM,Dry,5,rank,proportional,5.0,0.9999999999999999,4.8,0.9305687780632227,5.05,0.8485748858025064,7.68,0.9036065258454832
dense,LightGBM,Dry,5,rank,MMR,7.0,0.8539316501572934,7.5,0.8318477135310891,7.4,0.8914800047440823,9.48,0.8974656815909033
dense,LightGBM,Dry,5,rank,FAIR_prefix,11.4,0.9999999999999999,10.6,0.9266360779006398,9.65,0.9142686819567312,9.46,0.9077844898906154
dense,LightGBM,Dry,5,rank,proposed,4.8,0.9999999999999999,4.2,0.9363792118010483,4.2,0.9193201535572952,4.32,0.8227363483714004
full,LightGBM,Dry,5,minmax,relevance_only,2.0,0.9999999999999999,2.6,1.0,2.4,0.9999999999999999,2.92,0.9056336449510077
full,LightGBM,Dry,5,minmax,hard_filter,1.6,0.9999999999999999,1.4,1.0,1.45,0.9013592468993896,1.08,0.9026704839554414
full,LightGBM,Dry,5,minmax,proportional,0.0,0.9999999999999999,0.0,1.0,0.0,0.9275139623766072,0.0,0.8585183463862214
full,LightGBM,Dry,5,minmax,MMR,0.8,0.6548086577531306,1.6,0.7026305163854644,3.1,0.5943494435544515,3.26,0.7312867738806993
full,LightGBM,Dry,5,minmax,FAIR_prefix,2.0,0.9999999999999999,2.6,1.0,2.4,0.9999999999999999,2.92,0.9056336449510077
full,LightGBM,Dry,5,minmax,proposed,0.0,0.9999999999999999,0.0,1.0,0.0,0.9275139623766072,0.0,0.8585183463862214
full,LightGBM,Dry,5,rank,relevance_only,2.0,0.9999999999999999,2.6,1.0,2.4,0.9999999999999999,2.92,0.9056336449510077
full,LightGBM,Dry,5,rank,hard_filter,1.6,0.9999999999999999,1.4,1.0,1.45,0.9013592468993896,1.08,0.9026704839554414
full,LightGBM,Dry,5,rank,proportional,0.0,0.9999999999999999,0.1,1.0,0.15,0.9616153618346169,0.74,0.8886533887195391
full,LightGBM,Dry,5,rank,MMR,3.6,0.4703652827859579,2.5,0.5829393865084945,2.25,0.6912216306680946,3.18,0.7118251900434628
full,LightGBM,Dry,5,rank,FAIR_prefix,2.0,0.9999999999999999,2.6,1.0,2.4,0.9999999999999999,2.92,0.9056336449510077
full,LightGBM,Dry,5,rank,proposed,0.0,0.9999999999999999,0.0,1.0,0.0,0.9275139623766072,0.0,0.8585183463862214
dense,LightGBM,Dry,6,minmax,relevance_only,8.2,0.8687949224876581,9.4,0.914856882358379,11.15,0.945051411928014,10.42,0.8619781177656738
dense,LightGBM,Dry,6,minmax,hard_filter,8.2,0.8687949224876581,9.4,0.914856882358379,11.15,0.945051411928014,10.42,0.8619781177656738
dense,LightGBM,Dry,6,minmax,proportional,3.2,0.8539316501572934,3.4,0.7631925784528222,3.7,0.8143072516928849,4.76,0.8106082363859292
dense,LightGBM,Dry,6,minmax,MMR,6.0,0.6548086577531306,7.9,0.7097402150304355,8.45,0.6711644727979215,8.04,0.7587675264087397
dense,LightGBM,Dry,6,minmax,FAIR_prefix,8.2,0.8687949224876581,9.4,0.914856882358379,11.15,0.945051411928014,10.42,0.8619781177656738
dense,LightGBM,Dry,6,minmax,proposed,3.4,0.9999999999999999,3.5,0.7859162856301584,4.0,0.8234527227432967,4.3,0.8142784904781832
dense,LightGBM,Dry,6,rank,relevance_only,8.2,0.8687949224876581,9.4,0.914856882358379,11.15,0.945051411928014,10.42,0.8619781177656738
dense,LightGBM,Dry,6,rank,hard_filter,8.2,0.8687949224876581,9.4,0.914856882358379,11.15,0.945051411928014,10.42,0.8619781177656738
dense,LightGBM,Dry,6,rank,proportional,4.8,0.9999999999999999,5.6,0.9305687780632227,5.85,0.847012938859693,7.2,0.86816110355144
dense,LightGBM,Dry,6,rank,MMR,7.4,0.7860137352654724,7.3,0.8611375561264455,7.5,0.8081320764570918,9.0,0.80571844230779
dense,LightGBM,Dry,6,rank,FAIR_prefix,8.2,0.8687949224876581,9.4,0.914856882358379,11.15,0.945051411928014,10.42,0.8619781177656738
dense,LightGBM,Dry,6,rank,proposed,4.6,0.9999999999999999,4.8,0.866947989864271,4.65,0.843388335260281,4.3,0.8240776174192275
full,LightGBM,Dry,6,minmax,relevance_only,1.6,0.9999999999999999,2.9,1.0,1.65,0.9616153618346169,3.1,0.963807608868142
full,LightGBM,Dry,6,minmax,hard_filter,1.6,0.9999999999999999,1.5,0.9363792118010483,0.9,0.9589412206131108,1.12,0.9633862719791713
full,LightGBM,Dry,6,minmax,proportional,0.0,0.8539316501572934,0.0,0.9052116356304493,0.0,0.938826684621968,0.0,0.9186904352210269
full,LightGBM,Dry,6,minmax,MMR,1.4,0.4703652827859579,1.5,0.5900490851534657,0.9,0.593372045298975,2.62,0.6859269651998505
full,LightGBM,Dry,6,minmax,FAIR_prefix,1.6,0.9999999999999999,2.9,1.0,1.65,0.9616153618346169,3.1,0.963807608868142
full,LightGBM,Dry,6,minmax,proposed,0.0,0.8539316501572934,0.0,0.9052116356304493,0.0,0.938826684621968,0.0,0.9186904352210269
full,LightGBM,Dry,6,rank,relevance_only,1.6,0.9999999999999999,2.9,1.0,1.65,0.9616153618346169,3.1,0.963807608868142
full,LightGBM,Dry,6,rank,hard_filter,1.6,0.9999999999999999,1.5,0.9363792118010483,0.9,0.9589412206131108,1.12,0.9633862719791713
full,LightGBM,Dry,6,rank,proportional,0.0,0.8539316501572934,0.0,0.9052116356304493,0.45,0.938826684621968,0.74,0.9374935982318913
full,LightGBM,Dry,6,rank,MMR,1.0,0.6164336326286642,1.0,0.67269340399873,2.9,0.7887670100052107,2.72,0.7639697197358774
full,LightGBM,Dry,6,rank,FAIR_prefix,1.6,0.9999999999999999,2.9,1.0,1.65,0.9616153618346169,3.1,0.963807608868142
full,LightGBM,Dry,6,rank,proposed,0.0,0.8539316501572934,0.0,0.9052116356304493,0.0,0.938826684621968,0.0,0.9186904352210269
dense,LightGBM,Dry,7,minmax,relevance_only,10.4,0.7860137352654724,9.9,0.7877736340270853,10.15,0.8630360329187707,9.54,0.8825755225746876
dense,LightGBM,Dry,7,minmax,hard_filter,10.4,0.7860137352654724,9.9,0.7877736340270853,10.15,0.8630360329187707,9.54,0.8825755225746876
dense,LightGBM,Dry,7,minmax,proportional,3.0,0.8687949224876581,3.2,0.914856882358379,3.45,0.8781234691044545,4.64,0.8755882187144738
dense,LightGBM,Dry,7,minmax,MMR,12.6,0.9999999999999999,9.3,0.8521705090845473,8.55,0.8344239524896894,9.52,0.8639439119730121
dense,LightGBM,Dry,7,minmax,FAIR_prefix,10.4,0.7860137352654724,9.9,0.7877736340270853,10.15,0.8630360329187707,9.54,0.8825755225746876
dense,LightGBM,Dry,7,minmax,proposed,3.2,0.9999999999999999,3.3,0.9266360779006398,3.65,0.9162970321335754,4.28,0.8372702288545596
dense,LightGBM,Dry,7,rank,relevance_only,10.4,0.7860137352654724,9.9,0.7877736340270853,10.15,0.8630360329187707,9.54,0.8825755225746876
dense,LightGBM,Dry,7,rank,hard_filter,10.4,0.7860137352654724,9.9,0.7877736340270853,10.15,0.8630360329187707,9.54,0.8825755225746876
dense,LightGBM,Dry,7,rank,proportional,5.2,0.9999999999999999,5.5,0.8572048559638626,5.3,0.8744071851357289,6.8,0.914748938597309
dense,LightGBM,Dry,7,rank,MMR,10.6,0.7227265726449517,7.9,0.7467045958894681,8.1,0.8365314166720964,9.4,0.8492370679350342
dense,LightGBM,Dry,7,rank,FAIR_prefix,10.4,0.7860137352654724,9.9,0.7877736340270853,10.15,0.8630360329187707,9.54,0.8825755225746876
dense,LightGBM,Dry,7,rank,proposed,5.0,0.9999999999999999,4.4,1.0,4.05,0.9295807397554786,4.28,0.8448489668845949
full,LightGBM,Dry,7,minmax,relevance_only,2.2,0.9999999999999999,4.1,0.933745776545611,3.95,0.9572416874849684,3.32,0.9271746350733193
full,LightGBM,Dry,7,minmax,hard_filter,2.2,0.9999999999999999,1.5,1.0,1.1,0.9659370277440175,1.04,0.9503843471896404
full,LightGBM,Dry,7,minmax,proportional,0.0,0.9999999999999999,0.0,0.9363792118010483,0.0,0.9589412206131108,0.0,0.9188840808411
full,LightGBM,Dry,7,minmax,MMR,1.0,0.7860137352654724,1.2,0.7917063341896682,2.7,0.7538960790738559,2.9,0.7909095462800455
full,LightGBM,Dry,7,minmax,FAIR_prefix,2.2,0.9999999999999999,3.1,0.933745776545611,3.65,0.9572416874849684,3.32,0.9277596592975197
full,LightGBM,Dry,7,minmax,proposed,0.0,0.9999999999999999,0.0,0.9363792118010483,0.0,0.9589412206131108,0.0,0.9188840808411
full,LightGBM,Dry,7,rank,relevance_only,2.2,0.9999999999999999,4.1,0.933745776545611,3.95,0.9572416874849684,3.32,0.9271746350733193
full,LightGBM,Dry,7,rank,hard_filter,2.2,0.9999999999999999,1.5,1.0,1.1,0.9659370277440175,1.04,0.9503843471896404
full,LightGBM,Dry,7,rank,proportional,0.0,0.9999999999999999,0.1,1.0,0.3,0.9603789329441843,0.8,0.960986416643923
full,LightGBM,Dry,7,rank,MMR,1.2,0.69921481985085,0.8,0.8048109992093389,2.3,0.8392812194123168,2.16,0.8227791240320721
full,LightGBM,Dry,7,rank,FAIR_prefix,2.2,0.9999999999999999,3.1,0.933745776545611,3.65,0.9572416874849684,3.32,0.9277596592975197
full,LightGBM,Dry,7,rank,proposed,0.0,0.9999999999999999,0.0,0.9363792118010483,0.0,0.9589412206131108,0.0,0.9188840808411
dense,LightGBM,Dry,8,minmax,relevance_only,10.8,0.9999999999999999,9.8,1.0,10.25,0.9676617088516801,11.44,0.9373909339608336
dense,LightGBM,Dry,8,minmax,hard_filter,10.8,0.9999999999999999,9.8,1.0,10.25,0.9676617088516801,11.44,0.9373909339608336
dense,LightGBM,Dry,8,minmax,proportional,3.0,0.9999999999999999,3.3,0.9216017310213245,3.65,0.9494043170253827,4.66,0.8524383177441738
dense,LightGBM,Dry,8,minmax,MMR,9.0,0.6843515475204854,8.4,0.7257345305446319,7.0,0.7501812609286086,9.28,0.7993786323059465
dense,LightGBM,Dry,8,minmax,FAIR_prefix,10.8,0.9999999999999999,9.8,1.0,10.25,0.9676617088516801,11.44,0.9373909339608336
dense,LightGBM,Dry,8,minmax,proposed,3.2,0.9999999999999999,3.5,0.9305687780632227,4.0,0.9551913563983281,4.12,0.8420718296718154
dense,LightGBM,Dry,8,rank,relevance_only,10.8,0.9999999999999999,9.8,1.0,10.25,0.9676617088516801,11.44,0.9373909339608336
dense,LightGBM,Dry,8,rank,hard_filter,10.8,0.9999999999999999,9.8,1.0,10.25,0.9676617088516801,11.44,0.9373909339608336
dense,LightGBM,Dry,8,rank,proportional,4.4,0.9999999999999999,5.2,1.0,6.15,0.9644899900915855,7.86,0.9493138572037727
dense,LightGBM,Dry,8,rank,MMR,10.4,0.9999999999999999,10.6,0.9216017310213245,10.3,0.9494043170253827,10.3,0.8968931506794894
dense,LightGBM,Dry,8,rank,FAIR_prefix,10.8,0.9999999999999999,9.8,1.0,10.25,0.9676617088516801,11.44,0.9373909339608336
dense,LightGBM,Dry,8,rank,proposed,4.2,0.9999999999999999,4.3,1.0,4.25,0.9665625086152865,4.18,0.8330168622402871
full,LightGBM,Dry,8,minmax,relevance_only,5.4,0.9999999999999999,3.9,1.0,3.35,0.9999999999999999,2.54,0.9850030692922279
full,LightGBM,Dry,8,minmax,hard_filter,2.4,0.9999999999999999,1.7,1.0,1.2,0.9999999999999999,0.94,0.9565723820547947
full,LightGBM,Dry,8,minmax,proportional,0.0,0.9999999999999999,0.0,1.0,0.0,0.9999999999999999,0.0,0.9230098669424776
full,LightGBM,Dry,8,minmax,MMR,1.0,0.6548086577531306,0.7,0.7026305163854644,2.2,0.6253504711610561,3.06,0.7157408865639007
full,LightGBM,Dry,8,minmax,FAIR_prefix,5.4,0.9999999999999999,3.9,1.0,3.35,0.9999999999999999,2.54,0.9850030692922279
full,LightGBM,Dry,8,minmax,proposed,0.0,0.9999999999999999,0.0,1.0,0.0,0.9999999999999999,0.0,0.9230098669424776
full,LightGBM,Dry,8,rank,relevance_only,5.4,0.9999999999999999,3.9,1.0,3.35,0.9999999999999999,2.54,0.9850030692922279
full,LightGBM,Dry,8,rank,hard_filter,2.4,0.9999999999999999,1.7,1.0,1.2,0.9999999999999999,0.94,0.9565723820547947
full,LightGBM,Dry,8,rank,proportional,0.0,0.9999999999999999,0.0,1.0,0.2,0.9999999999999999,0.78,0.9413963843665201
full,LightGBM,Dry,8,rank,MMR,1.4,0.6164336326286642,1.2,0.6114735274236563,1.9,0.7492577005869105,3.3,0.8152577579338046
full,LightGBM,Dry,8,rank,FAIR_prefix,5.4,0.9999999999999999,3.9,1.0,3.35,0.9999999999999999,2.54,0.9850030692922279
full,LightGBM,Dry,8,rank,proposed,0.0,0.9999999999999999,0.0,1.0,0.0,0.9999999999999999,0.0,0.9230098669424776
dense,LightGBM,Dry,9,minmax,relevance_only,10.0,0.9999999999999999,8.8,0.9266360779006398,9.85,0.9171433102136997,11.02,0.8662511361724826
dense,LightGBM,Dry,9,minmax,hard_filter,10.0,0.9999999999999999,8.8,0.9266360779006398,9.85,0.9171433102136997,11.02,0.8662511361724826
dense,LightGBM,Dry,9,minmax,proportional,3.2,0.8539316501572934,3.4,0.835780413693672,3.65,0.8616797498719765,4.72,0.8179929020070285
dense,LightGBM,Dry,9,minmax,MMR,9.2,0.9999999999999999,8.7,0.8553475075669357,8.1,0.7700833599507779,8.6,0.7276740582033835
dense,LightGBM,Dry,9,minmax,FAIR_prefix,10.0,0.9999999999999999,8.8,0.9266360779006398,9.85,0.9171433102136997,11.02,0.8662511361724826
dense,LightGBM,Dry,9,minmax,proposed,3.6,0.9999999999999999,3.7,0.933745776545611,3.95,0.8861352267975611,4.28,0.8307958510815567
dense,LightGBM,Dry,9,rank,relevance_only,10.0,0.9999999999999999,8.8,0.9266360779006398,9.85,0.9171433102136997,11.02,0.8662511361724826
dense,LightGBM,Dry,9,rank,hard_filter,10.0,0.9999999999999999,8.8,0.9266360779006398,9.85,0.9171433102136997,11.02,0.8662511361724826
dense,LightGBM,Dry,9,rank,proportional,5.0,0.9999999999999999,5.5,1.0,6.25,0.8927637896777387,7.02,0.8380220002441515
dense,LightGBM,Dry,9,rank,MMR,9.8,0.9999999999999999,9.7,1.0,9.3,0.934796738284103,9.06,0.8314047546292807
dense,LightGBM,Dry,9,rank,FAIR_prefix,10.0,0.9999999999999999,8.8,0.9266360779006398,9.85,0.9171433102136997,11.02,0.8662511361724826
dense,LightGBM,Dry,9,rank,proposed,4.8,0.9999999999999999,4.7,0.9363792118010483,4.45,0.8596749866412315,4.3,0.832632338977626
full,LightGBM,Dry,9,minmax,relevance_only,1.0,0.9999999999999999,1.3,1.0,2.2,0.9310524987068721,2.84,0.9035852095723985
full,LightGBM,Dry,9,minmax,hard_filter,1.0,0.9999999999999999,1.3,1.0,1.5,0.9271832397251408,1.24,0.8861039336066702
full,LightGBM,Dry,9,minmax,proportional,0.0,0.9999999999999999,0.0,0.9266360779006398,0.0,0.9171433102136997,0.0,0.9083087991697302
full,LightGBM,Dry,9,minmax,MMR,4.4,0.8687949224876581,2.6,0.7778721720600672,2.95,0.7170885659572299,3.68,0.7724752386156037
full,LightGBM,Dry,9,minmax,FAIR_prefix,1.0,0.9999999999999999,1.3,1.0,2.2,0.9310524987068721,2.84,0.9035852095723985
full,LightGBM,Dry,9,minmax,proposed,0.0,0.9999999999999999,0.0,0.9266360779006398,0.0,0.9171433102136997,0.0,0.9083087991697302
full,LightGBM,Dry,9,rank,relevance_only,1.0,0.9999999999999999,1.3,1.0,2.2,0.9310524987068721,2.84,0.9035852095723985
full,LightGBM,Dry,9,rank,hard_filter,1.0,0.9999999999999999,1.3,1.0,1.5,0.9271832397251408,1.24,0.8861039336066702
full,LightGBM,Dry,9,rank,proportional,0.0,0.9999999999999999,0.1,0.9305687780632227,0.2,0.8875762131318825,0.66,0.8791189116030858
full,LightGBM,Dry,9,rank,MMR,4.6,0.8304198973631918,2.6,0.8899541168509599,1.85,0.8626775182308807,3.32,0.8433986897854115
full,LightGBM,Dry,9,rank,FAIR_prefix,1.0,0.9999999999999999,1.3,1.0,2.2,0.9310524987068721,2.84,0.9035852095723985
full,LightGBM,Dry,9,rank,proposed,0.0,0.9999999999999999,0.0,0.9266360779006398,0.0,0.9171433102136997,0.0,0.9083087991697302
dense,LightGBM,Normal,0,minmax,relevance_only,9.6,0.6608397947263838,11.2,0.7162874455029681,9.55,0.8169011809794535,9.64,0.8280804111732484
dense,LightGBM,Normal,0,minmax,hard_filter,9.6,0.6608397947263838,11.2,0.7162874455029681,9.55,0.8169011809794535,9.64,0.8280804111732484
dense,LightGBM,Normal,0,minmax,proportional,3.0,0.8539316501572934,3.0,0.9052116356304493,3.3,0.8670045550718717,3.88,0.8056862650751091
dense,LightGBM,Normal,0,minmax,MMR,7.2,0.44685352999185624,6.7,0.6410457898283652,7.2,0.6648979213272721,8.32,0.6740835914570592
dense,LightGBM,Normal,0,minmax,FAIR_prefix,9.6,0.6608397947263838,11.2,0.7162874455029681,9.55,0.8169011809794535,9.64,0.8280804111732484
dense,LightGBM,Normal,0,minmax,proposed,3.0,0.8539316501572934,3.1,0.9052116356304493,3.4,0.9064883934736483,4.02,0.8259662510715584
dense,LightGBM,Normal,0,rank,relevance_only,9.6,0.6608397947263838,11.2,0.7162874455029681,9.55,0.8169011809794535,9.64,0.8280804111732484
dense,LightGBM,Normal,0,rank,hard_filter,9.6,0.6608397947263838,11.2,0.7162874455029681,9.55,0.8169011809794535,9.64,0.8280804111732484
dense,LightGBM,Normal,0,rank,proportional,4.2,0.9999999999999999,4.6,1.0,5.15,0.9230721825777396,6.82,0.9134878041363527
dense,LightGBM,Normal,0,rank,MMR,8.6,0.6608397947263838,7.5,0.7799082337019198,9.1,0.8195753222009596,8.9,0.8102930615442073
dense,LightGBM,Normal,0,rank,FAIR_prefix,9.6,0.6608397947263838,11.2,0.7162874455029681,9.55,0.8169011809794535,9.64,0.8280804111732484
dense,LightGBM,Normal,0,rank,proposed,4.2,0.9999999999999999,4.0,0.9363792118010483,4.05,0.9255037292283974,4.02,0.8418582919258946
full,LightGBM,Normal,0,minmax,relevance_only,4.8,0.8687949224876581,4.5,0.914856882358379,3.0,0.945051411928014,3.18,0.9395529272108645
full,LightGBM,Normal,0,minmax,hard_filter,1.6,0.9999999999999999,1.5,1.0,1.0,0.9676617088516801,0.98,0.9685391338438722
full,LightGBM,Normal,0,minmax,proportional,0.0,0.9999999999999999,0.0,1.0,0.0,0.9999999999999999,0.0,0.9565248893236123
full,LightGBM,Normal,0,minmax,MMR,5.2,0.9999999999999999,5.5,0.9305687780632227,3.95,0.9551913563983281,3.64,0.9161549829038734
full,LightGBM,Normal,0,minmax,FAIR_prefix,4.8,0.8687949224876581,3.4,0.914856882358379,3.0,0.945051411928014,3.18,0.9395529272108645
full,LightGBM,Normal,0,minmax,proposed,0.0,0.9999999999999999,0.0,1.0,0.0,0.9999999999999999,0.0,0.9565248893236123
full,LightGBM,Normal,0,rank,relevance_only,4.8,0.8687949224876581,4.5,0.914856882358379,3.0,0.945051411928014,3.18,0.9395529272108645
full,LightGBM,Normal,0,rank,hard_filter,1.6,0.9999999999999999,1.5,1.0,1.0,0.9676617088516801,0.98,0.9685391338438722
full,LightGBM,Normal,0,rank,proportional,0.0,0.9999999999999999,0.0,1.0,0.3,0.9676617088516801,0.7,0.9823480410115811
full,LightGBM,Normal,0,rank,MMR,2.2,0.9999999999999999,1.9,0.9266360779006398,2.4,0.9179031474232454,2.94,0.9067786029785224
full,LightGBM,Normal,0,rank,FAIR_prefix,4.8,0.8687949224876581,3.4,0.914856882358379,3.0,0.945051411928014,3.18,0.9395529272108645
full,LightGBM,Normal,0,rank,proposed,0.0,0.9999999999999999,0.0,1.0,0.0,0.9999999999999999,0.0,0.9565248893236123
dense,LightGBM,Normal,1,minmax,relevance_only,9.0,0.6548086577531306,8.7,0.7759944384848245,8.55,0.8554341247246706,9.46,0.847505257753296
dense,LightGBM,Normal,1,minmax,hard_filter,9.0,0.6548086577531306,8.7,0.7759944384848245,8.55,0.8554341247246706,9.46,0.847505257753296
dense,LightGBM,Normal,1,minmax,proportional,3.0,0.9999999999999999,3.2,1.0,3.55,0.9626932496335552,4.26,0.8294042413894382
dense,LightGBM,Normal,1,minmax,MMR,10.0,0.6548086577531306,8.1,0.7065632165480472,8.55,0.708187528391025,9.0,0.776247362145357
dense,LightGBM,Normal,1,minmax,FAIR_prefix,9.0,0.6548086577531306,8.7,0.7759944384848245,8.55,0.8554341247246706,9.46,0.847505257753296
dense,LightGBM,Normal,1,minmax,proposed,3.0,0.9999999999999999,3.4,1.0,3.6,0.9676617088516801,4.16,0.8497811355801105
dense,LightGBM,Normal,1,rank,relevance_only,9.0,0.6548086577531306,8.7,0.7759944384848245,8.55,0.8554341247246706,9.46,0.847505257753296
dense,LightGBM,Normal,1,rank,hard_filter,9.0,0.6548086577531306,8.7,0.7759944384848245,8.55,0.8554341247246706,9.46,0.847505257753296
dense,LightGBM,Normal,1,rank,proportional,3.4,0.9999999999999999,4.9,0.9305687780632227,5.65,0.9551913563983281,6.94,0.8996940586766504
dense,LightGBM,Normal,1,rank,MMR,9.2,0.7860137352654724,8.4,0.6457545768494584,9.75,0.7366313978583959,9.16,0.8278242142262101
dense,LightGBM,Normal,1,rank,FAIR_prefix,9.0,0.6548086577531306,8.7,0.7759944384848245,8.55,0.8554341247246706,9.46,0.847505257753296
dense,LightGBM,Normal,1,rank,proposed,3.4,0.9999999999999999,4.0,1.0,4.35,0.9999999999999999,4.22,0.8670043162357485
full,LightGBM,Normal,1,minmax,relevance_only,2.8,0.9999999999999999,3.4,0.9363792118010483,3.15,0.9589412206131108,2.7,0.9459763988663334
full,LightGBM,Normal,1,minmax,hard_filter,0.6,0.9999999999999999,0.7,1.0,1.3,0.9999999999999999,1.06,0.9567031376674713
full,LightGBM,Normal,1,minmax,proportional,0.0,0.9999999999999999,0.0,1.0,0.0,0.9999999999999999,0.0,0.9538043203000136
full,LightGBM,Normal,1,minmax,MMR,3.0,0.8687949224876581,3.8,0.8512360941594274,2.45,0.8369041686939367,2.9,0.8161513884978305
full,LightGBM,Normal,1,minmax,FAIR_prefix,2.8,0.9999999999999999,3.4,0.9363792118010483,3.15,0.9589412206131108,2.7,0.9459763988663334
full,LightGBM,Normal,1,minmax,proposed,0.0,0.9999999999999999,0.0,1.0,0.0,0.9999999999999999,0.0,0.9538043203000136
full,LightGBM,Normal,1,rank,relevance_only,2.8,0.9999999999999999,3.4,0.9363792118010483,3.15,0.9589412206131108,2.7,0.9459763988663334
full,LightGBM,Normal,1,rank,hard_filter,0.6,0.9999999999999999,0.7,1.0,1.3,0.9999999999999999,1.06,0.9567031376674713
full,LightGBM,Normal,1,rank,proportional,0.0,0.9999999999999999,0.1,1.0,0.35,0.9999999999999999,0.78,0.9554149929553188
full,LightGBM,Normal,1,rank,MMR,2.0,0.8539316501572934,2.7,0.8318477135310891,1.75,0.8580425133593688,2.66,0.8169752010883474
full,LightGBM,Normal,1,rank,FAIR_prefix,2.8,0.9999999999999999,3.4,0.9363792118010483,3.15,0.9589412206131108,2.7,0.9459763988663334
full,LightGBM,Normal,1,rank,proposed,0.0,0.9999999999999999,0.0,1.0,0.0,0.9999999999999999,0.0,0.9538043203000136
dense,LightGBM,Normal,2,minmax,relevance_only,8.8,0.8304198973631918,8.2,0.8899541168509599,10.15,0.9289799801831712,10.4,0.9328958186751353
dense,LightGBM,Normal,2,minmax,hard_filter,8.8,0.8304198973631918,8.2,0.8899541168509599,10.15,0.9289799801831712,10.4,0.9328958186751353
dense,LightGBM,Normal,2,minmax,proportional,3.0,0.9999999999999999,3.1,0.9363792118010483,3.4,0.9589412206131108,4.08,0.8742259304687215
dense,LightGBM,Normal,2,minmax,MMR,7.4,0.7227265726449517,6.8,0.6870165078530993,6.2,0.7645731821767079,8.4,0.8107791566715161
dense,LightGBM,Normal,2,minmax,FAIR_prefix,8.8,0.8304198973631918,8.2,0.8899541168509599,10.15,0.9289799801831712,10.4,0.9328958186751353
dense,LightGBM,Normal,2,minmax,proposed,3.2,0.9999999999999999,3.5,1.0,3.55,0.9671350294324228,4.04,0.8648173006524071
dense,LightGBM,Normal,2,rank,relevance_only,8.8,0.8304198973631918,8.2,0.8899541168509599,10.15,0.9289799801831712,10.4,0.9328958186751353
dense,LightGBM,Normal,2,rank,hard_filter,8.8,0.8304198973631918,8.2,0.8899541168509599,10.15,0.9289799801831712,10.4,0.9328958186751353
dense,LightGBM,Normal,2,rank,proportional,5.0,0.9999999999999999,5.5,0.9266360779006398,5.6,0.952653320122114,6.94,0.944686416496333
dense,LightGBM,Normal,2,rank,MMR,7.4,0.9999999999999999,8.9,0.933745776545611,10.6,0.9572416874849684,9.82,0.9344833345825583
dense,LightGBM,Normal,2,rank,FAIR_prefix,8.8,0.8304198973631918,8.2,0.8899541168509599,10.15,0.9289799801831712,10.4,0.9328958186751353
dense,LightGBM,Normal,2,rank,proposed,4.4,0.9999999999999999,4.0,1.0,4.15,0.9644899900915855,4.14,0.864521483864324
full,LightGBM,Normal,2,minmax,relevance_only,3.8,0.9999999999999999,4.0,0.933745776545611,3.25,0.9572416874849684,2.68,0.9603542788999575
full,LightGBM,Normal,2,minmax,hard_filter,1.0,0.9999999999999999,1.6,1.0,1.2,0.9671350294324228,0.94,0.9681780934371996
full,LightGBM,Normal,2,minmax,proportional,0.0,0.9999999999999999,0.0,1.0,0.0,0.9999999999999999,0.0,0.9719739382386234
full,LightGBM,Normal,2,minmax,MMR,0.2,0.6548086577531306,0.5,0.7759944384848245,2.6,0.7444433350464278,3.28,0.8311457454495171
full,LightGBM,Normal,2,minmax,FAIR_prefix,3.8,0.9999999999999999,3.6,1.0,3.05,0.9616153618346169,2.68,0.9625527820164276
full,LightGBM,Normal,2,minmax,proposed,0.0,0.9999999999999999,0.0,1.0,0.0,0.9999999999999999,0.0,0.9719739382386234
full,LightGBM,Normal,2,rank,relevance_only,3.8,0.9999999999999999,4.0,0.933745776545611,3.25,0.9572416874849684,2.68,0.9603542788999575
full,LightGBM,Normal,2,rank,hard_filter,1.0,0.9999999999999999,1.6,1.0,1.2,0.9671350294324228,0.94,0.9681780934371996
full,LightGBM,Normal,2,rank,proportional,0.0,0.9999999999999999,0.1,1.0,0.15,0.9999999999999999,0.62,0.9715489485677572
full,LightGBM,Normal,2,rank,MMR,0.0,0.8539316501572934,1.3,0.9052116356304493,1.75,0.9040765119230995,2.44,0.9047098969709242
full,LightGBM,Normal,2,rank,FAIR_prefix,3.8,0.9999999999999999,3.6,1.0,3.05,0.9616153618346169,2.68,0.9625527820164276
full,LightGBM,Normal,2,rank,proposed,0.0,0.9999999999999999,0.0,1.0,0.0,0.9999999999999999,0.0,0.9719739382386234
dense,LightGBM,Normal,3,minmax,relevance_only,12.2,0.9999999999999999,10.0,1.0,9.65,0.9652498273011313,9.58,0.8764885103079159
dense,LightGBM,Normal,3,minmax,hard_filter,12.2,0.9999999999999999,10.0,1.0,9.65,0.9652498273011313,9.58,0.8764885103079159
dense,LightGBM,Normal,3,minmax,proportional,3.0,0.9999999999999999,3.0,0.9305687780632227,3.45,0.9223263858307511,4.18,0.8502957804426475
dense,LightGBM,Normal,3,minmax,MMR,7.2,0.8304198973631918,7.2,0.8899541168509599,7.1,0.7898607579560217,9.2,0.7790877733837548
dense,LightGBM,Normal,3,minmax,FAIR_prefix,12.2,0.9999999999999999,10.0,1.0,9.65,0.9652498273011313,9.58,0.8764885103079159
dense,LightGBM,Normal,3,minmax,proposed,3.0,0.9999999999999999,3.4,1.0,3.5,0.9310524987068721,4.18,0.8709312719112048
dense,LightGBM,Normal,3,rank,relevance_only,12.2,0.9999999999999999,10.0,1.0,9.65,0.9652498273011313,9.58,0.8764885103079159
dense,LightGBM,Normal,3,rank,hard_filter,12.2,0.9999999999999999,10.0,1.0,9.65,0.9652498273011313,9.58,0.8764885103079159
dense,LightGBM,Normal,3,rank,proportional,4.2,0.9999999999999999,5.4,1.0,6.1,0.9013592468993896,7.22,0.8836590278450474
dense,LightGBM,Normal,3,rank,MMR,6.8,0.9999999999999999,6.8,0.8572048559638626,8.1,0.8694600383550594,9.5,0.8177562106415996
dense,LightGBM,Normal,3,rank,FAIR_prefix,12.2,0.9999999999999999,10.0,1.0,9.65,0.9652498273011313,9.58,0.8764885103079159
dense,LightGBM,Normal,3,rank,proposed,4.2,0.9999999999999999,4.3,1.0,4.0,0.9603789329441843,4.18,0.8730048590671632
full,LightGBM,Normal,3,minmax,relevance_only,5.8,0.9999999999999999,3.3,1.0,3.65,0.9999999999999999,3.06,0.9835051587382827
full,LightGBM,Normal,3,minmax,hard_filter,2.8,0.9999999999999999,1.8,1.0,1.05,0.9999999999999999,1.24,0.9826137020047634
full,LightGBM,Normal,3,minmax,proportional,0.0,0.9999999999999999,0.0,1.0,0.0,0.9999999999999999,0.0,0.9711466464198423
full,LightGBM,Normal,3,minmax,MMR,6.4,0.8539316501572934,4.1,0.8268133666517739,3.4,0.7729185460597078,3.9,0.7988344078627553
full,LightGBM,Normal,3,minmax,FAIR_prefix,5.8,0.9999999999999999,3.3,1.0,3.65,0.9999999999999999,3.06,0.9835051587382827
full,LightGBM,Normal,3,minmax,proposed,0.0,0.9999999999999999,0.0,1.0,0.0,0.9999999999999999,0.0,0.9711466464198423
full,LightGBM,Normal,3,rank,relevance_only,5.8,0.9999999999999999,3.3,1.0,3.65,0.9999999999999999,3.06,0.9835051587382827
full,LightGBM,Normal,3,rank,hard_filter,2.8,0.9999999999999999,1.8,1.0,1.05,0.9999999999999999,1.24,0.9826137020047634
full,LightGBM,Normal,3,rank,proportional,0.0,0.9999999999999999,0.0,1.0,0.25,0.9999999999999999,0.88,0.9854314065074474
full,LightGBM,Normal,3,rank,MMR,1.0,0.9999999999999999,1.1,1.0,2.3,0.9644899900915855,2.74,0.8849421238724076
full,LightGBM,Normal,3,rank,FAIR_prefix,5.8,0.9999999999999999,3.3,1.0,3.65,0.9999999999999999,3.06,0.9835051587382827
full,LightGBM,Normal,3,rank,proposed,0.0,0.9999999999999999,0.0,1.0,0.0,0.9999999999999999,0.0,0.9711466464198423
dense,LightGBM,Normal,4,minmax,relevance_only,11.0,0.6608397947263838,9.8,0.7065443116025597,9.0,0.8106132804884567,10.14,0.8523201515204412
dense,LightGBM,Normal,4,minmax,hard_filter,11.0,0.6608397947263838,9.8,0.7065443116025597,9.0,0.8106132804884567,10.14,0.8523201515204412
dense,LightGBM,Normal,4,minmax,proportional,3.0,0.9999999999999999,3.1,0.8701249883466594,3.5,0.9161829080980792,4.48,0.8643761030112765
dense,LightGBM,Normal,4,minmax,MMR,7.6,0.31564845247951445,7.0,0.5559026721867443,8.1,0.6737730180351976,9.2,0.7915382270192034
dense,LightGBM,Normal,4,minmax,FAIR_prefix,11.0,0.6608397947263838,9.8,0.7065443116025597,9.0,0.8106132804884567,10.14,0.8523201515204412
dense,LightGBM,Normal,4,minmax,proposed,3.0,0.9999999999999999,3.3,0.9266360779006398,3.55,0.9179031474232454,4.14,0.86499737915535
dense,LightGBM,Normal,4,rank,relevance_only,11.0,0.6608397947263838,9.8,0.7065443116025597,9.0,0.8106132804884567,10.14,0.8523201515204412
dense,LightGBM,Normal,4,rank,hard_filter,11.0,0.6608397947263838,9.8,0.7065443116025597,9.0,0.8106132804884567,10.14,0.8523201515204412
dense,LightGBM,Normal,4,rank,proportional,4.2,0.6608397947263838,4.6,0.7799082337019198,5.8,0.8579599603663426,6.74,0.8748143140785803
dense,LightGBM,Normal,4,rank,MMR,11.8,0.44685352999185624,9.4,0.6410457898283652,8.5,0.7683426731629991,8.94,0.798798566508905
dense,LightGBM,Normal,4,rank,FAIR_prefix,11.0,0.6608397947263838,9.8,0.7065443116025597,9.0,0.8106132804884567,10.14,0.8523201515204412
dense,LightGBM,Normal,4,rank,proposed,3.4,0.6608397947263838,3.9,0.7799082337019198,3.95,0.8195753222009596,4.24,0.8262928254201117
full,LightGBM,Normal,4,minmax,relevance_only,2.6,0.9999999999999999,3.2,0.9216017310213245,2.5,0.9494043170253827,2.76,0.9582643632008266
full,LightGBM,Normal,4,minmax,hard_filter,2.6,0.9999999999999999,2.0,1.0,1.35,0.9999999999999999,1.04,1.0
full,LightGBM,Normal,4,minmax,proportional,0.0,0.9999999999999999,0.0,1.0,0.0,0.9999999999999999,0.0,0.9852259760043575
full,LightGBM,Normal,4,minmax,MMR,1.6,0.8304198973631918,1.1,0.8899541168509599,1.85,0.8593349386684068,2.7,0.8472104774668956
full,LightGBM,Normal,4,minmax,FAIR_prefix,2.6,0.9999999999999999,3.2,0.9216017310213245,2.5,0.9494043170253827,2.76,0.9582643632008266
full,LightGBM,Normal,4,minmax,proposed,0.0,0.9999999999999999,0.0,1.0,0.0,0.9999999999999999,0.0,0.9852259760043575
full,LightGBM,Normal,4,rank,relevance_only,2.6,0.9999999999999999,3.2,0.9216017310213245,2.5,0.9494043170253827,2.76,0.9582643632008266
full,LightGBM,Normal,4,rank,hard_filter,2.6,0.9999999999999999,2.0,1.0,1.35,0.9999999999999999,1.04,1.0
full,LightGBM,Normal,4,rank,proportional,0.2,0.9999999999999999,0.2,1.0,0.35,0.9999999999999999,0.7,1.0
full,LightGBM,Normal,4,rank,MMR,1.0,0.9999999999999999,0.6,0.933745776545611,1.75,0.9188570493195856,2.92,0.9239994558023377
full,LightGBM,Normal,4,rank,FAIR_prefix,2.6,0.9999999999999999,3.2,0.9216017310213245,2.5,0.9494043170253827,2.76,0.9582643632008266
full,LightGBM,Normal,4,rank,proposed,0.0,0.9999999999999999,0.0,1.0,0.0,0.9999999999999999,0.0,0.9852259760043575
dense,LightGBM,Normal,5,minmax,relevance_only,12.6,0.529634717214042,10.4,0.6163668470816234,11.05,0.7524156893197396,10.06,0.7595352012136178
dense,LightGBM,Normal,5,minmax,hard_filter,12.6,0.529634717214042,10.4,0.6163668470816234,11.05,0.7524156893197396,10.06,0.7595352012136178
dense,LightGBM,Normal,5,minmax,proportional,3.0,0.9999999999999999,3.1,1.0,3.4,0.934796738284103,4.3,0.8597581765397603
dense,LightGBM,Normal,5,minmax,MMR,6.0,0.6608397947263838,7.1,0.7015099647232445,9.4,0.7012443820704297,8.66,0.7480339862880866
dense,LightGBM,Normal,5,minmax,FAIR_prefix,12.6,0.529634717214042,10.4,0.6163668470816234,11.05,0.7524156893197396,10.06,0.7595352012136178
dense,LightGBM,Normal,5,minmax,proposed,3.2,0.9999999999999999,3.3,1.0,3.65,0.9330720571764404,4.12,0.8896712133505466
dense,LightGBM,Normal,5,rank,relevance_only,12.6,0.529634717214042,10.4,0.6163668470816234,11.05,0.7524156893197396,10.06,0.7595352012136178
dense,LightGBM,Normal,5,rank,hard_filter,12.6,0.529634717214042,10.4,0.6163668470816234,11.05,0.7524156893197396,10.06,0.7595352012136178
dense,LightGBM,Normal,5,rank,proportional,5.4,0.7227265726449517,5.5,0.8200685179888283,6.1,0.8175756345976917,7.22,0.8241697086642722
dense,LightGBM,Normal,5,rank,MMR,7.4,0.529634717214042,9.1,0.6947651160602988,9.7,0.7695738809096432,9.64,0.8092560659276443
dense,LightGBM,Normal,5,rank,FAIR_prefix,12.6,0.529634717214042,10.4,0.6163668470816234,11.05,0.7524156893197396,10.06,0.7595352012136178
dense,LightGBM,Normal,5,rank,proposed,4.6,0.9999999999999999,4.7,0.9363792118010483,4.6,0.9589412206131108,4.2,0.8884048845333737
full,LightGBM,Normal,5,minmax,relevance_only,6.4,0.8304198973631918,3.9,0.8899541168509599,2.3,0.9289799801831712,3.7,0.9284096749361603
full,LightGBM,Normal,5,minmax,hard_filter,0.2,0.9999999999999999,0.4,1.0,0.65,0.9999999999999999,0.92,0.9860416298881255
full,LightGBM,Normal,5,minmax,proportional,0.0,0.9999999999999999,0.0,1.0,0.0,0.9999999999999999,0.0,0.9852259760043575
full,LightGBM,Normal,5,minmax,MMR,3.4,0.6548086577531306,2.6,0.6975961695061491,2.2,0.8048384417500536,3.8,0.7721683550250131
full,LightGBM,Normal,5,minmax,FAIR_prefix,3.4,0.8539316501572934,3.5,0.9052116356304493,2.3,0.938826684621968,3.16,0.9337845298450831
full,LightGBM,Normal,5,minmax,proposed,0.0,0.9999999999999999,0.0,1.0,0.0,0.9999999999999999,0.0,0.9852259760043575
full,LightGBM,Normal,5,rank,relevance_only,6.4,0.8304198973631918,3.9,0.8899541168509599,2.3,0.9289799801831712,3.7,0.9284096749361603
full,LightGBM,Normal,5,rank,hard_filter,0.2,0.9999999999999999,0.4,1.0,0.65,0.9999999999999999,0.92,0.9860416298881255
full,LightGBM,Normal,5,rank,proportional,0.0,0.9999999999999999,0.1,1.0,0.3,0.9999999999999999,0.68,1.0
full,LightGBM,Normal,5,rank,MMR,4.6,0.7860137352654724,2.4,0.8611375561264455,2.25,0.834691324264829,2.96,0.8661887200738497
full,LightGBM,Normal,5,rank,FAIR_prefix,3.4,0.8539316501572934,3.5,0.9052116356304493,2.3,0.938826684621968,3.16,0.9337845298450831
full,LightGBM,Normal,5,rank,proposed,0.0,0.9999999999999999,0.0,1.0,0.0,0.9999999999999999,0.0,0.9852259760043575
dense,LightGBM,Normal,6,minmax,relevance_only,8.2,0.7860137352654724,8.4,0.8611375561264455,9.6,0.8707616457408408,9.26,0.8376075059278196
dense,LightGBM,Normal,6,minmax,hard_filter,8.2,0.7860137352654724,8.4,0.8611375561264455,9.6,0.8707616457408408,9.26,0.8376075059278196
dense,LightGBM,Normal,6,minmax,proportional,3.0,0.9999999999999999,3.3,0.9216017310213245,3.6,0.9097832499695672,4.3,0.8549859471493432
dense,LightGBM,Normal,6,minmax,MMR,10.0,0.9999999999999999,9.2,0.8643145546088338,8.4,0.9124330438832967,9.8,0.8300487174044313
dense,LightGBM,Normal,6,minmax,FAIR_prefix,8.2,0.7860137352654724,8.4,0.8611375561264455,9.6,0.8707616457408408,9.26,0.8376075059278196
dense,LightGBM,Normal,6,minmax,proposed,3.0,0.9999999999999999,3.4,0.8579809428223729,3.65,0.9083455376384938,4.28,0.8446203833452196
dense,LightGBM,Normal,6,rank,relevance_only,8.2,0.7860137352654724,8.4,0.8611375561264455,9.6,0.8707616457408408,9.26,0.8376075059278196
dense,LightGBM,Normal,6,rank,hard_filter,8.2,0.7860137352654724,8.4,0.8611375561264455,9.6,0.8707616457408408,9.26,0.8376075059278196
dense,LightGBM,Normal,6,rank,proportional,3.8,0.9999999999999999,4.9,1.0,5.25,0.8599460380194648,6.98,0.863551893334377
dense,LightGBM,Normal,6,rank,MMR,12.0,0.9999999999999999,9.2,0.8572048559638626,10.2,0.7943289613908294,8.94,0.8287482562028482
dense,LightGBM,Normal,6,rank,FAIR_prefix,8.2,0.7860137352654724,8.4,0.8611375561264455,9.6,0.8707616457408408,9.26,0.8376075059278196
dense,LightGBM,Normal,6,rank,proposed,3.2,0.9999999999999999,3.9,0.8701249883466594,4.25,0.9161829080980792,4.28,0.8512706545596357
full,LightGBM,Normal,6,minmax,relevance_only,1.0,0.9999999999999999,2.2,1.0,2.3,0.8916843538073257,3.66,0.88108862830467
full,LightGBM,Normal,6,minmax,hard_filter,1.0,0.9999999999999999,1.4,0.9363792118010483,0.95,0.9248782483571284,0.94,0.8810759860654424
full,LightGBM,Normal,6,minmax,proportional,0.0,0.8687949224876581,0.0,0.914856882358379,0.0,0.9095414020195997,0.0,0.9035063948800182
full,LightGBM,Normal,6,minmax,MMR,0.8,0.6843515475204854,2.4,0.6505132600483448,1.85,0.6623839918383098,3.36,0.7378443602529522
full,LightGBM,Normal,6,minmax,FAIR_prefix,1.0,0.9999999999999999,2.2,1.0,2.3,0.8916843538073257,2.94,0.8671943026378308
full,LightGBM,Normal,6,minmax,proposed,0.0,0.8687949224876581,0.0,0.914856882358379,0.0,0.9095414020195997,0.0,0.9035063948800182
full,LightGBM,Normal,6,rank,relevance_only,1.0,0.9999999999999999,2.2,1.0,2.3,0.8916843538073257,3.66,0.88108862830467
full,LightGBM,Normal,6,rank,hard_filter,1.0,0.9999999999999999,1.4,0.9363792118010483,0.95,0.9248782483571284,0.94,0.8810759860654424
full,LightGBM,Normal,6,rank,proportional,0.0,0.8687949224876581,0.1,0.914856882358379,0.3,0.9116139205433006,0.74,0.8769508057858809
full,LightGBM,Normal,6,rank,MMR,3.4,0.7860137352654724,2.0,0.7948833326720566,2.9,0.6883329026189788,3.54,0.7689000399685011
full,LightGBM,Normal,6,rank,FAIR_prefix,1.0,0.9999999999999999,2.2,1.0,2.3,0.8916843538073257,2.94,0.8671943026378308
full,LightGBM,Normal,6,rank,proposed,0.0,0.8687949224876581,0.0,0.914856882358379,0.0,0.9095414020195997,0.0,0.9035063948800182
dense,LightGBM,Normal,7,minmax,relevance_only,10.6,0.7860137352654724,10.4,0.7827392871477701,9.45,0.8201659627662238,8.5,0.8404012613439334
dense,LightGBM,Normal,7,minmax,hard_filter,10.6,0.7860137352654724,10.4,0.7827392871477701,9.45,0.8201659627662238,8.5,0.8404012613439334
dense,LightGBM,Normal,7,minmax,proportional,3.0,0.9999999999999999,3.4,1.0,3.55,0.9269414415594709,4.34,0.8531068663192973
dense,LightGBM,Normal,7,minmax,MMR,9.6,0.8539316501572934,8.2,0.8318477135310891,8.95,0.8518589376882667,10.26,0.845533190486297
dense,LightGBM,Normal,7,minmax,FAIR_prefix,10.6,0.7860137352654724,10.4,0.7827392871477701,9.45,0.8201659627662238,8.5,0.8404012613439334
dense,LightGBM,Normal,7,minmax,proposed,3.0,0.9999999999999999,3.5,0.9363792118010483,3.8,0.8931654380800776,4.34,0.8535332940341962
dense,LightGBM,Normal,7,rank,relevance_only,10.6,0.7860137352654724,10.4,0.7827392871477701,9.45,0.8201659627662238,8.5,0.8404012613439334
dense,LightGBM,Normal,7,rank,hard_filter,10.6,0.7860137352654724,10.4,0.7827392871477701,9.45,0.8201659627662238,8.5,0.8404012613439334
dense,LightGBM,Normal,7,rank,proportional,4.2,0.9999999999999999,4.7,0.9305687780632227,5.6,0.8873430553415941,7.4,0.8762297902777173
dense,LightGBM,Normal,7,rank,MMR,8.0,0.9999999999999999,8.9,0.8579809428223729,8.7,0.9083455376384938,8.9,0.8595384727702223
dense,LightGBM,Normal,7,rank,FAIR_prefix,10.6,0.7860137352654724,10.4,0.7827392871477701,9.45,0.8201659627662238,8.5,0.8404012613439334
dense,LightGBM,Normal,7,rank,proposed,4.0,0.9999999999999999,3.8,0.9363792118010483,4.2,0.8832498320812833,4.4,0.8639076071403582
full,LightGBM,Normal,7,minmax,relevance_only,6.2,0.8687949224876581,5.6,0.914856882358379,3.9,0.945051411928014,3.0,0.9100327537014737
full,LightGBM,Normal,7,minmax,hard_filter,2.4,0.9999999999999999,1.5,1.0,1.75,0.9999999999999999,1.26,0.9544874200659096
full,LightGBM,Normal,7,minmax,proportional,0.0,0.9999999999999999,0.0,1.0,0.0,0.9676617088516801,0.0,0.9823480410115811
full,LightGBM,Normal,7,minmax,MMR,0.2,0.69921481985085,2.0,0.6749359875559983,3.0,0.7505932331534493,3.34,0.755730601652112
full,LightGBM,Normal,7,minmax,FAIR_prefix,3.8,0.9999999999999999,4.2,0.9305687780632227,3.9,0.9551913563983281,3.0,0.9155676746134629
full,LightGBM,Normal,7,minmax,proposed,0.0,0.9999999999999999,0.0,1.0,0.0,0.9676617088516801,0.0,0.9823480410115811
full,LightGBM,Normal,7,rank,relevance_only,6.2,0.8687949224876581,5.6,0.914856882358379,3.9,0.945051411928014,3.0,0.9100327537014737
full,LightGBM,Normal,7,rank,hard_filter,2.4,0.9999999999999999,1.5,1.0,1.75,0.9999999999999999,1.26,0.9544874200659096
full,LightGBM,Normal,7,rank,proportional,0.0,0.9999999999999999,0.1,1.0,0.4,0.9999999999999999,0.94,0.9540006705936802
full,LightGBM,Normal,7,rank,MMR,4.0,0.7860137352654724,2.5,0.7827392871477701,3.25,0.8269220592544623,3.12,0.8314587070979581
full,LightGBM,Normal,7,rank,FAIR_prefix,3.8,0.9999999999999999,4.2,0.9305687780632227,3.9,0.9551913563983281,3.0,0.9155676746134629
full,LightGBM,Normal,7,rank,proposed,0.0,0.9999999999999999,0.0,1.0,0.0,0.9676617088516801,0.0,0.9823480410115811
dense,LightGBM,Normal,8,minmax,relevance_only,8.0,0.9999999999999999,7.4,0.9363792118010483,10.25,0.9589412206131108,9.98,0.8879187613678082
dense,LightGBM,Normal,8,minmax,hard_filter,8.0,0.9999999999999999,7.4,0.9363792118010483,10.25,0.9589412206131108,9.98,0.8879187613678082
dense,LightGBM,Normal,8,minmax,proportional,3.0,0.9999999999999999,3.1,0.9266360779006398,3.45,0.952653320122114,4.02,0.8791833737361523
dense,LightGBM,Normal,8,minmax,MMR,9.0,0.69921481985085,7.1,0.7264127302306636,7.05,0.7113670316593873,8.8,0.7681076978970224
dense,LightGBM,Normal,8,minmax,FAIR_prefix,8.0,0.9999999999999999,7.4,0.9363792118010483,10.25,0.9589412206131108,9.98,0.8879187613678082
dense,LightGBM,Normal,8,minmax,proposed,3.0,0.9999999999999999,3.2,0.9266360779006398,3.65,0.9203150289737942,4.14,0.8653087983045044
dense,LightGBM,Normal,8,rank,relevance_only,8.0,0.9999999999999999,7.4,0.9363792118010483,10.25,0.9589412206131108,9.98,0.8879187613678082
dense,LightGBM,Normal,8,rank,hard_filter,8.0,0.9999999999999999,7.4,0.9363792118010483,10.25,0.9589412206131108,9.98,0.8879187613678082
dense,LightGBM,Normal,8,rank,proportional,4.2,0.8687949224876581,5.2,0.914856882358379,5.45,0.9095414020195997,7.36,0.8887816565360223
dense,LightGBM,Normal,8,rank,MMR,8.4,0.9999999999999999,9.0,0.9305687780632227,10.3,0.9223263858307511,9.8,0.8803031117904695
dense,LightGBM,Normal,8,rank,FAIR_prefix,8.0,0.9999999999999999,7.4,0.9363792118010483,10.25,0.9589412206131108,9.98,0.8879187613678082
dense,LightGBM,Normal,8,rank,proposed,4.2,0.8687949224876581,4.0,0.914856882358379,3.95,0.9121864413604369,4.24,0.84989848232567
full,LightGBM,Normal,8,minmax,relevance_only,4.6,0.9999999999999999,3.2,1.0,3.1,0.9999999999999999,2.28,0.9715489485677572
full,LightGBM,Normal,8,minmax,hard_filter,1.6,0.9999999999999999,1.7,1.0,1.25,0.9999999999999999,1.1,0.9852259760043575
full,LightGBM,Normal,8,minmax,proportional,0.0,0.9999999999999999,0.0,1.0,0.0,0.9999999999999999,0.0,0.9863315949815462
full,LightGBM,Normal,8,minmax,MMR,3.8,0.9999999999999999,2.9,1.0,3.0,0.9307787414438841,4.12,0.9305405906569807
full,LightGBM,Normal,8,minmax,FAIR_prefix,4.6,0.9999999999999999,3.2,1.0,3.1,0.9999999999999999,2.28,0.9716458193510992
full,LightGBM,Normal,8,minmax,proposed,0.0,0.9999999999999999,0.0,1.0,0.0,0.9999999999999999,0.0,0.9863315949815462
full,LightGBM,Normal,8,rank,relevance_only,4.6,0.9999999999999999,3.2,1.0,3.1,0.9999999999999999,2.28,0.9715489485677572
full,LightGBM,Normal,8,rank,hard_filter,1.6,0.9999999999999999,1.7,1.0,1.25,0.9999999999999999,1.1,0.9852259760043575
full,LightGBM,Normal,8,rank,proportional,0.0,0.9999999999999999,0.1,1.0,0.4,0.9999999999999999,0.8,1.0
full,LightGBM,Normal,8,rank,MMR,4.2,0.9999999999999999,2.5,0.9305687780632227,1.8,0.9228530652500083,3.42,0.9146187419074826
full,LightGBM,Normal,8,rank,FAIR_prefix,4.6,0.9999999999999999,3.2,1.0,3.1,0.9999999999999999,2.28,0.9716458193510992
full,LightGBM,Normal,8,rank,proposed,0.0,0.9999999999999999,0.0,1.0,0.0,0.9999999999999999,0.0,0.9863315949815462
dense,LightGBM,Normal,9,minmax,relevance_only,9.6,0.6608397947263838,9.2,0.7799082337019198,9.3,0.8250949897987655,9.22,0.8604543067505949
dense,LightGBM,Normal,9,minmax,hard_filter,9.6,0.6608397947263838,9.2,0.7799082337019198,9.3,0.8250949897987655,9.22,0.8604543067505949
dense,LightGBM,Normal,9,minmax,proportional,3.0,0.9999999999999999,3.0,0.933745776545611,3.4,0.9249033963366486,4.26,0.8844101807910819
dense,LightGBM,Normal,9,minmax,MMR,7.2,0.44685352999185624,8.6,0.5676818677290052,9.0,0.6539075294379251,9.3,0.7661781072071463
dense,LightGBM,Normal,9,minmax,FAIR_prefix,9.6,0.6608397947263838,9.2,0.7799082337019198,9.3,0.8250949897987655,9.22,0.8604543067505949
dense,LightGBM,Normal,9,minmax,proposed,3.0,0.9999999999999999,3.2,1.0,3.45,0.9269414415594709,4.24,0.8870378156756358
dense,LightGBM,Normal,9,rank,relevance_only,9.6,0.6608397947263838,9.2,0.7799082337019198,9.3,0.8250949897987655,9.22,0.8604543067505949
dense,LightGBM,Normal,9,rank,hard_filter,9.6,0.6608397947263838,9.2,0.7799082337019198,9.3,0.8250949897987655,9.22,0.8604543067505949
dense,LightGBM,Normal,9,rank,proportional,3.8,0.9999999999999999,4.8,1.0,5.65,0.9652498273011313,6.78,0.9077565833293614
dense,LightGBM,Normal,9,rank,MMR,8.4,0.6608397947263838,7.3,0.6281460426238843,8.45,0.7600175975138397,9.26,0.7955105752221406
dense,LightGBM,Normal,9,rank,FAIR_prefix,9.6,0.6608397947263838,9.2,0.7799082337019198,9.3,0.8250949897987655,9.22,0.8604543067505949
dense,LightGBM,Normal,9,rank,proposed,4.4,0.9999999999999999,4.1,1.0,4.1,0.9659370277440174,4.28,0.8788055760567737
full,LightGBM,Normal,9,minmax,relevance_only,0.2,0.9999999999999999,0.9,1.0,2.65,0.9603789329441843,2.48,0.9644143445272852
full,LightGBM,Normal,9,minmax,hard_filter,0.2,0.9999999999999999,0.9,1.0,1.1,0.9999999999999999,0.84,0.9709152004006192
full,LightGBM,Normal,9,minmax,proportional,0.0,0.9999999999999999,0.0,1.0,0.0,0.9999999999999999,0.0,0.9400547906647356
full,LightGBM,Normal,9,minmax,MMR,0.0,0.7227265726449517,0.8,0.6772733739526908,1.05,0.724107629803979,2.8,0.8196440600668228
full,LightGBM,Normal,9,minmax,FAIR_prefix,0.2,0.9999999999999999,0.9,1.0,2.65,0.9603789329441843,2.48,0.9644143445272852
full,LightGBM,Normal,9,minmax,proposed,0.0,0.9999999999999999,0.0,1.0,0.0,0.9999999999999999,0.0,0.9400547906647356
full,LightGBM,Normal,9,rank,relevance_only,0.2,0.9999999999999999,0.9,1.0,2.65,0.9603789329441843,2.48,0.9644143445272852
full,LightGBM,Normal,9,rank,hard_filter,0.2,0.9999999999999999,0.9,1.0,1.1,0.9999999999999999,0.84,0.9709152004006192
full,LightGBM,Normal,9,rank,proportional,0.0,0.9999999999999999,0.1,1.0,0.3,0.9999999999999999,0.52,0.9573304467956476
full,LightGBM,Normal,9,rank,MMR,0.6,0.9999999999999999,2.0,0.9216017310213245,1.35,0.8757412786703993,2.28,0.8892136527312793
full,LightGBM,Normal,9,rank,FAIR_prefix,0.2,0.9999999999999999,0.9,1.0,2.65,0.9603789329441843,2.48,0.9644143445272852
full,LightGBM,Normal,9,rank,proposed,0.0,0.9999999999999999,0.0,1.0,0.0,0.9999999999999999,0.0,0.9400547906647356
dense,LightGBM,Oily,0,minmax,relevance_only,9.8,0.7860137352654724,10.4,0.8611375561264455,9.85,0.8069379609609294,9.3,0.7442848746459377
dense,LightGBM,Oily,0,minmax,hard_filter,9.8,0.7860137352654724,10.4,0.8611375561264455,9.85,0.8069379609609294,9.3,0.7442848746459377
dense,LightGBM,Oily,0,minmax,proportional,3.0,0.9999999999999999,3.3,0.866947989864271,3.65,0.7362439486543682,4.72,0.7065237308777974
dense,LightGBM,Oily,0,minmax,MMR,6.6,0.6843515475204854,7.0,0.7257345305446319,7.9,0.6060074500933964,8.7,0.6487430814345286
dense,LightGBM,Oily,0,minmax,FAIR_prefix,9.8,0.7860137352654724,10.4,0.8611375561264455,9.85,0.8069379609609294,9.3,0.7442848746459377
dense,LightGBM,Oily,0,minmax,proposed,3.0,0.9999999999999999,3.4,0.8643145546088338,3.9,0.7679285103966179,4.04,0.736901373384338
dense,LightGBM,Oily,0,rank,relevance_only,9.8,0.7860137352654724,10.4,0.8611375561264455,9.85,0.8069379609609294,9.3,0.7442848746459377
dense,LightGBM,Oily,0,rank,hard_filter,9.8,0.7860137352654724,10.4,0.8611375561264455,9.85,0.8069379609609294,9.3,0.7442848746459377
dense,LightGBM,Oily,0,rank,proportional,3.8,0.9999999999999999,4.6,0.8603818544462509,5.15,0.802773476910571,7.4,0.768952964555327
dense,LightGBM,Oily,0,rank,MMR,7.6,0.8687949224876581,9.0,0.7058075148678526,9.6,0.698069098456244,9.02,0.6961576216219445
dense,LightGBM,Oily,0,rank,FAIR_prefix,9.8,0.7860137352654724,10.4,0.8611375561264455,9.85,0.8069379609609294,9.3,0.7442848746459377
dense,LightGBM,Oily,0,rank,proposed,3.8,0.9999999999999999,4.0,0.7909506325094736,4.05,0.7932642344553145,4.04,0.734498906111805
full,LightGBM,Oily,0,minmax,relevance_only,8.6,0.8304198973631918,5.8,0.8899541168509599,5.3,0.8949170079271888,4.14,0.8202245100230563
full,LightGBM,Oily,0,minmax,hard_filter,1.8,0.9999999999999999,1.8,0.9363792118010483,2.0,0.8507628030744757,1.58,0.82562227530368
full,LightGBM,Oily,0,minmax,proportional,0.0,0.9999999999999999,0.0,0.9216017310213245,0.0,0.9146541443265142,0.0,0.9237293407633799
full,LightGBM,Oily,0,minmax,MMR,4.0,0.6548086577531306,2.8,0.6390097281865127,2.75,0.663171913830661,2.54,0.7150454329125379
full,LightGBM,Oily,0,minmax,FAIR_prefix,4.8,0.9999999999999999,4.6,0.9305687780632227,3.7,0.8489371047387557,3.64,0.8405168025223584
full,LightGBM,Oily,0,minmax,proposed,0.0,0.9999999999999999,0.0,0.9216017310213245,0.0,0.9146541443265142,0.0,0.9237293407633799
full,LightGBM,Oily,0,rank,relevance_only,8.6,0.8304198973631918,5.8,0.8899541168509599,5.3,0.8949170079271888,4.14,0.8202245100230563
full,LightGBM,Oily,0,rank,hard_filter,1.8,0.9999999999999999,1.8,0.9363792118010483,2.0,0.8507628030744757,1.58,0.82562227530368
full,LightGBM,Oily,0,rank,proportional,0.0,0.9999999999999999,0.1,0.9266360779006398,0.25,0.8490654202408343,1.08,0.872464412764609
full,LightGBM,Oily,0,rank,MMR,1.0,0.6843515475204854,2.5,0.5919268187287084,2.65,0.662958853713535,3.6,0.7396036213804965
full,LightGBM,Oily,0,rank,FAIR_prefix,4.8,0.9999999999999999,4.6,0.9305687780632227,3.7,0.8489371047387557,3.64,0.8405168025223584
full,LightGBM,Oily,0,rank,proposed,0.0,0.9999999999999999,0.0,0.9216017310213245,0.0,0.9146541443265142,0.0,0.9237293407633799
dense,LightGBM,Oily,1,minmax,relevance_only,9.4,0.9999999999999999,10.2,0.9266360779006398,10.8,0.952653320122114,10.06,0.9141833878480569
dense,LightGBM,Oily,1,minmax,hard_filter,9.4,0.9999999999999999,10.2,0.9266360779006398,10.8,0.952653320122114,10.06,0.9141833878480569
dense,LightGBM,Oily,1,minmax,proportional,3.0,0.8539316501572934,3.4,0.7624164915943118,3.9,0.813233869757697,5.2,0.8240195554501711
dense,LightGBM,Oily,1,minmax,MMR,9.0,0.8539316501572934,7.9,0.8389574121760602,7.85,0.7858174360446004,8.34,0.7796242991437146
dense,LightGBM,Oily,1,minmax,FAIR_prefix,9.4,0.9999999999999999,10.2,0.9266360779006398,10.8,0.952653320122114,10.06,0.9141833878480569
dense,LightGBM,Oily,1,minmax,proposed,3.2,0.8687949224876581,3.4,0.7778721720600672,3.9,0.8202896646747003,4.32,0.7553575149763795
dense,LightGBM,Oily,1,rank,relevance_only,9.4,0.9999999999999999,10.2,0.9266360779006398,10.8,0.952653320122114,10.06,0.9141833878480569
dense,LightGBM,Oily,1,rank,hard_filter,9.4,0.9999999999999999,10.2,0.9266360779006398,10.8,0.952653320122114,10.06,0.9141833878480569
dense,LightGBM,Oily,1,rank,proportional,4.0,0.9999999999999999,5.3,0.8630152897016883,5.9,0.8760845308268108,7.4,0.8716872109896064
dense,LightGBM,Oily,1,rank,MMR,7.8,0.9999999999999999,7.3,0.8482378089219645,8.6,0.902057637147497,9.22,0.8720051853033085
dense,LightGBM,Oily,1,rank,FAIR_prefix,9.4,0.9999999999999999,10.2,0.9266360779006398,10.8,0.952653320122114,10.06,0.9141833878480569
dense,LightGBM,Oily,1,rank,proposed,3.8,0.9999999999999999,3.7,0.8482378089219645,4.15,0.8300007140821838,4.32,0.7590782142933009
full,LightGBM,Oily,1,minmax,relevance_only,4.8,0.9999999999999999,3.4,1.0,2.6,0.8927637896777387,4.44,0.9118550238361641
full,LightGBM,Oily,1,minmax,hard_filter,1.8,0.9999999999999999,1.3,0.933745776545611,1.35,0.886822427240447,1.12,0.8935899723339977
full,LightGBM,Oily,1,minmax,proportional,0.0,0.9999999999999999,0.0,1.0,0.0,0.9665625086152865,0.02,0.9326009743550283
full,LightGBM,Oily,1,minmax,MMR,0.8,0.9999999999999999,1.3,0.933745776545611,1.4,0.84689769111545,3.24,0.8425243720328744
full,LightGBM,Oily,1,minmax,FAIR_prefix,4.8,0.9999999999999999,3.4,1.0,2.6,0.8927637896777387,3.74,0.8974930056716136
full,LightGBM,Oily,1,minmax,proposed,0.0,0.9999999999999999,0.0,1.0,0.0,0.9665625086152865,0.0,0.9326009743550283
full,LightGBM,Oily,1,rank,relevance_only,4.8,0.9999999999999999,3.4,1.0,2.6,0.8927637896777387,4.44,0.9118550238361641
full,LightGBM,Oily,1,rank,hard_filter,1.8,0.9999999999999999,1.3,0.933745776545611,1.35,0.886822427240447,1.12,0.8935899723339977
full,LightGBM,Oily,1,rank,proportional,0.0,0.9999999999999999,0.3,1.0,0.5,0.9275523895786345,0.68,0.871758987607422
full,LightGBM,Oily,1,rank,MMR,3.6,0.9999999999999999,2.6,1.0,2.65,0.9671350294324228,3.9,0.8877220543861698
full,LightGBM,Oily,1,rank,FAIR_prefix,4.8,0.9999999999999999,3.4,1.0,2.6,0.8927637896777387,3.74,0.8974930056716136
full,LightGBM,Oily,1,rank,proposed,0.0,0.9999999999999999,0.0,1.0,0.0,0.9665625086152865,0.0,0.9326009743550283
dense,LightGBM,Oily,2,minmax,relevance_only,8.8,0.9999999999999999,8.9,0.8630152897016883,8.5,0.8792562495869054,10.5,0.8751115257267293
dense,LightGBM,Oily,2,minmax,hard_filter,8.8,0.9999999999999999,8.9,0.8630152897016883,8.5,0.8792562495869054,10.5,0.8751115257267293
dense,LightGBM,Oily,2,minmax,proportional,3.0,0.9999999999999999,3.3,0.9266360779006398,3.5,0.8467240499691784,4.72,0.7936216530497623
dense,LightGBM,Oily,2,minmax,MMR,8.4,0.8687949224876581,9.1,0.772837825180752,8.0,0.7097085221194585,8.7,0.6930599679008863
dense,LightGBM,Oily,2,minmax,FAIR_prefix,8.8,0.9999999999999999,8.9,0.8630152897016883,8.5,0.8792562495869054,10.5,0.8751115257267293
dense,LightGBM,Oily,2,minmax,proposed,3.0,0.9999999999999999,3.5,0.8553475075669357,3.95,0.8693392541439066,4.06,0.7494240119695134
dense,LightGBM,Oily,2,rank,relevance_only,8.8,0.9999999999999999,8.9,0.8630152897016883,8.5,0.8792562495869054,10.5,0.8751115257267293
dense,LightGBM,Oily,2,rank,hard_filter,8.8,0.9999999999999999,8.9,0.8630152897016883,8.5,0.8792562495869054,10.5,0.8751115257267293
dense,LightGBM,Oily,2,rank,proportional,3.4,0.8539316501572934,4.6,0.8318477135310891,6.05,0.8914800047440823,7.24,0.8798096894741104
dense,LightGBM,Oily,2,rank,MMR,9.6,0.7227265726449517,9.9,0.750637296052051,10.2,0.8043192802494419,9.14,0.7727764695108272
dense,LightGBM,Oily,2,rank,FAIR_prefix,8.8,0.9999999999999999,8.9,0.8630152897016883,8.5,0.8792562495869054,10.5,0.8751115257267293
dense,LightGBM,Oily,2,rank,proposed,4.0,0.7860137352654724,4.0,0.7877736340270853,4.2,0.8275260230103565,4.06,0.7276226434833615
full,LightGBM,Oily,2,minmax,relevance_only,2.6,0.9999999999999999,2.8,1.0,3.7,0.9999999999999999,3.4,0.8824167686920336
full,LightGBM,Oily,2,minmax,hard_filter,1.8,0.9999999999999999,2.1,1.0,1.5,0.9999999999999999,1.34,0.8925863426360523
full,LightGBM,Oily,2,minmax,proportional,0.0,0.9999999999999999,0.0,1.0,0.0,0.8948449485768211,0.0,0.8987042846720169
full,LightGBM,Oily,2,minmax,MMR,2.2,0.8687949224876581,1.5,0.914856882358379,1.1,0.871992853487485,3.78,0.8256683670809525
full,LightGBM,Oily,2,minmax,FAIR_prefix,2.6,0.9999999999999999,2.8,1.0,3.35,0.9999999999999999,3.4,0.8830338405823973
full,LightGBM,Oily,2,minmax,proposed,0.0,0.9999999999999999,0.0,1.0,0.0,0.8948449485768211,0.0,0.8987042846720169
full,LightGBM,Oily,2,rank,relevance_only,2.6,0.9999999999999999,2.8,1.0,3.7,0.9999999999999999,3.4,0.8824167686920336
full,LightGBM,Oily,2,rank,hard_filter,1.8,0.9999999999999999,2.1,1.0,1.5,0.9999999999999999,1.34,0.8925863426360523
full,LightGBM,Oily,2,rank,proportional,0.2,0.9999999999999999,0.3,1.0,0.35,0.9671350294324228,0.82,0.9037236075993196
full,LightGBM,Oily,2,rank,MMR,2.0,0.9999999999999999,1.4,0.9266360779006398,3.55,0.8121366114351591,4.12,0.8411660592495339
full,LightGBM,Oily,2,rank,FAIR_prefix,2.6,0.9999999999999999,2.8,1.0,3.35,0.9999999999999999,3.4,0.8830338405823973
full,LightGBM,Oily,2,rank,proposed,0.0,0.9999999999999999,0.0,1.0,0.0,0.8948449485768211,0.0,0.8987042846720169
dense,LightGBM,Oily,3,minmax,relevance_only,8.0,0.9999999999999999,10.3,0.8572048559638626,11.05,0.8714883885319036,10.56,0.8435139884682691
dense,LightGBM,Oily,3,minmax,hard_filter,8.0,0.9999999999999999,10.3,0.8572048559638626,11.05,0.8714883885319036,10.56,0.8435139884682691
dense,LightGBM,Oily,3,minmax,proportional,3.0,0.8539316501572934,3.1,0.835780413693672,3.35,0.754558219175465,4.92,0.7598966850665757
dense,LightGBM,Oily,3,minmax,MMR,9.6,0.8539316501572934,9.3,0.8268133666517739,7.95,0.7054180824190118,8.48,0.703647515587334
dense,LightGBM,Oily,3,minmax,FAIR_prefix,8.0,0.9999999999999999,10.3,0.8572048559638626,11.05,0.8714883885319036,10.56,0.8435139884682691
dense,LightGBM,Oily,3,minmax,proposed,3.0,0.8539316501572934,3.2,0.7753366239771086,3.6,0.7839031320326402,4.18,0.7167248001803542
dense,LightGBM,Oily,3,rank,relevance_only,8.0,0.9999999999999999,10.3,0.8572048559638626,11.05,0.8714883885319036,10.56,0.8435139884682691
dense,LightGBM,Oily,3,rank,hard_filter,8.0,0.9999999999999999,10.3,0.8572048559638626,11.05,0.8714883885319036,10.56,0.8435139884682691
dense,LightGBM,Oily,3,rank,proportional,4.4,0.8687949224876581,4.8,0.84860265890399,6.0,0.8298454889916171,7.36,0.7895724577827617
dense,LightGBM,Oily,3,rank,MMR,9.4,0.8539316501572934,10.5,0.8389574121760602,10.55,0.7895193622275614,9.98,0.768630576018296
dense,LightGBM,Oily,3,rank,FAIR_prefix,8.0,0.9999999999999999,10.3,0.8572048559638626,11.05,0.8714883885319036,10.56,0.8435139884682691
dense,LightGBM,Oily,3,rank,proposed,3.8,0.9999999999999999,3.8,0.7859162856301584,4.0,0.7226193372295182,4.18,0.7182492789521203
full,LightGBM,Oily,3,minmax,relevance_only,6.2,0.7860137352654724,4.9,0.8611375561264455,4.65,0.8098567575647547,4.02,0.8344496429926123
full,LightGBM,Oily,3,minmax,hard_filter,1.8,0.6608397947263838,1.4,0.7799082337019198,1.05,0.750838429669831,1.2,0.8043384526085966
full,LightGBM,Oily,3,minmax,proportional,0.0,0.9999999999999999,0.0,1.0,0.0,0.9290137309766685,0.0,0.9004810951800618
full,LightGBM,Oily,3,minmax,MMR,2.4,0.9999999999999999,3.7,0.8553475075669357,3.35,0.7666595032462628,3.48,0.7356947756101474
full,LightGBM,Oily,3,minmax,FAIR_prefix,2.6,0.6608397947263838,3.0,0.7799082337019198,2.9,0.8216036723778037,3.32,0.807997450461906
full,LightGBM,Oily,3,minmax,proposed,0.0,0.9999999999999999,0.0,1.0,0.0,0.9290137309766685,0.0,0.9004810951800618
full,LightGBM,Oily,3,rank,relevance_only,6.2,0.7860137352654724,4.9,0.8611375561264455,4.65,0.8098567575647547,4.02,0.8344496429926123
full,LightGBM,Oily,3,rank,hard_filter,1.8,0.6608397947263838,1.4,0.7799082337019198,1.05,0.750838429669831,1.2,0.8043384526085966
full,LightGBM,Oily,3,rank,proportional,0.4,0.8304198973631918,0.3,0.8899541168509599,0.4,0.8273018646607431,0.92,0.8577917497641122
full,LightGBM,Oily,3,rank,MMR,1.4,0.9999999999999999,3.2,0.8701249883466594,3.05,0.847807927622088,3.3,0.8076219253642034
full,LightGBM,Oily,3,rank,FAIR_prefix,2.6,0.6608397947263838,3.0,0.7799082337019198,2.9,0.8216036723778037,3.32,0.807997450461906
full,LightGBM,Oily,3,rank,proposed,0.0,0.9999999999999999,0.0,1.0,0.0,0.9290137309766685,0.0,0.9004810951800618
dense,LightGBM,Oily,4,minmax,relevance_only,9.0,0.6608397947263838,9.3,0.7136540102475308,9.65,0.6729218308546662,9.76,0.7733531220640928
dense,LightGBM,Oily,4,minmax,hard_filter,9.0,0.6608397947263838,9.3,0.7136540102475308,9.65,0.6729218308546662,9.76,0.7733531220640928
dense,LightGBM,Oily,4,minmax,proportional,3.0,0.9999999999999999,3.4,0.8701249883466594,3.65,0.8509796463821826,4.9,0.8433075403030877
dense,LightGBM,Oily,4,minmax,MMR,9.8,0.529634717214042,8.6,0.6253338941235215,8.7,0.6513229961618434,9.46,0.7336146926876426
dense,LightGBM,Oily,4,minmax,FAIR_prefix,9.0,0.6608397947263838,9.3,0.7136540102475308,9.65,0.6729218308546662,9.76,0.7733531220640928
dense,LightGBM,Oily,4,minmax,proposed,3.2,0.9999999999999999,3.5,0.8643145546088338,3.9,0.8760767558947579,4.22,0.8555684335803316
dense,LightGBM,Oily,4,rank,relevance_only,9.0,0.6608397947263838,9.3,0.7136540102475308,9.65,0.6729218308546662,9.76,0.7733531220640928
dense,LightGBM,Oily,4,rank,hard_filter,9.0,0.6608397947263838,9.3,0.7136540102475308,9.65,0.6729218308546662,9.76,0.7733531220640928
dense,LightGBM,Oily,4,rank,proportional,3.8,0.9999999999999999,5.1,0.8553475075669357,5.35,0.8286402992891528,7.2,0.8322612038772041
dense,LightGBM,Oily,4,rank,MMR,10.4,0.5147714448836773,8.9,0.685119869332369,9.0,0.6495596812109964,9.7,0.7326935540066294
dense,LightGBM,Oily,4,rank,FAIR_prefix,9.0,0.6608397947263838,9.3,0.7136540102475308,9.65,0.6729218308546662,9.76,0.7733531220640928
dense,LightGBM,Oily,4,rank,proposed,3.8,0.9999999999999999,4.5,0.8521705090845473,4.2,0.8649746063678954,4.26,0.8500884259187655
full,LightGBM,Oily,4,minmax,relevance_only,3.4,0.6164336326286642,2.6,0.7510916729774054,3.0,0.8059252015951144,3.62,0.8339697549436227
full,LightGBM,Oily,4,minmax,hard_filter,0.2,0.7860137352654724,0.7,0.8611375561264455,1.15,0.8730759624302118,1.04,0.8570154566533866
full,LightGBM,Oily,4,minmax,proportional,0.0,0.6608397947263838,0.0,0.7799082337019198,0.0,0.8579599603663426,0.0,0.9224669929889917
full,LightGBM,Oily,4,minmax,MMR,4.6,0.8539316501572934,3.3,0.8389574121760602,3.35,0.7881107517771567,3.72,0.8064708109731608
full,LightGBM,Oily,4,minmax,FAIR_prefix,3.4,0.639945385422766,2.6,0.7663491917568948,3.0,0.815146425162642,2.84,0.8414307937704808
full,LightGBM,Oily,4,minmax,proposed,0.0,0.6608397947263838,0.0,0.7799082337019198,0.0,0.8579599603663426,0.0,0.9224669929889917
full,LightGBM,Oily,4,rank,relevance_only,3.4,0.6164336326286642,2.6,0.7510916729774054,3.0,0.8059252015951144,3.62,0.8339697549436227
full,LightGBM,Oily,4,rank,hard_filter,0.2,0.7860137352654724,0.7,0.8611375561264455,1.15,0.8730759624302118,1.04,0.8570154566533866
full,LightGBM,Oily,4,rank,proportional,0.0,0.6608397947263838,0.2,0.7799082337019198,0.5,0.8250949897987655,1.0,0.8741978842905487
full,LightGBM,Oily,4,rank,MMR,1.2,0.9999999999999999,5.0,0.8643145546088338,4.5,0.7989173287536837,4.12,0.8125809384417572
full,LightGBM,Oily,4,rank,FAIR_prefix,3.4,0.639945385422766,2.6,0.7663491917568948,3.0,0.815146425162642,2.84,0.8414307937704808
full,LightGBM,Oily,4,rank,proposed,0.0,0.6608397947263838,0.0,0.7799082337019198,0.0,0.8579599603663426,0.0,0.9224669929889917
dense,LightGBM,Oily,5,minmax,relevance_only,11.2,0.9999999999999999,10.3,0.9216017310213245,9.35,0.9494043170253827,9.3,0.8524536248418293
dense,LightGBM,Oily,5,minmax,hard_filter,11.2,0.9999999999999999,10.3,0.9216017310213245,9.35,0.9494043170253827,9.3,0.8524536248418293
dense,LightGBM,Oily,5,minmax,proportional,3.0,0.9999999999999999,3.3,0.9305687780632227,3.45,0.8043688909022706,4.64,0.7438835362550467
dense,LightGBM,Oily,5,minmax,MMR,7.2,0.6164336326286642,8.2,0.6064391805443411,7.05,0.6410868038572889,7.84,0.6983262568929791
dense,LightGBM,Oily,5,minmax,FAIR_prefix,11.2,0.9999999999999999,10.3,0.9216017310213245,9.35,0.9494043170253827,9.3,0.8524536248418293
dense,LightGBM,Oily,5,minmax,proposed,3.0,0.9999999999999999,3.5,0.8701249883466594,3.8,0.7730670014681662,4.18,0.7729908786929077
dense,LightGBM,Oily,5,rank,relevance_only,11.2,0.9999999999999999,10.3,0.9216017310213245,9.35,0.9494043170253827,9.3,0.8524536248418293
dense,LightGBM,Oily,5,rank,hard_filter,11.2,0.9999999999999999,10.3,0.9216017310213245,9.35,0.9494043170253827,9.3,0.8524536248418293
dense,LightGBM,Oily,5,rank,proportional,4.2,0.8304198973631918,4.3,0.8899541168509599,4.85,0.8227470409610542,7.26,0.7881714541257754
dense,LightGBM,Oily,5,rank,MMR,7.6,0.9999999999999999,7.4,1.0,8.25,0.8211834582933124,8.18,0.8236865088432999
dense,LightGBM,Oily,5,rank,FAIR_prefix,11.2,0.9999999999999999,10.3,0.9216017310213245,9.35,0.9494043170253827,9.3,0.8524536248418293
dense,LightGBM,Oily,5,rank,proposed,4.2,0.8304198973631918,4.0,0.8899541168509599,4.2,0.8162241022631042,4.24,0.7496819778877313
full,LightGBM,Oily,5,minmax,relevance_only,4.4,0.9999999999999999,4.9,0.9305687780632227,3.25,0.9551913563983281,3.36,0.9122088867426567
full,LightGBM,Oily,5,minmax,hard_filter,0.4,0.8687949224876581,0.7,0.914856882358379,1.1,0.8786501485237117,0.98,0.8909509315287257
full,LightGBM,Oily,5,minmax,proportional,0.0,0.9999999999999999,0.0,1.0,0.0,0.9671350294324228,0.0,0.9206537986552028
full,LightGBM,Oily,5,minmax,MMR,0.6,0.9999999999999999,3.0,0.8701249883466594,2.3,0.8777982699326965,3.14,0.8274175947953324
full,LightGBM,Oily,5,minmax,FAIR_prefix,3.2,0.9999999999999999,2.7,0.9216017310213245,3.25,0.9494043170253827,3.14,0.9085591129085564
full,LightGBM,Oily,5,minmax,proposed,0.0,0.9999999999999999,0.0,1.0,0.0,0.9671350294324228,0.0,0.9206537986552028
full,LightGBM,Oily,5,rank,relevance_only,4.4,0.9999999999999999,4.9,0.9305687780632227,3.25,0.9551913563983281,3.36,0.9122088867426567
full,LightGBM,Oily,5,rank,hard_filter,0.4,0.8687949224876581,0.7,0.914856882358379,1.1,0.8786501485237117,0.98,0.8909509315287257
full,LightGBM,Oily,5,rank,proportional,0.0,0.9999999999999999,0.2,0.9363792118010483,0.25,0.9589412206131108,0.74,0.9009042246197878
full,LightGBM,Oily,5,rank,MMR,1.4,0.9999999999999999,1.6,1.0,2.45,0.9626932496335552,3.3,0.8785104151780602
full,LightGBM,Oily,5,rank,FAIR_prefix,3.2,0.9999999999999999,2.7,0.9216017310213245,3.25,0.9494043170253827,3.14,0.9085591129085564
full,LightGBM,Oily,5,rank,proposed,0.0,0.9999999999999999,0.0,1.0,0.0,0.9671350294324228,0.0,0.9206537986552028
dense,LightGBM,Oily,6,minmax,relevance_only,9.8,0.9999999999999999,10.9,0.933745776545611,11.05,0.884794077063603,10.46,0.8641680843911551
dense,LightGBM,Oily,6,minmax,hard_filter,9.8,0.9999999999999999,10.9,0.933745776545611,11.05,0.884794077063603,10.46,0.8641680843911551
dense,LightGBM,Oily,6,minmax,proportional,3.0,0.6164336326286642,3.1,0.6154062275862391,3.3,0.7189307662955474,4.42,0.7075110767314029
dense,LightGBM,Oily,6,minmax,MMR,9.6,0.8687949224876581,7.8,0.7720617383222416,6.85,0.7408274109712756,8.08,0.749193404041684
dense,LightGBM,Oily,6,minmax,FAIR_prefix,9.8,0.9999999999999999,10.9,0.933745776545611,11.05,0.884794077063603,10.46,0.8641680843911551
dense,LightGBM,Oily,6,minmax,proposed,3.0,0.6164336326286642,3.3,0.6777277508780453,3.7,0.7547092627354973,4.08,0.6989482871368365
dense,LightGBM,Oily,6,rank,relevance_only,9.8,0.9999999999999999,10.9,0.933745776545611,11.05,0.884794077063603,10.46,0.8641680843911551
dense,LightGBM,Oily,6,rank,hard_filter,9.8,0.9999999999999999,10.9,0.933745776545611,11.05,0.884794077063603,10.46,0.8641680843911551
dense,LightGBM,Oily,6,rank,proportional,4.0,0.639945385422766,4.9,0.6929852696575346,5.45,0.8018627175407388,7.14,0.8143811007127678
dense,LightGBM,Oily,6,rank,MMR,7.8,0.8304198973631918,8.5,0.8165901947515998,8.95,0.8096739421011501,8.78,0.7642359123323588
dense,LightGBM,Oily,6,rank,FAIR_prefix,9.8,0.9999999999999999,10.9,0.933745776545611,11.05,0.884794077063603,10.46,0.8641680843911551
dense,LightGBM,Oily,6,rank,proposed,4.0,0.6843515475204854,4.4,0.7167674835027338,4.15,0.7497105181898264,4.14,0.700340974393316
full,LightGBM,Oily,6,minmax,relevance_only,1.4,0.9999999999999999,2.1,0.933745776545611,5.5,0.9572416874849684,4.6,0.8871795605228702
full,LightGBM,Oily,6,minmax,hard_filter,0.8,0.9999999999999999,1.1,0.9216017310213245,1.55,0.9494043170253827,1.4,0.9084670151085386
full,LightGBM,Oily,6,minmax,proportional,0.0,0.8687949224876581,0.0,0.914856882358379,0.0,0.945051411928014,0.0,0.9079703999383089
full,LightGBM,Oily,6,minmax,MMR,1.0,0.69921481985085,1.1,0.5836175861945261,1.55,0.7312803856570107,2.72,0.7956642525739409
full,LightGBM,Oily,6,minmax,FAIR_prefix,1.4,0.9999999999999999,1.4,0.9266360779006398,3.65,0.952653320122114,3.94,0.8991563598702916
full,LightGBM,Oily,6,minmax,proposed,0.0,0.8687949224876581,0.0,0.914856882358379,0.0,0.945051411928014,0.0,0.9079703999383089
full,LightGBM,Oily,6,rank,relevance_only,1.4,0.9999999999999999,2.1,0.933745776545611,5.5,0.9572416874849684,4.6,0.8871795605228702
full,LightGBM,Oily,6,rank,hard_filter,0.8,0.9999999999999999,1.1,0.9216017310213245,1.55,0.9494043170253827,1.4,0.9084670151085386
full,LightGBM,Oily,6,rank,proportional,0.0,0.8687949224876581,0.2,0.914856882358379,0.55,0.945051411928014,1.08,0.8960258305225277
full,LightGBM,Oily,6,rank,MMR,1.8,0.6164336326286642,4.2,0.6777277508780453,3.4,0.7565060031935277,4.0,0.77571925137203
full,LightGBM,Oily,6,rank,FAIR_prefix,1.4,0.9999999999999999,1.4,0.9266360779006398,3.65,0.952653320122114,3.94,0.8991563598702916
full,LightGBM,Oily,6,rank,proposed,0.0,0.8687949224876581,0.0,0.914856882358379,0.0,0.945051411928014,0.0,0.9079703999383089
dense,LightGBM,Oily,7,minmax,relevance_only,7.4,0.8539316501572934,8.5,0.7631925784528222,8.7,0.7813964397274288,9.86,0.7575857044916152
dense,LightGBM,Oily,7,minmax,hard_filter,7.4,0.8539316501572934,8.5,0.7631925784528222,8.7,0.7813964397274288,9.86,0.7575857044916152
dense,LightGBM,Oily,7,minmax,proportional,3.0,0.8539316501572934,3.2,0.7624164915943118,3.7,0.7078050610715303,4.62,0.7216309418755359
dense,LightGBM,Oily,7,minmax,MMR,4.8,0.5531464700081437,7.8,0.7100226348397881,7.4,0.6728041147526184,8.76,0.7305196104139128
dense,LightGBM,Oily,7,minmax,FAIR_prefix,7.4,0.8539316501572934,8.5,0.7631925784528222,8.7,0.7813964397274288,9.86,0.7575857044916152
dense,LightGBM,Oily,7,minmax,proposed,3.2,0.7227265726449517,3.3,0.7538142945344393,3.9,0.7367966291716852,4.14,0.7357022223357845
dense,LightGBM,Oily,7,rank,relevance_only,7.4,0.8539316501572934,8.5,0.7631925784528222,8.7,0.7813964397274288,9.86,0.7575857044916152
dense,LightGBM,Oily,7,rank,hard_filter,7.4,0.8539316501572934,8.5,0.7631925784528222,8.7,0.7813964397274288,9.86,0.7575857044916152
dense,LightGBM,Oily,7,rank,proportional,4.2,0.7860137352654724,4.7,0.7254521107352793,5.5,0.719206544361218,6.94,0.7264257800270453
dense,LightGBM,Oily,7,rank,MMR,8.2,0.8687949224876581,7.2,0.706583601726363,8.95,0.7733318866850316,8.96,0.695492549012645
dense,LightGBM,Oily,7,rank,FAIR_prefix,7.4,0.8539316501572934,8.5,0.7631925784528222,8.7,0.7813964397274288,9.86,0.7575857044916152
dense,LightGBM,Oily,7,rank,proposed,3.8,0.7860137352654724,4.2,0.7917063341896682,4.15,0.723332679400367,4.18,0.7433131092490819
full,LightGBM,Oily,7,minmax,relevance_only,6.6,0.7860137352654724,4.2,0.7827392871477701,4.2,0.7908395285289116,3.3,0.8389671468141751
full,LightGBM,Oily,7,minmax,hard_filter,1.4,0.7860137352654724,1.6,0.8611375561264455,1.35,0.8385605832465601,0.88,0.8380094951487379
full,LightGBM,Oily,7,minmax,proportional,0.0,0.9999999999999999,0.0,0.9363792118010483,0.0,0.9216344702466662,0.0,0.8937561603450248
full,LightGBM,Oily,7,minmax,MMR,3.8,0.8687949224876581,3.1,0.7702043899253147,2.8,0.7424313078677853,3.18,0.7410683424182997
full,LightGBM,Oily,7,minmax,FAIR_prefix,2.8,0.7860137352654724,3.6,0.8611375561264455,2.95,0.8401225301893737,2.6,0.8215950820753468
full,LightGBM,Oily,7,minmax,proposed,0.0,0.9999999999999999,0.0,0.9363792118010483,0.0,0.9216344702466662,0.0,0.8937561603450248
full,LightGBM,Oily,7,rank,relevance_only,6.6,0.7860137352654724,4.2,0.7827392871477701,4.2,0.7908395285289116,3.3,0.8389671468141751
full,LightGBM,Oily,7,rank,hard_filter,1.4,0.7860137352654724,1.6,0.8611375561264455,1.35,0.8385605832465601,0.88,0.8380094951487379
full,LightGBM,Oily,7,rank,proportional,0.2,0.9999999999999999,0.2,1.0,0.35,0.8895584387693037,0.76,0.8634184611696704
full,LightGBM,Oily,7,rank,MMR,1.4,0.8539316501572934,2.7,0.7753366239771086,1.9,0.7780817752977873,3.9,0.7731135386785764
full,LightGBM,Oily,7,rank,FAIR_prefix,2.8,0.7860137352654724,3.6,0.8611375561264455,2.95,0.8401225301893737,2.6,0.8215950820753468
full,LightGBM,Oily,7,rank,proposed,0.0,0.9999999999999999,0.0,0.9363792118010483,0.0,0.9216344702466662,0.0,0.8937561603450248
dense,LightGBM,Oily,8,minmax,relevance_only,8.0,0.9999999999999999,9.5,1.0,9.1,0.8967157691879015,9.46,0.8698913418155875
dense,LightGBM,Oily,8,minmax,hard_filter,8.0,0.9999999999999999,9.5,1.0,9.1,0.8967157691879015,9.46,0.8698913418155875
dense,LightGBM,Oily,8,minmax,proportional,3.0,0.9999999999999999,3.1,0.8006937664098821,3.75,0.7995079665994544,5.14,0.8158681848689412
dense,LightGBM,Oily,8,minmax,MMR,7.8,0.639945385422766,8.1,0.7027284035579431,7.45,0.7370441573443283,9.0,0.7029325845975685
dense,LightGBM,Oily,8,minmax,FAIR_prefix,8.0,0.9999999999999999,9.5,1.0,9.1,0.8967157691879015,9.46,0.8698913418155875
dense,LightGBM,Oily,8,minmax,proposed,3.0,0.9999999999999999,3.1,0.8006937664098821,3.95,0.767786364615128,4.22,0.7264252084096172
dense,LightGBM,Oily,8,rank,relevance_only,8.0,0.9999999999999999,9.5,1.0,9.1,0.8967157691879015,9.46,0.8698913418155875
dense,LightGBM,Oily,8,rank,hard_filter,8.0,0.9999999999999999,9.5,1.0,9.1,0.8967157691879015,9.46,0.8698913418155875
dense,LightGBM,Oily,8,rank,proportional,3.6,0.9999999999999999,4.7,0.9363792118010483,5.15,0.8931654380800776,7.4,0.8809157833888803
dense,LightGBM,Oily,8,rank,MMR,8.2,0.9999999999999999,6.7,1.0,9.3,0.8196274307420125,9.7,0.8562268897260471
dense,LightGBM,Oily,8,rank,FAIR_prefix,8.0,0.9999999999999999,9.5,1.0,9.1,0.8967157691879015,9.46,0.8698913418155875
dense,LightGBM,Oily,8,rank,proposed,4.2,0.9999999999999999,3.9,0.8630152897016883,4.05,0.8062907514535586,4.22,0.7312090318775656
full,LightGBM,Oily,8,minmax,relevance_only,3.2,0.6608397947263838,5.9,0.7799082337019198,4.0,0.8579599603663426,3.62,0.8749878600364146
full,LightGBM,Oily,8,minmax,hard_filter,0.8,0.6608397947263838,1.3,0.7799082337019198,1.2,0.7891468154114916,1.04,0.8702358463390315
full,LightGBM,Oily,8,minmax,proportional,0.0,0.9999999999999999,0.0,0.9266360779006398,0.0,0.952653320122114,0.0,0.9438364248836216
full,LightGBM,Oily,8,minmax,MMR,4.8,0.34519134224686926,3.2,0.4966757172046536,4.3,0.5379828167660226,3.9,0.7018934230542707
full,LightGBM,Oily,8,minmax,FAIR_prefix,1.8,0.6608397947263838,2.7,0.7799082337019198,2.95,0.8579599603663426,3.02,0.8742724767563861
full,LightGBM,Oily,8,minmax,proposed,0.0,0.9999999999999999,0.0,0.9266360779006398,0.0,0.952653320122114,0.0,0.9438364248836216
full,LightGBM,Oily,8,rank,relevance_only,3.2,0.6608397947263838,5.9,0.7799082337019198,4.0,0.8579599603663426,3.62,0.8749878600364146
full,LightGBM,Oily,8,rank,hard_filter,0.8,0.6608397947263838,1.3,0.7799082337019198,1.2,0.7891468154114916,1.04,0.8702358463390315
full,LightGBM,Oily,8,rank,proportional,0.2,0.9999999999999999,0.4,0.8701249883466594,0.4,0.9161829080980792,0.9,0.9246763785137678
full,LightGBM,Oily,8,rank,MMR,0.8,0.5147714448836773,2.3,0.6188656458779801,3.15,0.7540283324732793,3.34,0.7597425123981035
full,LightGBM,Oily,8,rank,FAIR_prefix,1.8,0.6608397947263838,2.7,0.7799082337019198,2.95,0.8579599603663426,3.02,0.8742724767563861
full,LightGBM,Oily,8,rank,proposed,0.0,0.9999999999999999,0.0,0.9266360779006398,0.0,0.952653320122114,0.0,0.9438364248836216
dense,LightGBM,Oily,9,minmax,relevance_only,9.4,0.7860137352654724,9.3,0.7877736340270853,10.65,0.7893729945637873,11.08,0.75286227976014
dense,LightGBM,Oily,9,minmax,hard_filter,9.4,0.7860137352654724,9.3,0.7877736340270853,10.65,0.7893729945637873,11.08,0.75286227976014
dense,LightGBM,Oily,9,minmax,proportional,3.0,0.7227265726449517,3.2,0.7467045958894681,3.5,0.6884971385624289,5.02,0.7435392526224829
dense,LightGBM,Oily,9,minmax,MMR,9.0,0.5531464700081437,8.1,0.568003577662161,7.65,0.5778745335450848,8.64,0.6628777046824864
dense,LightGBM,Oily,9,minmax,FAIR_prefix,9.4,0.7860137352654724,9.3,0.7877736340270853,10.65,0.7893729945637873,11.08,0.75286227976014
dense,LightGBM,Oily,9,minmax,proposed,3.0,0.7227265726449517,3.5,0.6086182388744239,3.65,0.6745982303119453,4.18,0.7044687492411131
dense,LightGBM,Oily,9,rank,relevance_only,9.4,0.7860137352654724,9.3,0.7877736340270853,10.65,0.7893729945637873,11.08,0.75286227976014
dense,LightGBM,Oily,9,rank,hard_filter,9.4,0.7860137352654724,9.3,0.7877736340270853,10.65,0.7893729945637873,11.08,0.75286227976014
dense,LightGBM,Oily,9,rank,proportional,3.6,0.6164336326286642,4.6,0.6212166613240647,6.0,0.7221081096931938,7.9,0.7579243165839216
dense,LightGBM,Oily,9,rank,MMR,10.2,0.6164336326286642,9.7,0.6114735274236563,9.7,0.5707260401338101,9.82,0.6609674882045766
dense,LightGBM,Oily,9,rank,FAIR_prefix,9.4,0.7860137352654724,9.3,0.7877736340270853,10.65,0.7893729945637873,11.08,0.75286227976014
dense,LightGBM,Oily,9,rank,proposed,3.6,0.6164336326286642,4.0,0.608296528941268,4.0,0.67027955207801,4.18,0.6845134014547095
full,LightGBM,Oily,9,minmax,relevance_only,4.2,0.9999999999999999,5.3,0.9266360779006398,4.65,0.9179031474232454,5.02,0.9110762221061671
full,LightGBM,Oily,9,minmax,hard_filter,1.4,0.9999999999999999,1.7,1.0,1.45,0.9999999999999999,1.44,0.9404305484604755
full,LightGBM,Oily,9,minmax,proportional,0.0,0.9999999999999999,0.0,1.0,0.0,0.9999999999999999,0.02,0.9552215484063128
full,LightGBM,Oily,9,minmax,MMR,0.4,0.9999999999999999,1.5,0.8553475075669357,2.35,0.7686259825195955,3.46,0.7959496717630791
full,LightGBM,Oily,9,minmax,FAIR_prefix,4.2,0.9999999999999999,3.2,0.9305687780632227,3.55,0.9551913563983281,3.52,0.9298978348375293
full,LightGBM,Oily,9,minmax,proposed,0.0,0.9999999999999999,0.0,1.0,0.0,0.9999999999999999,0.0,0.9552215484063128
full,LightGBM,Oily,9,rank,relevance_only,4.2,0.9999999999999999,5.3,0.9266360779006398,4.65,0.9179031474232454,5.02,0.9110762221061671
full,LightGBM,Oily,9,rank,hard_filter,1.4,0.9999999999999999,1.7,1.0,1.45,0.9999999999999999,1.44,0.9404305484604755
full,LightGBM,Oily,9,rank,proportional,0.0,0.9999999999999999,0.1,1.0,0.45,0.9999999999999999,1.16,0.9273049365062566
full,LightGBM,Oily,9,rank,MMR,1.0,0.8539316501572934,1.4,0.9052116356304493,3.1,0.7615334329914348,4.34,0.7811387954962808
full,LightGBM,Oily,9,rank,FAIR_prefix,4.2,0.9999999999999999,3.2,0.9305687780632227,3.55,0.9551913563983281,3.52,0.9298978348375293
full,LightGBM,Oily,9,rank,proposed,0.0,0.9999999999999999,0.0,1.0,0.0,0.9999999999999999,0.0,0.9552215484063128
dense,LightGBM,Sensitive,0,minmax,relevance_only,13.6,0.8539316501572934,12.8,0.9052116356304493,10.9,0.8892200476630947,10.94,0.8381230650423159
dense,LightGBM,Sensitive,0,minmax,hard_filter,13.6,0.8539316501572934,12.8,0.9052116356304493,10.9,0.8892200476630947,10.94,0.8381230650423159
dense,LightGBM,Sensitive,0,minmax,proportional,3.4,0.9999999999999999,3.3,0.9363792118010483,4.05,0.8875714979906837,6.02,0.8324149244893596
dense,LightGBM,Sensitive,0,minmax,MMR,12.8,0.7860137352654724,8.7,0.7948833326720566,8.75,0.6892532608521534,9.16,0.6917080938451337
dense,LightGBM,Sensitive,0,minmax,FAIR_prefix,13.6,0.8539316501572934,12.8,0.9052116356304493,10.9,0.9053891932372545,10.94,0.8382558955389071
dense,LightGBM,Sensitive,0,minmax,proposed,3.4,0.9999999999999999,3.6,1.0,3.9,0.8908059507797875,4.2,0.7909825089087078
dense,LightGBM,Sensitive,0,rank,relevance_only,13.6,0.8539316501572934,12.8,0.9052116356304493,10.9,0.8892200476630947,10.94,0.8381230650423159
dense,LightGBM,Sensitive,0,rank,hard_filter,13.6,0.8539316501572934,12.8,0.9052116356304493,10.9,0.8892200476630947,10.94,0.8381230650423159
dense,LightGBM,Sensitive,0,rank,proportional,3.4,0.9999999999999999,4.8,1.0,5.25,0.92875039126704,7.24,0.8244286543645667
dense,LightGBM,Sensitive,0,rank,MMR,12.8,0.7860137352654724,9.4,0.7975167679274938,8.3,0.7270441164131226,9.5,0.717444681598824
dense,LightGBM,Sensitive,0,rank,FAIR_prefix,13.6,0.8539316501572934,12.8,0.9052116356304493,10.9,0.9053891932372545,10.94,0.8382558955389071
dense,LightGBM,Sensitive,0,rank,proposed,4.0,0.9999999999999999,3.8,0.9266360779006398,4.0,0.8855648562749256,4.14,0.7881381415779782
full,LightGBM,Sensitive,0,minmax,relevance_only,2.2,0.9999999999999999,3.0,1.0,2.95,0.9219942947788013,3.26,0.8677676477529135
full,LightGBM,Sensitive,0,minmax,hard_filter,2.2,0.9999999999999999,1.5,0.9363792118010483,0.95,0.9193201535572952,0.8,0.8221299791325054
full,LightGBM,Sensitive,0,minmax,proportional,0.0,0.8687949224876581,0.0,0.8364586133797036,0.0,0.8580994409648581,0.06,0.8131719793761784
full,LightGBM,Sensitive,0,minmax,MMR,0.4,0.9999999999999999,0.9,0.7909506325094736,1.75,0.6933108000405491,2.48,0.7131158668932627
full,LightGBM,Sensitive,0,minmax,FAIR_prefix,2.2,0.9999999999999999,3.0,1.0,2.95,0.9219942947788013,3.26,0.8676669684445593
full,LightGBM,Sensitive,0,minmax,proposed,0.0,0.8687949224876581,0.0,0.8364586133797036,0.0,0.8580994409648581,0.0,0.8129713808752179
full,LightGBM,Sensitive,0,rank,relevance_only,2.2,0.9999999999999999,3.0,1.0,2.95,0.9219942947788013,3.26,0.8677676477529135
full,LightGBM,Sensitive,0,rank,hard_filter,2.2,0.9999999999999999,1.5,0.9363792118010483,0.95,0.9193201535572952,0.8,0.8221299791325054
full,LightGBM,Sensitive,0,rank,proportional,0.0,0.8687949224876581,0.1,0.8364586133797036,0.25,0.8603927566974144,0.5,0.8065126897765027
full,LightGBM,Sensitive,0,rank,MMR,0.4,0.8539316501572934,4.2,0.7655934900767002,3.35,0.7791487100646539,2.66,0.7257316991234484
full,LightGBM,Sensitive,0,rank,FAIR_prefix,2.2,0.9999999999999999,3.0,1.0,2.95,0.9219942947788013,3.26,0.8676669684445593
full,LightGBM,Sensitive,0,rank,proposed,0.0,0.8687949224876581,0.0,0.8364586133797036,0.0,0.8580994409648581,0.0,0.8129713808752179
dense,LightGBM,Sensitive,1,minmax,relevance_only,12.4,0.9999999999999999,10.9,1.0,11.45,0.9275139623766072,9.66,0.9022038280809388
dense,LightGBM,Sensitive,1,minmax,hard_filter,12.4,0.9999999999999999,10.9,1.0,11.45,0.9275139623766072,9.66,0.9022038280809388
dense,LightGBM,Sensitive,1,minmax,proportional,3.6,0.9999999999999999,3.4,0.9305687780632227,4.05,0.9551913563983281,5.1,0.8278426453610922
dense,LightGBM,Sensitive,1,minmax,MMR,11.0,0.8539316501572934,10.1,0.7753366239771086,8.45,0.7169895707292917,8.96,0.7242984231791594
dense,LightGBM,Sensitive,1,minmax,FAIR_prefix,12.4,0.9999999999999999,10.9,1.0,11.45,0.9275139623766072,9.66,0.9022038280809388
dense,LightGBM,Sensitive,1,minmax,proposed,3.8,0.9999999999999999,4.0,1.0,4.0,0.9616153618346169,4.06,0.8011134506713727
dense,LightGBM,Sensitive,1,rank,relevance_only,12.4,0.9999999999999999,10.9,1.0,11.45,0.9275139623766072,9.66,0.9022038280809388
dense,LightGBM,Sensitive,1,rank,hard_filter,12.4,0.9999999999999999,10.9,1.0,11.45,0.9275139623766072,9.66,0.9022038280809388
dense,LightGBM,Sensitive,1,rank,proportional,4.4,0.9999999999999999,4.4,1.0,4.7,0.9263159606882018,7.22,0.9140553571728083
dense,LightGBM,Sensitive,1,rank,MMR,10.4,0.9999999999999999,10.7,0.9216017310213245,8.8,0.8396115290355456,9.02,0.7470784558685336
dense,LightGBM,Sensitive,1,rank,FAIR_prefix,12.4,0.9999999999999999,10.9,1.0,11.45,0.9275139623766072,9.66,0.9022038280809388
dense,LightGBM,Sensitive,1,rank,proposed,4.4,0.9999999999999999,4.1,1.0,4.05,0.9644899900915855,4.06,0.8025778244457402
full,LightGBM,Sensitive,1,minmax,relevance_only,1.8,0.9999999999999999,6.4,0.9363792118010483,3.6,0.8842002944591891,3.38,0.8922500537050891
full,LightGBM,Sensitive,1,minmax,hard_filter,1.8,0.9999999999999999,1.3,0.7967610662472993,1.0,0.8688362282201936,0.94,0.8529594775427007
full,LightGBM,Sensitive,1,minmax,proportional,0.0,0.69921481985085,0.0,0.7264127302306636,0.0,0.7893727368805858,0.16,0.8246678112694114
full,LightGBM,Sensitive,1,minmax,MMR,0.8,0.8687949224876581,0.7,0.7849818707050383,2.55,0.7191753002383039,2.76,0.7256696667346162
full,LightGBM,Sensitive,1,minmax,FAIR_prefix,1.8,0.9999999999999999,4.6,0.933745776545611,3.6,0.8803138700627082,3.38,0.890128636597932
full,LightGBM,Sensitive,1,minmax,proposed,0.0,0.69921481985085,0.0,0.7264127302306636,0.0,0.7893727368805858,0.0,0.8381176711694502
full,LightGBM,Sensitive,1,rank,relevance_only,1.8,0.9999999999999999,6.4,0.9363792118010483,3.6,0.8842002944591891,3.38,0.8922500537050891
full,LightGBM,Sensitive,1,rank,hard_filter,1.8,0.9999999999999999,1.3,0.7967610662472993,1.0,0.8688362282201936,0.94,0.8529594775427007
full,LightGBM,Sensitive,1,rank,proportional,0.0,0.69921481985085,0.1,0.7264127302306636,0.25,0.8234357091365682,0.74,0.8272240359760374
full,LightGBM,Sensitive,1,rank,MMR,1.0,0.7860137352654724,1.3,0.643121141594021,3.1,0.6645269860059433,3.3,0.7400629489266113
full,LightGBM,Sensitive,1,rank,FAIR_prefix,1.8,0.9999999999999999,4.6,0.933745776545611,3.6,0.8803138700627082,3.38,0.890128636597932
full,LightGBM,Sensitive,1,rank,proposed,0.0,0.69921481985085,0.0,0.7264127302306636,0.0,0.7893727368805858,0.0,0.8381176711694502
dense,LightGBM,Sensitive,2,minmax,relevance_only,13.6,0.9999999999999999,12.1,1.0,10.7,0.8913551792273341,10.28,0.8519165784295553
dense,LightGBM,Sensitive,2,minmax,hard_filter,13.6,0.9999999999999999,12.1,1.0,10.7,0.8913551792273341,10.28,0.8519165784295553
dense,LightGBM,Sensitive,2,minmax,proportional,3.2,0.9999999999999999,3.4,1.0,4.45,0.9298282790659782,6.12,0.8455446907984321
dense,LightGBM,Sensitive,2,minmax,MMR,8.0,0.8304198973631918,7.5,0.7503359712972109,9.1,0.768614805182971,9.6,0.7375748577757939
dense,LightGBM,Sensitive,2,minmax,FAIR_prefix,13.6,0.9999999999999999,12.1,1.0,10.7,0.8913551792273341,10.28,0.8519165784295553
dense,LightGBM,Sensitive,2,minmax,proposed,3.2,0.9999999999999999,3.7,1.0,4.1,0.9999999999999999,4.18,0.8354211059767832
dense,LightGBM,Sensitive,2,rank,relevance_only,13.6,0.9999999999999999,12.1,1.0,10.7,0.8913551792273341,10.28,0.8519165784295553
dense,LightGBM,Sensitive,2,rank,hard_filter,13.6,0.9999999999999999,12.1,1.0,10.7,0.8913551792273341,10.28,0.8519165784295553
dense,LightGBM,Sensitive,2,rank,proportional,3.8,0.9999999999999999,4.2,0.9363792118010483,5.5,0.8881969788619527,7.82,0.8817354405095588
dense,LightGBM,Sensitive,2,rank,MMR,7.8,0.6843515475204854,9.2,0.7951657524814092,8.55,0.7257476450173499,9.88,0.7411568655001128
dense,LightGBM,Sensitive,2,rank,FAIR_prefix,13.6,0.9999999999999999,12.1,1.0,10.7,0.8913551792273341,10.28,0.8519165784295553
dense,LightGBM,Sensitive,2,rank,proposed,3.8,0.9999999999999999,4.0,1.0,4.2,0.9999999999999999,4.18,0.8351746212004618
full,LightGBM,Sensitive,2,minmax,relevance_only,0.8,0.8539316501572934,2.4,0.9052116356304493,3.8,0.8322543823730031,2.32,0.8037528496650727
full,LightGBM,Sensitive,2,minmax,hard_filter,0.8,0.8539316501572934,0.8,0.8415908474314976,0.6,0.8259016073381259,0.84,0.7960467204296098
full,LightGBM,Sensitive,2,minmax,proportional,0.0,0.8304198973631918,0.0,0.8205228949141826,0.0,0.8513063660139224,0.06,0.8298681162813695
full,LightGBM,Sensitive,2,minmax,MMR,4.6,0.8304198973631918,2.4,0.6816808362189439,2.35,0.6854383253900925,2.52,0.6363700720071321
full,LightGBM,Sensitive,2,minmax,FAIR_prefix,0.8,0.8539316501572934,2.4,0.9052116356304493,3.8,0.8322543823730031,2.32,0.8037528496650727
full,LightGBM,Sensitive,2,minmax,proposed,0.0,0.8304198973631918,0.0,0.8205228949141826,0.0,0.8513063660139224,0.0,0.8572741156686305
full,LightGBM,Sensitive,2,rank,relevance_only,0.8,0.8539316501572934,2.4,0.9052116356304493,3.8,0.8322543823730031,2.32,0.8037528496650727
full,LightGBM,Sensitive,2,rank,hard_filter,0.8,0.8539316501572934,0.8,0.8415908474314976,0.6,0.8259016073381259,0.84,0.7960467204296098
full,LightGBM,Sensitive,2,rank,proportional,0.0,0.8304198973631918,0.0,0.8205228949141826,0.15,0.817868874629209,0.48,0.8080510678861873
full,LightGBM,Sensitive,2,rank,MMR,0.2,0.639945385422766,1.1,0.6332971816211658,0.9,0.6233977865602454,2.06,0.6618162115989535
full,LightGBM,Sensitive,2,rank,FAIR_prefix,0.8,0.8539316501572934,2.4,0.9052116356304493,3.8,0.8322543823730031,2.32,0.8037528496650727
full,LightGBM,Sensitive,2,rank,proposed,0.0,0.8304198973631918,0.0,0.8205228949141826,0.0,0.8513063660139224,0.0,0.8572741156686305
dense,LightGBM,Sensitive,3,minmax,relevance_only,10.6,0.9999999999999999,10.8,1.0,10.9,0.9275139623766072,10.1,0.8867015423801636
dense,LightGBM,Sensitive,3,minmax,hard_filter,10.6,0.9999999999999999,10.8,1.0,10.9,0.9275139623766072,10.1,0.8867015423801636
dense,LightGBM,Sensitive,3,minmax,proportional,3.0,0.9999999999999999,3.3,1.0,4.1,0.9644899900915855,5.5,0.8889789490697485
dense,LightGBM,Sensitive,3,minmax,MMR,9.8,0.8687949224876581,9.4,0.706583601726363,9.4,0.8106386370514763,10.04,0.7610972377621485
dense,LightGBM,Sensitive,3,minmax,FAIR_prefix,10.6,0.9999999999999999,10.8,1.0,10.9,0.9275139623766072,10.1,0.8867015423801636
dense,LightGBM,Sensitive,3,minmax,proposed,3.0,0.9999999999999999,3.3,1.0,3.75,0.9644899900915855,4.14,0.8322227504420164
dense,LightGBM,Sensitive,3,rank,relevance_only,10.6,0.9999999999999999,10.8,1.0,10.9,0.9275139623766072,10.1,0.8867015423801636
dense,LightGBM,Sensitive,3,rank,hard_filter,10.6,0.9999999999999999,10.8,1.0,10.9,0.9275139623766072,10.1,0.8867015423801636
dense,LightGBM,Sensitive,3,rank,proportional,3.0,0.9999999999999999,3.9,1.0,5.0,0.9329115361528115,6.92,0.8915636638701853
dense,LightGBM,Sensitive,3,rank,MMR,9.8,0.8539316501572934,10.6,0.7682269253321374,9.65,0.8140649373686545,9.88,0.7805842287994404
dense,LightGBM,Sensitive,3,rank,FAIR_prefix,10.6,0.9999999999999999,10.8,1.0,10.9,0.9275139623766072,10.1,0.8867015423801636
dense,LightGBM,Sensitive,3,rank,proposed,3.2,0.9999999999999999,3.6,1.0,4.0,0.9626932496335552,4.1,0.8451160570232363
full,LightGBM,Sensitive,3,minmax,relevance_only,2.4,0.9999999999999999,1.8,1.0,1.95,0.9665625086152865,1.74,0.9343518655574307
full,LightGBM,Sensitive,3,minmax,hard_filter,2.4,0.9999999999999999,1.8,1.0,1.2,0.9659370277440174,0.72,0.9193642478434405
full,LightGBM,Sensitive,3,minmax,proportional,0.0,0.9999999999999999,0.0,1.0,0.0,0.8946031504111511,0.12,0.8565883454446231
full,LightGBM,Sensitive,3,minmax,MMR,1.0,0.6548086577531306,1.3,0.49118023727106,0.7,0.5656230093803036,2.7,0.6525632142059403
full,LightGBM,Sensitive,3,minmax,FAIR_prefix,2.4,0.9999999999999999,1.8,1.0,1.95,0.9665625086152865,1.74,0.9343518655574307
full,LightGBM,Sensitive,3,minmax,proposed,0.0,0.9999999999999999,0.0,1.0,0.0,0.8946031504111511,0.0,0.8560736107694977
full,LightGBM,Sensitive,3,rank,relevance_only,2.4,0.9999999999999999,1.8,1.0,1.95,0.9665625086152865,1.74,0.9343518655574307
full,LightGBM,Sensitive,3,rank,hard_filter,2.4,0.9999999999999999,1.8,1.0,1.2,0.9659370277440174,0.72,0.9193642478434405
full,LightGBM,Sensitive,3,rank,proportional,0.0,0.9999999999999999,0.1,1.0,0.2,0.9292557582488418,0.58,0.9138204348096399
full,LightGBM,Sensitive,3,rank,MMR,2.4,0.4703652827859579,1.2,0.5779050396291793,2.1,0.6214737993058832,2.44,0.6723637530683709
full,LightGBM,Sensitive,3,rank,FAIR_prefix,2.4,0.9999999999999999,1.8,1.0,1.95,0.9665625086152865,1.74,0.9343518655574307
full,LightGBM,Sensitive,3,rank,proposed,0.0,0.9999999999999999,0.0,1.0,0.0,0.8946031504111511,0.0,0.8560736107694977
dense,LightGBM,Sensitive,4,minmax,relevance_only,15.2,0.8539316501572934,10.5,0.9052116356304493,10.5,0.8677202239345607,11.16,0.865039337182272
dense,LightGBM,Sensitive,4,minmax,hard_filter,15.2,0.8539316501572934,10.5,0.9052116356304493,10.5,0.8677202239345607,11.16,0.865039337182272
dense,LightGBM,Sensitive,4,minmax,proportional,3.0,0.9999999999999999,3.5,1.0,3.8,0.8951756712282875,5.62,0.8226048110632235
dense,LightGBM,Sensitive,4,minmax,MMR,11.2,0.7227265726449517,9.2,0.684383072597662,9.7,0.7265173610600267,9.7,0.7228542252367128
dense,LightGBM,Sensitive,4,minmax,FAIR_prefix,15.2,0.8539316501572934,10.5,0.9052116356304493,10.5,0.8677202239345607,11.16,0.865039337182272
dense,LightGBM,Sensitive,4,minmax,proposed,3.4,0.9999999999999999,3.5,1.0,3.65,0.9280406417958645,4.22,0.8101553501590165
dense,LightGBM,Sensitive,4,rank,relevance_only,15.2,0.8539316501572934,10.5,0.9052116356304493,10.5,0.8677202239345607,11.16,0.865039337182272
dense,LightGBM,Sensitive,4,rank,hard_filter,15.2,0.8539316501572934,10.5,0.9052116356304493,10.5,0.8677202239345607,11.16,0.865039337182272
dense,LightGBM,Sensitive,4,rank,proportional,3.4,0.9999999999999999,4.3,0.9363792118010483,4.95,0.8870749227161577,7.62,0.8638636172352584
dense,LightGBM,Sensitive,4,rank,MMR,11.2,0.69921481985085,9.9,0.7353797772725615,9.7,0.7208095374556616,9.36,0.7409227599562314
dense,LightGBM,Sensitive,4,rank,FAIR_prefix,15.2,0.8539316501572934,10.5,0.9052116356304493,10.5,0.8677202239345607,11.16,0.865039337182272
dense,LightGBM,Sensitive,4,rank,proposed,3.8,0.9999999999999999,3.8,1.0,3.65,0.9292770706862972,4.16,0.7977480449652823
full,LightGBM,Sensitive,4,minmax,relevance_only,1.8,0.9999999999999999,2.8,1.0,2.6,0.963643712011461,2.68,0.9221985446004018
full,LightGBM,Sensitive,4,minmax,hard_filter,1.8,0.9999999999999999,1.2,1.0,1.0,0.9626932496335552,0.86,0.8785273547839203
full,LightGBM,Sensitive,4,minmax,proportional,0.0,0.9999999999999999,0.0,0.9216017310213245,0.0,0.8836285344923497,0.08,0.9061745173162278
full,LightGBM,Sensitive,4,minmax,MMR,4.4,0.8304198973631918,2.5,0.7600791051976192,2.4,0.7721043298407216,2.94,0.7662325397401357
full,LightGBM,Sensitive,4,minmax,FAIR_prefix,1.8,0.9999999999999999,2.8,1.0,2.6,0.963643712011461,2.68,0.9221985446004018
full,LightGBM,Sensitive,4,minmax,proposed,0.0,0.9999999999999999,0.0,0.9216017310213245,0.0,0.8836285344923497,0.0,0.9058656020201812
full,LightGBM,Sensitive,4,rank,relevance_only,1.8,0.9999999999999999,2.8,1.0,2.6,0.963643712011461,2.68,0.9221985446004018
full,LightGBM,Sensitive,4,rank,hard_filter,1.8,0.9999999999999999,1.2,1.0,1.0,0.9626932496335552,0.86,0.8785273547839203
full,LightGBM,Sensitive,4,rank,proportional,0.0,0.9999999999999999,0.1,0.9266360779006398,0.25,0.952653320122114,0.78,0.88524128615689
full,LightGBM,Sensitive,4,rank,MMR,1.0,0.9999999999999999,3.2,0.9216017310213245,2.75,0.917066025877063,2.06,0.8501902633336526
full,LightGBM,Sensitive,4,rank,FAIR_prefix,1.8,0.9999999999999999,2.8,1.0,2.6,0.963643712011461,2.68,0.9221985446004018
full,LightGBM,Sensitive,4,rank,proposed,0.0,0.9999999999999999,0.0,0.9216017310213245,0.0,0.8836285344923497,0.0,0.9058656020201812
dense,LightGBM,Sensitive,5,minmax,relevance_only,11.2,0.9999999999999999,11.9,1.0,12.75,0.9323848567335543,11.56,0.9175714193717436
dense,LightGBM,Sensitive,5,minmax,hard_filter,11.2,0.9999999999999999,11.9,1.0,12.75,0.9323848567335543,11.56,0.9175714193717436
dense,LightGBM,Sensitive,5,minmax,proportional,3.4,0.7860137352654724,4.1,0.8611375561264455,4.3,0.8780444216483366,6.06,0.8094645355137627
dense,LightGBM,Sensitive,5,minmax,MMR,15.0,0.8687949224876581,10.1,0.84860265890399,11.05,0.8310434906800225,9.96,0.7443527587951752
dense,LightGBM,Sensitive,5,minmax,FAIR_prefix,11.2,0.9999999999999999,11.9,1.0,12.75,0.9323848567335543,11.56,0.9175714193717436
dense,LightGBM,Sensitive,5,minmax,proposed,4.2,0.7860137352654724,4.4,0.8611375561264455,4.05,0.8769452214119431,4.2,0.6912724300090451
dense,LightGBM,Sensitive,5,rank,relevance_only,11.2,0.9999999999999999,11.9,1.0,12.75,0.9323848567335543,11.56,0.9175714193717436
dense,LightGBM,Sensitive,5,rank,hard_filter,11.2,0.9999999999999999,11.9,1.0,12.75,0.9323848567335543,11.56,0.9175714193717436
dense,LightGBM,Sensitive,5,rank,proportional,5.4,0.9999999999999999,5.3,0.9216017310213245,5.6,0.9120975666589382,7.88,0.8613744681718376
dense,LightGBM,Sensitive,5,rank,MMR,12.4,0.8687949224876581,10.4,0.8512360941594274,10.65,0.800867479366265,9.54,0.7602093233116185
dense,LightGBM,Sensitive,5,rank,FAIR_prefix,11.2,0.9999999999999999,11.9,1.0,12.75,0.9323848567335543,11.56,0.9175714193717436
dense,LightGBM,Sensitive,5,rank,proposed,5.2,0.9999999999999999,4.4,0.9266360779006398,4.1,0.8855648562749256,4.2,0.7128245391887024
full,LightGBM,Sensitive,5,minmax,relevance_only,0.8,0.639945385422766,2.2,0.6969179698201174,3.45,0.7696505811180844,3.18,0.7977350349141025
full,LightGBM,Sensitive,5,minmax,hard_filter,0.8,0.639945385422766,1.0,0.6929852696575346,0.9,0.7322176760259744,0.9,0.7618233760136859
full,LightGBM,Sensitive,5,minmax,proportional,0.0,0.49125969208957565,0.0,0.5964984284535196,0.0,0.739593260671628,0.12,0.7210979999156294
full,LightGBM,Sensitive,5,minmax,MMR,0.8,0.8687949224876581,0.8,0.7034066032439746,2.0,0.7757233353972591,3.02,0.7889706002231865
full,LightGBM,Sensitive,5,minmax,FAIR_prefix,0.8,0.639945385422766,2.2,0.6969179698201174,3.45,0.7696505811180844,3.18,0.7977350349141025
full,LightGBM,Sensitive,5,minmax,proposed,0.0,0.49125969208957565,0.0,0.5964984284535196,0.0,0.739593260671628,0.0,0.7346259170670248
full,LightGBM,Sensitive,5,rank,relevance_only,0.8,0.639945385422766,2.2,0.6969179698201174,3.45,0.7696505811180844,3.18,0.7977350349141025
full,LightGBM,Sensitive,5,rank,hard_filter,0.8,0.639945385422766,1.0,0.6929852696575346,0.9,0.7322176760259744,0.9,0.7618233760136859
full,LightGBM,Sensitive,5,rank,proportional,0.0,0.49125969208957565,0.1,0.5302442049991306,0.25,0.6968349481565966,0.68,0.7272370203828334
full,LightGBM,Sensitive,5,rank,MMR,1.2,0.4852285551163225,0.9,0.4447551423209716,2.5,0.6076001261976848,3.24,0.7048155430701281
full,LightGBM,Sensitive,5,rank,FAIR_prefix,0.8,0.639945385422766,2.2,0.6969179698201174,3.45,0.7696505811180844,3.18,0.7977350349141025
full,LightGBM,Sensitive,5,rank,proposed,0.0,0.49125969208957565,0.0,0.5964984284535196,0.0,0.739593260671628,0.0,0.7346259170670248
dense,LightGBM,Sensitive,6,minmax,relevance_only,9.8,0.7860137352654724,12.4,0.8611375561264455,13.0,0.8038104105476915,10.96,0.8323112078018964
dense,LightGBM,Sensitive,6,minmax,hard_filter,9.8,0.7860137352654724,12.4,0.8611375561264455,13.0,0.8038104105476915,10.96,0.8323112078018964
dense,LightGBM,Sensitive,6,minmax,proportional,3.2,0.9999999999999999,3.6,1.0,4.85,0.9616153618346169,6.28,0.8742256396963888
dense,LightGBM,Sensitive,6,minmax,MMR,13.6,0.8539316501572934,12.3,0.9052116356304493,10.55,0.7576958262259096,10.22,0.7763205043887145
dense,LightGBM,Sensitive,6,minmax,FAIR_prefix,9.8,0.7860137352654724,12.4,0.8611375561264455,13.0,0.8038104105476915,10.96,0.8323112078018964
dense,LightGBM,Sensitive,6,minmax,proposed,3.4,0.9999999999999999,3.6,1.0,4.05,0.9659370277440174,4.22,0.7742501270944748
dense,LightGBM,Sensitive,6,rank,relevance_only,9.8,0.7860137352654724,12.4,0.8611375561264455,13.0,0.8038104105476915,10.96,0.8323112078018964
dense,LightGBM,Sensitive,6,rank,hard_filter,9.8,0.7860137352654724,12.4,0.8611375561264455,13.0,0.8038104105476915,10.96,0.8323112078018964
dense,LightGBM,Sensitive,6,rank,proportional,4.4,0.8687949224876581,3.9,0.914856882358379,5.6,0.9121864413604369,7.68,0.8753773767520778
dense,LightGBM,Sensitive,6,rank,MMR,9.8,0.8687949224876581,11.6,0.78180487222265,9.4,0.8218772385730085,10.56,0.751627755757561
dense,LightGBM,Sensitive,6,rank,FAIR_prefix,9.8,0.7860137352654724,12.4,0.8611375561264455,13.0,0.8038104105476915,10.96,0.8323112078018964
dense,LightGBM,Sensitive,6,rank,proposed,3.8,0.9999999999999999,3.6,1.0,4.05,0.9665625086152865,4.22,0.7744754309265975
full,LightGBM,Sensitive,6,minmax,relevance_only,3.6,0.9999999999999999,2.6,1.0,3.45,0.9269414415594709,3.28,0.8837798938776819
full,LightGBM,Sensitive,6,minmax,hard_filter,1.0,0.9999999999999999,1.3,1.0,1.05,0.9644899900915855,0.92,0.8567272347248921
full,LightGBM,Sensitive,6,minmax,proportional,0.0,0.9999999999999999,0.0,1.0,0.0,0.8934719910774394,0.04,0.8506020234136857
full,LightGBM,Sensitive,6,minmax,MMR,1.4,0.5531464700081437,3.4,0.5653701424067238,2.55,0.7195040812435048,2.86,0.7405391351064069
full,LightGBM,Sensitive,6,minmax,FAIR_prefix,3.6,0.9999999999999999,2.6,1.0,3.45,0.9269414415594709,3.28,0.8837798938776819
full,LightGBM,Sensitive,6,minmax,proposed,0.0,0.9999999999999999,0.0,1.0,0.0,0.8934719910774394,0.0,0.8501985841101869
full,LightGBM,Sensitive,6,rank,relevance_only,3.6,0.9999999999999999,2.6,1.0,3.45,0.9269414415594709,3.28,0.8837798938776819
full,LightGBM,Sensitive,6,rank,hard_filter,1.0,0.9999999999999999,1.3,1.0,1.05,0.9644899900915855,0.92,0.8567272347248921
full,LightGBM,Sensitive,6,rank,proportional,0.0,0.9999999999999999,0.1,1.0,0.1,0.9297398173927169,0.64,0.8679486333736162
full,LightGBM,Sensitive,6,rank,MMR,2.4,0.4703652827859579,2.4,0.5900490851534657,3.45,0.6226751871666973,3.32,0.7061095365562331
full,LightGBM,Sensitive,6,rank,FAIR_prefix,3.6,0.9999999999999999,2.6,1.0,3.45,0.9269414415594709,3.28,0.8837798938776819
full,LightGBM,Sensitive,6,rank,proposed,0.0,0.9999999999999999,0.0,1.0,0.0,0.8934719910774394,0.0,0.8501985841101869
dense,LightGBM,Sensitive,7,minmax,relevance_only,15.0,0.7860137352654724,12.2,0.8611375561264455,10.95,0.8740264248081178,9.84,0.8529153604370815
dense,LightGBM,Sensitive,7,minmax,hard_filter,15.0,0.7860137352654724,12.2,0.8611375561264455,10.95,0.8740264248081178,9.84,0.8529153604370815
dense,LightGBM,Sensitive,7,minmax,proportional,3.4,0.9999999999999999,3.5,1.0,4.2,0.9336975380477094,5.36,0.8431772309864364
dense,LightGBM,Sensitive,7,minmax,MMR,10.8,0.9999999999999999,8.7,0.933745776545611,7.85,0.8501201567884568,8.8,0.7817143116184135
dense,LightGBM,Sensitive,7,minmax,FAIR_prefix,15.0,0.7860137352654724,12.2,0.8611375561264455,10.95,0.8740264248081178,9.84,0.8530098009000885
dense,LightGBM,Sensitive,7,minmax,proposed,3.4,0.9999999999999999,3.5,1.0,4.25,0.9665625086152865,4.14,0.7613769425944478
dense,LightGBM,Sensitive,7,rank,relevance_only,15.0,0.7860137352654724,12.2,0.8611375561264455,10.95,0.8740264248081178,9.84,0.8529153604370815
dense,LightGBM,Sensitive,7,rank,hard_filter,15.0,0.7860137352654724,12.2,0.8611375561264455,10.95,0.8740264248081178,9.84,0.8529153604370815
dense,LightGBM,Sensitive,7,rank,proportional,3.8,0.9999999999999999,4.2,0.9363792118010483,5.35,0.8901280756582598,7.0,0.8541009663440391
dense,LightGBM,Sensitive,7,rank,MMR,10.4,0.9999999999999999,11.1,0.866947989864271,9.45,0.8422662791144859,8.5,0.7636699040486216
dense,LightGBM,Sensitive,7,rank,FAIR_prefix,15.0,0.7860137352654724,12.2,0.8611375561264455,10.95,0.8740264248081178,9.84,0.8530098009000885
dense,LightGBM,Sensitive,7,rank,proposed,3.8,0.9999999999999999,4.0,1.0,4.5,0.9659370277440174,4.16,0.7611144273455269
full,LightGBM,Sensitive,7,minmax,relevance_only,1.8,0.9999999999999999,3.0,1.0,2.65,0.9269414415594709,4.04,0.8701732811608702
full,LightGBM,Sensitive,7,minmax,hard_filter,1.8,0.9999999999999999,1.2,1.0,1.05,0.9652498273011313,1.02,0.86988539529982
full,LightGBM,Sensitive,7,minmax,proportional,0.0,0.9999999999999999,0.0,0.9266360779006398,0.0,0.839897442202047,0.1,0.8658709712755248
full,LightGBM,Sensitive,7,minmax,MMR,2.4,0.3391602052736161,1.2,0.4381081808305046,0.95,0.49762866344283074,2.4,0.6509167839335905
full,LightGBM,Sensitive,7,minmax,FAIR_prefix,1.8,0.9999999999999999,3.0,1.0,2.65,0.9269414415594709,4.04,0.8696705405046694
full,LightGBM,Sensitive,7,minmax,proposed,0.0,0.9999999999999999,0.0,0.9266360779006398,0.0,0.839897442202047,0.0,0.8520620641078158
full,LightGBM,Sensitive,7,rank,relevance_only,1.8,0.9999999999999999,3.0,1.0,2.65,0.9269414415594709,4.04,0.8701732811608702
full,LightGBM,Sensitive,7,rank,hard_filter,1.8,0.9999999999999999,1.2,1.0,1.05,0.9652498273011313,1.02,0.86988539529982
full,LightGBM,Sensitive,7,rank,proportional,0.0,0.9999999999999999,0.2,0.933745776545611,0.4,0.8914659049519352,0.56,0.879651856211079
full,LightGBM,Sensitive,7,rank,MMR,2.4,0.3391602052736161,1.7,0.5711601909662336,2.85,0.6148275784759581,2.76,0.668265660770875
full,LightGBM,Sensitive,7,rank,FAIR_prefix,1.8,0.9999999999999999,3.0,1.0,2.65,0.9269414415594709,4.04,0.8696705405046694
full,LightGBM,Sensitive,7,rank,proposed,0.0,0.9999999999999999,0.0,0.9266360779006398,0.0,0.839897442202047,0.0,0.8520620641078158
dense,LightGBM,Sensitive,8,minmax,relevance_only,11.6,0.9999999999999999,10.3,1.0,11.0,0.9999999999999999,10.68,0.8536005464953335
dense,LightGBM,Sensitive,8,minmax,hard_filter,11.6,0.9999999999999999,10.3,1.0,11.0,0.9999999999999999,10.68,0.8536005464953335
dense,LightGBM,Sensitive,8,minmax,proportional,3.4,0.9999999999999999,3.6,1.0,4.05,0.8846875444123568,5.36,0.7756683972001626
dense,LightGBM,Sensitive,8,minmax,MMR,8.2,0.7227265726449517,10.6,0.7538142945344393,9.55,0.7411663496201853,9.24,0.7075446521455777
dense,LightGBM,Sensitive,8,minmax,FAIR_prefix,11.6,0.9999999999999999,10.3,1.0,11.0,0.9999999999999999,10.68,0.8536455230153731
dense,LightGBM,Sensitive,8,minmax,proposed,3.4,0.9999999999999999,3.8,0.9363792118010483,4.05,0.8885219603685895,4.32,0.7452685460757563
dense,LightGBM,Sensitive,8,rank,relevance_only,11.6,0.9999999999999999,10.3,1.0,11.0,0.9999999999999999,10.68,0.8536005464953335
dense,LightGBM,Sensitive,8,rank,hard_filter,11.6,0.9999999999999999,10.3,1.0,11.0,0.9999999999999999,10.68,0.8536005464953335
dense,LightGBM,Sensitive,8,rank,proportional,3.8,0.9999999999999999,4.4,1.0,5.55,0.9644899900915855,7.3,0.8256722467226053
dense,LightGBM,Sensitive,8,rank,MMR,6.2,0.9999999999999999,9.0,0.8579809428223729,8.9,0.7999113256278271,9.0,0.7278101248040247
dense,LightGBM,Sensitive,8,rank,FAIR_prefix,11.6,0.9999999999999999,10.3,1.0,11.0,0.9999999999999999,10.68,0.8536455230153731
dense,LightGBM,Sensitive,8,rank,proposed,3.8,0.9999999999999999,4.1,1.0,4.15,0.8896346911930262,4.36,0.7323996835954595
full,LightGBM,Sensitive,8,minmax,relevance_only,1.2,0.6608397947263838,4.7,0.7799082337019198,3.75,0.8579599603663426,3.14,0.9053271797700765
full,LightGBM,Sensitive,8,minmax,hard_filter,1.2,0.6608397947263838,2.2,0.7799082337019198,1.35,0.8245224689816291,1.04,0.8616591885942935
full,LightGBM,Sensitive,8,minmax,proportional,0.0,0.6608397947263838,0.0,0.7104770117651424,0.0,0.8131513167646708,0.14,0.7913163197200934
full,LightGBM,Sensitive,8,minmax,MMR,0.4,0.5147714448836773,1.0,0.5423247252962317,1.75,0.6328091919586568,2.66,0.6958523012614091
full,LightGBM,Sensitive,8,minmax,FAIR_prefix,1.2,0.6608397947263838,4.7,0.7799082337019198,3.75,0.8579599603663426,3.14,0.9053271797700765
full,LightGBM,Sensitive,8,minmax,proposed,0.0,0.6608397947263838,0.0,0.7104770117651424,0.0,0.8131513167646708,0.0,0.7618625139140223
full,LightGBM,Sensitive,8,rank,relevance_only,1.2,0.6608397947263838,4.7,0.7799082337019198,3.75,0.8579599603663426,3.14,0.9053271797700765
full,LightGBM,Sensitive,8,rank,hard_filter,1.2,0.6608397947263838,2.2,0.7799082337019198,1.35,0.8245224689816291,1.04,0.8616591885942935
full,LightGBM,Sensitive,8,rank,proportional,0.0,0.6608397947263838,0.1,0.7136540102475308,0.35,0.815201647851311,0.74,0.8558140026194745
full,LightGBM,Sensitive,8,rank,MMR,1.4,0.49125969208957565,1.5,0.6036081270984908,1.25,0.7045605609786667,2.68,0.795946927411789
full,LightGBM,Sensitive,8,rank,FAIR_prefix,1.2,0.6608397947263838,4.7,0.7799082337019198,3.75,0.8579599603663426,3.14,0.9053271797700765
full,LightGBM,Sensitive,8,rank,proposed,0.0,0.6608397947263838,0.0,0.7104770117651424,0.0,0.8131513167646708,0.0,0.7618625139140223
dense,LightGBM,Sensitive,9,minmax,relevance_only,12.0,0.9999999999999999,9.7,0.933745776545611,9.6,0.8870699665509467,10.62,0.8618958869167757
dense,LightGBM,Sensitive,9,minmax,hard_filter,12.0,0.9999999999999999,9.7,0.933745776545611,9.6,0.8870699665509467,10.62,0.8618958869167757
dense,LightGBM,Sensitive,9,minmax,proportional,3.2,0.6608397947263838,3.6,0.7065443116025597,4.3,0.8106132804884567,6.14,0.7639887733755468
dense,LightGBM,Sensitive,9,minmax,MMR,6.8,0.7860137352654724,9.3,0.7191184989488184,9.4,0.7169157785744456,10.1,0.7086385256743846
dense,LightGBM,Sensitive,9,minmax,FAIR_prefix,12.0,0.9999999999999999,9.7,0.933745776545611,9.6,0.8870699665509467,10.62,0.8618958869167757
dense,LightGBM,Sensitive,9,minmax,proposed,3.6,0.6608397947263838,3.6,0.7015099647232445,4.0,0.8073642773917254,4.02,0.7316647862363468
dense,LightGBM,Sensitive,9,rank,relevance_only,12.0,0.9999999999999999,9.7,0.933745776545611,9.6,0.8870699665509467,10.62,0.8618958869167757
dense,LightGBM,Sensitive,9,rank,hard_filter,12.0,0.9999999999999999,9.7,0.933745776545611,9.6,0.8870699665509467,10.62,0.8618958869167757
dense,LightGBM,Sensitive,9,rank,proportional,3.6,0.6608397947263838,4.3,0.7104770117651424,5.3,0.7784011440658023,7.56,0.7916844661831166
dense,LightGBM,Sensitive,9,rank,MMR,6.4,0.639945385422766,8.3,0.6879509227782193,9.85,0.6562576450236403,10.12,0.7550518565883526
dense,LightGBM,Sensitive,9,rank,FAIR_prefix,12.0,0.9999999999999999,9.7,0.933745776545611,9.6,0.8870699665509467,10.62,0.8618958869167757
dense,LightGBM,Sensitive,9,rank,proposed,3.6,0.6608397947263838,3.8,0.7015099647232445,4.0,0.8073642773917254,4.02,0.7319077076773509
full,LightGBM,Sensitive,9,minmax,relevance_only,4.0,0.9999999999999999,2.0,0.9305687780632227,3.75,0.9551913563983281,3.24,0.8873333691577954
full,LightGBM,Sensitive,9,minmax,hard_filter,2.6,0.9999999999999999,1.3,0.9266360779006398,1.15,0.952653320122114,0.84,0.8664297395956466
full,LightGBM,Sensitive,9,minmax,proportional,0.0,0.8304198973631918,0.0,0.8899541168509599,0.0,0.8961150096155942,0.14,0.855261909343476
full,LightGBM,Sensitive,9,minmax,MMR,2.4,0.4703652827859579,1.5,0.5206178632166883,1.0,0.6175638630445637,2.26,0.6211650637407484
full,LightGBM,Sensitive,9,minmax,FAIR_prefix,4.0,0.9999999999999999,2.0,0.9305687780632227,3.75,0.9551913563983281,2.82,0.8874961591020385
full,LightGBM,Sensitive,9,minmax,proposed,0.0,0.8304198973631918,0.0,0.8899541168509599,0.0,0.8961150096155942,0.0,0.854617457556981
full,LightGBM,Sensitive,9,rank,relevance_only,4.0,0.9999999999999999,2.0,0.9305687780632227,3.75,0.9551913563983281,3.24,0.8873333691577954
full,LightGBM,Sensitive,9,rank,hard_filter,2.6,0.9999999999999999,1.3,0.9266360779006398,1.15,0.952653320122114,0.84,0.8664297395956466
full,LightGBM,Sensitive,9,rank,proportional,0.0,0.8304198973631918,0.1,0.8899541168509599,0.15,0.9289799801831712,0.74,0.8535977183778939
full,LightGBM,Sensitive,9,rank,MMR,1.6,0.8539316501572934,1.4,0.8268133666517739,2.85,0.7453024114098473,2.24,0.677737513731578
full,LightGBM,Sensitive,9,rank,FAIR_prefix,4.0,0.9999999999999999,2.0,0.9305687780632227,3.75,0.9551913563983281,2.82,0.8874961591020385
full,LightGBM,Sensitive,9,rank,proposed,0.0,0.8304198973631918,0.0,0.8899541168509599,0.0,0.8961150096155942,0.0,0.854617457556981
