skin,seed,fold,method,knob,burden,ndcg
Combination,0,0,rule,0.0,13.5,1.0
Combination,0,0,rule,0.15,10.9,1.0
Combination,0,0,rule,0.3,10.9,1.0
Combination,0,0,rule,0.6,7.2,0.9363792118010483
Combination,0,0,rule,1.0,6.5,0.9052116356304493
Combination,0,0,rule,1.5,4.5,0.8236998933965709
Combination,0,0,rule,2.5,4.0,0.8048109992093389
Combination,0,0,A_text_objective,0.5,11.2,0.8643145546088338
Combination,0,0,A_text_objective,1.0,10.5,0.9305687780632227
Combination,0,0,A_text_objective,2.0,10.7,0.84860265890399
Combination,0,0,A_text_objective,5.0,11.0,0.9052116356304493
Combination,0,0,A_text_objective,10.0,8.5,0.914856882358379
Combination,0,0,B_lambdamart,0.25,4.9,0.7670273914429263
Combination,0,0,B_lambdamart,0.5,14.7,0.4990267326507382
Combination,0,0,B_lambdamart,1.0,7.2,0.38898084950169814
Combination,0,0,B_lambdamart,2.0,6.8,0.6594803070902429
Combination,0,0,B_lambdamart,4.0,10.1,0.8268133666517739
Combination,0,0,C_nestedCV,0.1,3.9,0.7759944384848245
Combination,0,0,C_nestedCV,0.3,4.5,0.8236998933965709
Combination,0,0,C_nestedCV,0.5,6.5,0.9363792118010483
Combination,0,0,C_nestedCV,1.0,6.5,0.9363792118010483
Combination,0,0,C_nestedCV,2.0,8.2,1.0
Combination,0,0,C_nestedCV,4.0,10.9,1.0
Combination,0,0,D_attr_as_feature,0.25,14.5,0.6188656458779801
Combination,0,0,D_attr_as_feature,0.5,14.7,0.6214990811334173
Combination,0,0,D_attr_as_feature,1.0,14.3,0.7381919257729244
Combination,0,0,D_attr_as_feature,2.0,7.1,0.6975961695061491
Combination,0,0,D_attr_as_feature,4.0,11.9,0.568003577662161
Combination,0,1,rule,0.0,8.7,0.8899541168509599
Combination,0,1,rule,0.15,7.6,0.8611375561264455
Combination,0,1,rule,0.3,7.3,0.8611375561264455
Combination,0,1,rule,0.6,4.4,0.7948833326720566
Combination,0,1,rule,1.0,4.4,0.7015099647232445
Combination,0,1,rule,1.5,3.9,0.7015099647232445
Combination,0,1,rule,2.5,3.3,0.6156886473955917
Combination,0,1,A_text_objective,0.5,10.5,0.9216017310213245
Combination,0,1,A_text_objective,1.0,9.2,0.9305687780632227
Combination,0,1,A_text_objective,2.0,9.3,1.0
Combination,0,1,A_text_objective,5.0,10.2,0.8414929602590189
Combination,0,1,A_text_objective,10.0,9.0,0.9305687780632227
Combination,0,1,B_lambdamart,0.25,3.8,0.9052116356304493
Combination,0,1,B_lambdamart,0.5,7.6,0.7624164915943118
Combination,0,1,B_lambdamart,1.0,8.4,0.7065443116025597
Combination,0,1,B_lambdamart,2.0,5.2,0.39327839964630634
Combination,0,1,B_lambdamart,4.0,7.9,0.6578986223737447
Combination,0,1,C_nestedCV,0.1,3.2,0.6067216003536937
Combination,0,1,C_nestedCV,0.3,3.3,0.6067216003536937
Combination,0,1,C_nestedCV,0.5,3.6,0.6067216003536937
Combination,0,1,C_nestedCV,1.0,3.8,0.5590796706691326
Combination,0,1,C_nestedCV,2.0,5.5,0.7975167679274938
Combination,0,1,C_nestedCV,4.0,6.7,0.8611375561264455
Combination,0,1,D_attr_as_feature,0.25,15.7,1.0
Combination,0,1,D_attr_as_feature,0.5,13.8,0.5298982599625925
Combination,0,1,D_attr_as_feature,1.0,9.9,0.7097402150304355
Combination,0,1,D_attr_as_feature,2.0,5.4,0.46156868474254786
Combination,0,1,D_attr_as_feature,4.0,10.5,0.7503359712972109
Combination,0,2,rule,0.0,11.8,1.0
Combination,0,2,rule,0.15,11.1,1.0
Combination,0,2,rule,0.3,10.4,1.0
Combination,0,2,rule,0.6,8.9,0.9266360779006398
Combination,0,2,rule,1.0,6.0,0.8899541168509599
Combination,0,2,rule,1.5,4.7,0.7975167679274938
Combination,0,2,rule,2.5,4.0,0.7631925784528222
Combination,0,2,A_text_objective,0.5,12.9,1.0
Combination,0,2,A_text_objective,1.0,11.6,1.0
Combination,0,2,A_text_objective,2.0,10.8,1.0
Combination,0,2,A_text_objective,5.0,11.2,0.933745776545611
Combination,0,2,A_text_objective,10.0,10.1,0.9305687780632227
Combination,0,2,B_lambdamart,0.25,6.2,0.6618313225363276
Combination,0,2,B_lambdamart,0.5,11.0,1.0
Combination,0,2,B_lambdamart,1.0,10.9,1.0
Combination,0,2,B_lambdamart,2.0,8.0,0.8364586133797036
Combination,0,2,B_lambdamart,4.0,10.0,0.8200685179888283
Combination,0,2,C_nestedCV,0.1,4.1,0.8268133666517739
Combination,0,2,C_nestedCV,0.3,4.3,0.7162874455029681
Combination,0,2,C_nestedCV,0.5,5.0,0.8572048559638626
Combination,0,2,C_nestedCV,1.0,6.0,0.7564477297898765
Combination,0,2,C_nestedCV,2.0,6.0,0.7411902110103872
Combination,0,2,C_nestedCV,4.0,6.0,0.7411902110103872
Combination,0,2,D_attr_as_feature,0.25,11.7,0.6402900881481708
Combination,0,2,D_attr_as_feature,0.5,11.6,0.5806020001118019
Combination,0,2,D_attr_as_feature,1.0,10.0,0.6659485553357843
Combination,0,2,D_attr_as_feature,2.0,7.4,0.6553358834123096
Combination,0,2,D_attr_as_feature,4.0,10.0,0.6691255538181726
Combination,1,0,rule,0.0,13.4,0.933745776545611
Combination,1,0,rule,0.15,8.2,0.8701249883466594
Combination,1,0,rule,0.3,7.2,0.7885497208855956
Combination,1,0,rule,0.6,5.7,0.750637296052051
Combination,1,0,rule,1.0,4.1,0.7951657524814092
Combination,1,0,rule,1.5,4.1,0.7951657524814092
Combination,1,0,rule,2.5,3.7,0.6874708847784538
Combination,1,0,A_text_objective,0.5,12.1,0.9266360779006398
Combination,1,0,A_text_objective,1.0,10.0,0.8579809428223729
Combination,1,0,A_text_objective,2.0,9.6,0.8115558478722845
Combination,1,0,A_text_objective,5.0,8.7,0.7416702490101529
Combination,1,0,A_text_objective,10.0,11.6,0.933745776545611
Combination,1,0,B_lambdamart,0.25,4.9,0.7909506325094736
Combination,1,0,B_lambdamart,0.5,8.7,0.6235540477207573
Combination,1,0,B_lambdamart,1.0,11.9,0.606241562353928
Combination,1,0,B_lambdamart,2.0,8.3,0.791726719367984
Combination,1,0,B_lambdamart,4.0,9.6,0.7975167679274938
Combination,1,0,C_nestedCV,0.1,3.4,0.6212166613240647
Combination,1,0,C_nestedCV,0.3,3.5,0.7257345305446319
Combination,1,0,C_nestedCV,0.5,3.8,0.7257345305446319
Combination,1,0,C_nestedCV,1.0,4.2,0.7538142945344393
Combination,1,0,C_nestedCV,2.0,5.9,0.8482378089219645
Combination,1,0,C_nestedCV,4.0,5.9,0.8482378089219645
Combination,1,0,D_attr_as_feature,0.25,13.3,0.4966757172046536
Combination,1,0,D_attr_as_feature,0.5,9.2,0.6651928536555898
Combination,1,0,D_attr_as_feature,1.0,12.7,0.9100342589944143
Combination,1,0,D_attr_as_feature,2.0,10.1,1.0
Combination,1,0,D_attr_as_feature,4.0,10.4,0.6243301345792677
Combination,1,1,rule,0.0,10.7,0.9266360779006398
Combination,1,1,rule,0.15,8.4,0.914856882358379
Combination,1,1,rule,0.3,6.8,0.9216017310213245
Combination,1,1,rule,0.6,6.2,0.914856882358379
Combination,1,1,rule,1.0,5.6,0.8414929602590189
Combination,1,1,rule,1.5,4.2,0.8263333286520083
Combination,1,1,rule,2.5,3.7,0.7529694065526481
Combination,1,1,A_text_objective,0.5,11.4,1.0
Combination,1,1,A_text_objective,1.0,11.6,1.0
Combination,1,1,A_text_objective,2.0,7.4,0.8414929602590189
Combination,1,1,A_text_objective,5.0,10.2,1.0
Combination,1,1,A_text_objective,10.0,9.5,0.9363792118010483
Combination,1,1,B_lambdamart,0.25,5.2,0.5152880109744814
Combination,1,1,B_lambdamart,0.5,9.2,0.9363792118010483
Combination,1,1,B_lambdamart,1.0,9.9,0.914856882358379
Combination,1,1,B_lambdamart,2.0,6.9,0.5551469705065497
Combination,1,1,B_lambdamart,4.0,9.2,0.5551469705065497
Combination,1,1,C_nestedCV,0.1,3.8,0.750637296052051
Combination,1,1,C_nestedCV,0.3,3.8,0.7538142945344393
Combination,1,1,C_nestedCV,0.5,3.9,0.7564477297898765
Combination,1,1,C_nestedCV,1.0,5.3,0.9305687780632227
Combination,1,1,C_nestedCV,2.0,5.3,0.933745776545611
Combination,1,1,C_nestedCV,4.0,5.3,0.933745776545611
Combination,1,1,D_attr_as_feature,0.25,6.6,0.8701249883466594
Combination,1,1,D_attr_as_feature,0.5,10.5,0.8899541168509599
Combination,1,1,D_attr_as_feature,1.0,9.3,1.0
Combination,1,1,D_attr_as_feature,2.0,7.5,0.4346298575932762
Combination,1,1,D_attr_as_feature,4.0,5.2,0.7573821447149965
Combination,1,2,rule,0.0,12.5,1.0
Combination,1,2,rule,0.15,12.5,1.0
Combination,1,2,rule,0.3,9.6,0.933745776545611
Combination,1,2,rule,0.6,7.5,0.84860265890399
Combination,1,2,rule,1.0,5.1,0.8048109992093389
Combination,1,2,rule,1.5,3.6,0.7254521107352793
Combination,1,2,rule,2.5,3.6,0.7280855459907165
Combination,1,2,A_text_objective,0.5,8.5,0.6036081270984908
Combination,1,2,A_text_objective,1.0,11.3,0.8611375561264455
Combination,1,2,A_text_objective,2.0,13.2,1.0
Combination,1,2,A_text_objective,5.0,7.8,0.8263333286520083
Combination,1,2,A_text_objective,10.0,9.8,0.6500332220485792
Combination,1,2,B_lambdamart,0.25,14.2,0.7917063341896682
Combination,1,2,B_lambdamart,0.5,4.8,0.7791714369672127
Combination,1,2,B_lambdamart,1.0,9.1,0.7467045958894681
Combination,1,2,B_lambdamart,2.0,4.0,0.6447418490555271
Combination,1,2,B_lambdamart,4.0,8.3,0.3792377156012897
Combination,1,2,C_nestedCV,0.1,3.6,0.7280855459907165
Combination,1,2,C_nestedCV,0.3,3.7,0.7948833326720566
Combination,1,2,C_nestedCV,0.5,4.8,0.8899541168509599
Combination,1,2,C_nestedCV,1.0,4.8,0.8899541168509599
Combination,1,2,C_nestedCV,2.0,4.3,0.7975167679274938
Combination,1,2,C_nestedCV,4.0,4.3,0.7948833326720566
Combination,1,2,D_attr_as_feature,0.25,14.6,0.8115558478722845
Combination,1,2,D_attr_as_feature,0.5,10.3,0.7241528458281337
Combination,1,2,D_attr_as_feature,1.0,12.7,1.0
Combination,1,2,D_attr_as_feature,2.0,6.8,0.5330752584449809
Combination,1,2,D_attr_as_feature,4.0,12.5,0.7503359712972109
Combination,2,0,rule,0.0,12.8,1.0
Combination,2,0,rule,0.15,10.5,1.0
Combination,2,0,rule,0.3,9.6,1.0
Combination,2,0,rule,0.6,7.5,1.0
Combination,2,0,rule,1.0,5.5,1.0
Combination,2,0,rule,1.5,5.2,1.0
Combination,2,0,rule,2.5,3.5,0.9216017310213245
Combination,2,0,A_text_objective,0.5,9.9,0.9363792118010483
Combination,2,0,A_text_objective,1.0,8.4,0.9305687780632227
Combination,2,0,A_text_objective,2.0,9.2,0.8611375561264455
Combination,2,0,A_text_objective,5.0,10.6,1.0
Combination,2,0,A_text_objective,10.0,12.8,0.8701249883466594
Combination,2,0,B_lambdamart,0.25,3.8,0.6929852696575346
Combination,2,0,B_lambdamart,0.5,9.0,0.7702043899253147
Combination,2,0,B_lambdamart,1.0,13.4,0.8414929602590189
Combination,2,0,B_lambdamart,2.0,5.5,0.5119729624705678
Combination,2,0,B_lambdamart,4.0,11.0,0.6442227883107535
Combination,2,0,C_nestedCV,0.1,3.9,0.933745776545611
Combination,2,0,C_nestedCV,0.3,3.9,0.933745776545611
Combination,2,0,C_nestedCV,0.5,4.0,0.9363792118010483
Combination,2,0,C_nestedCV,1.0,4.4,1.0
Combination,2,0,C_nestedCV,2.0,5.9,1.0
Combination,2,0,C_nestedCV,4.0,9.6,1.0
Combination,2,0,D_attr_as_feature,0.25,15.0,0.8701249883466594
Combination,2,0,D_attr_as_feature,0.5,14.4,0.8643145546088338
Combination,2,0,D_attr_as_feature,1.0,12.4,0.7065632165480472
Combination,2,0,D_attr_as_feature,2.0,7.6,0.2816372027313761
Combination,2,0,D_attr_as_feature,4.0,8.9,0.7819835854675755
Combination,2,1,rule,0.0,11.6,1.0
Combination,2,1,rule,0.15,7.7,0.9363792118010483
Combination,2,1,rule,0.3,7.7,0.9266360779006398
Combination,2,1,rule,0.6,5.7,0.8389574121760602
Combination,2,1,rule,1.0,4.1,0.7573821447149965
Combination,2,1,rule,1.5,4.1,0.7416702490101529
Combination,2,1,rule,2.5,3.7,0.6754160255557639
Combination,2,1,A_text_objective,0.5,11.4,1.0
Combination,2,1,A_text_objective,1.0,11.2,0.9266360779006398
Combination,2,1,A_text_objective,2.0,10.5,0.9052116356304493
Combination,2,1,A_text_objective,5.0,9.9,0.791726719367984
Combination,2,1,A_text_objective,10.0,9.8,1.0
Combination,2,1,B_lambdamart,0.25,6.2,0.914856882358379
Combination,2,1,B_lambdamart,0.5,8.0,0.835780413693672
Combination,2,1,B_lambdamart,1.0,6.8,0.8630152897016883
Combination,2,1,B_lambdamart,2.0,6.5,0.9266360779006398
Combination,2,1,B_lambdamart,4.0,7.3,0.5
Combination,2,1,C_nestedCV,0.1,3.7,0.6722390270733756
Combination,2,1,C_nestedCV,0.3,3.7,0.7467045958894681
Combination,2,1,C_nestedCV,0.5,4.1,0.7605591431973849
Combination,2,1,C_nestedCV,1.0,5.8,0.8482378089219645
Combination,2,1,C_nestedCV,2.0,5.8,0.8482378089219645
Combination,2,1,C_nestedCV,4.0,8.3,0.8643145546088338
Combination,2,1,D_attr_as_feature,0.25,13.6,0.7123736502858729
Combination,2,1,D_attr_as_feature,0.5,10.6,0.8603818544462509
Combination,2,1,D_attr_as_feature,1.0,10.9,0.9216017310213245
Combination,2,1,D_attr_as_feature,2.0,8.9,0.8389574121760602
Combination,2,1,D_attr_as_feature,4.0,9.7,0.914856882358379
Combination,2,2,rule,0.0,10.8,0.7909506325094736
Combination,2,2,rule,0.15,7.9,0.8899541168509599
Combination,2,2,rule,0.3,7.3,0.8263333286520083
Combination,2,2,rule,0.6,5.9,0.6214990811334173
Combination,2,2,rule,1.0,4.6,0.522032859637427
Combination,2,2,rule,1.5,4.0,0.38148029915855797
Combination,2,2,rule,2.5,3.5,0.3398414932237255
Combination,2,2,A_text_objective,0.5,13.1,0.866947989864271
Combination,2,2,A_text_objective,1.0,12.1,0.9052116356304493
Combination,2,2,A_text_objective,2.0,11.4,0.8643145546088338
Combination,2,2,A_text_objective,5.0,12.9,0.8611375561264455
Combination,2,2,A_text_objective,10.0,10.7,0.6812060741152737
Combination,2,2,B_lambdamart,0.25,4.8,0.7352169973434505
Combination,2,2,B_lambdamart,0.5,7.8,0.37566986542073233
Combination,2,2,B_lambdamart,1.0,9.1,0.8364586133797036
Combination,2,2,B_lambdamart,2.0,7.5,0.7123736502858729
Combination,2,2,B_lambdamart,4.0,10.5,0.8611375561264455
Combination,2,2,C_nestedCV,0.1,3.4,0.40346228142267715
Combination,2,2,C_nestedCV,0.3,3.8,0.40927271516050273
Combination,2,2,C_nestedCV,0.5,3.8,0.4189179618884325
Combination,2,2,C_nestedCV,1.0,3.8,0.4189179618884325
Combination,2,2,C_nestedCV,2.0,4.1,0.38148029915855797
Combination,2,2,C_nestedCV,4.0,4.5,0.5113553108118986
Combination,2,2,D_attr_as_feature,0.25,8.4,0.7859162856301584
Combination,2,2,D_attr_as_feature,0.5,11.8,0.5900490851534657
Combination,2,2,D_attr_as_feature,1.0,10.7,0.6874708847784538
Combination,2,2,D_attr_as_feature,2.0,8.7,0.6969383549984333
Combination,2,2,D_attr_as_feature,4.0,11.3,0.772837825180752
Combination,3,0,rule,0.0,13.7,0.9363792118010483
Combination,3,0,rule,0.15,11.3,0.9305687780632227
Combination,3,0,rule,0.3,8.7,0.8579809428223729
Combination,3,0,rule,0.6,7.5,0.7951657524814092
Combination,3,0,rule,1.0,4.4,0.8165901947515998
Combination,3,0,rule,1.5,4.0,0.7975167679274938
Combination,3,0,rule,2.5,3.7,0.7479350596733328
Combination,3,0,A_text_objective,0.5,15.1,0.9305687780632227
Combination,3,0,A_text_objective,1.0,12.1,0.933745776545611
Combination,3,0,A_text_objective,2.0,13.1,1.0
Combination,3,0,A_text_objective,5.0,8.1,0.914856882358379
Combination,3,0,A_text_objective,10.0,12.6,1.0
Combination,3,0,B_lambdamart,0.25,4.9,0.6083169141195838
Combination,3,0,B_lambdamart,0.5,10.6,0.8579809428223729
Combination,3,0,B_lambdamart,1.0,11.0,0.8006937664098821
Combination,3,0,B_lambdamart,2.0,7.6,0.5676818677290052
Combination,3,0,B_lambdamart,4.0,8.9,0.4163824138054739
Combination,3,0,C_nestedCV,0.1,3.8,0.7315449642824575
Combination,3,0,C_nestedCV,0.3,3.8,0.7280855459907165
Combination,3,0,C_nestedCV,0.5,4.2,0.6442227883107535
Combination,3,0,C_nestedCV,1.0,3.9,0.5806020001118019
Combination,3,0,C_nestedCV,2.0,6.3,0.9363792118010483
Combination,3,0,C_nestedCV,4.0,8.2,1.0
Combination,3,0,D_attr_as_feature,0.25,12.9,0.8414929602590189
Combination,3,0,D_attr_as_feature,0.5,12.9,0.8268133666517739
Combination,3,0,D_attr_as_feature,1.0,13.7,0.8630152897016883
Combination,3,0,D_attr_as_feature,2.0,8.1,0.866947989864271
Combination,3,0,D_attr_as_feature,4.0,5.3,0.6094367513728213
Combination,3,1,rule,0.0,10.8,0.9363792118010483
Combination,3,1,rule,0.15,8.1,0.9305687780632227
Combination,3,1,rule,0.3,7.1,0.9266360779006398
Combination,3,1,rule,0.6,5.3,0.9216017310213245
Combination,3,1,rule,1.0,4.7,0.9216017310213245
Combination,3,1,rule,1.5,4.2,0.8521705090845473
Combination,3,1,rule,2.5,3.2,0.8553475075669357
Combination,3,1,A_text_objective,0.5,10.4,1.0
Combination,3,1,A_text_objective,1.0,9.6,1.0
Combination,3,1,A_text_objective,2.0,10.9,1.0
Combination,3,1,A_text_objective,5.0,12.2,0.8205228949141826
Combination,3,1,A_text_objective,10.0,9.5,0.6468562235661908
Combination,3,1,B_lambdamart,0.25,4.8,0.9363792118010483
Combination,3,1,B_lambdamart,0.5,11.9,0.6563033086078547
Combination,3,1,B_lambdamart,1.0,13.6,0.5739723394665963
Combination,3,1,B_lambdamart,2.0,7.4,0.8263333286520083
Combination,3,1,B_lambdamart,4.0,8.9,0.5559026721867443
Combination,3,1,C_nestedCV,0.1,3.3,0.791726719367984
Combination,3,1,C_nestedCV,0.3,3.8,0.8482378089219645
Combination,3,1,C_nestedCV,0.5,4.4,0.8263333286520083
Combination,3,1,C_nestedCV,1.0,5.8,0.7827392871477701
Combination,3,1,C_nestedCV,2.0,6.1,0.7951657524814092
Combination,3,1,C_nestedCV,4.0,8.0,0.8482378089219645
Combination,3,1,D_attr_as_feature,0.25,12.0,0.5483327772244703
Combination,3,1,D_attr_as_feature,0.5,15.1,0.5341769051617135
Combination,3,1,D_attr_as_feature,1.0,10.6,0.933745776545611
Combination,3,1,D_attr_as_feature,2.0,9.9,0.5330752584449809
Combination,3,1,D_attr_as_feature,4.0,10.4,0.8389574121760602
Combination,3,2,rule,0.0,13.5,1.0
Combination,3,2,rule,0.15,9.4,0.8701249883466594
Combination,3,2,rule,0.3,7.4,0.78180487222265
Combination,3,2,rule,0.6,6.6,0.6500332220485792
Combination,3,2,rule,1.0,5.5,0.7136540102475308
Combination,3,2,rule,1.5,4.7,0.7162874455029681
Combination,3,2,rule,2.5,3.5,0.6311443278613471
Combination,3,2,A_text_objective,0.5,10.1,0.618519700841442
Combination,3,2,A_text_objective,1.0,13.3,0.5079937796926363
Combination,3,2,A_text_objective,2.0,8.9,0.7720617383222416
Combination,3,2,A_text_objective,5.0,9.5,0.8200685179888283
Combination,3,2,A_text_objective,10.0,7.9,1.0
Combination,3,2,B_lambdamart,0.25,3.9,0.5964984284535196
Combination,3,2,B_lambdamart,0.5,5.9,0.575073986183329
Combination,3,2,B_lambdamart,1.0,12.2,0.6177639991612475
Combination,3,2,B_lambdamart,2.0,5.3,0.7819835854675755
Combination,3,2,B_lambdamart,4.0,8.0,0.3562315886146008
Combination,3,2,C_nestedCV,0.1,3.4,0.5964984284535196
Combination,3,2,C_nestedCV,0.3,3.4,0.5964984284535196
Combination,3,2,C_nestedCV,0.5,3.2,0.5964984284535196
Combination,3,2,C_nestedCV,1.0,3.5,0.5964984284535196
Combination,3,2,C_nestedCV,2.0,7.1,0.8899541168509599
Combination,3,2,C_nestedCV,4.0,9.9,0.914856882358379
Combination,3,2,D_attr_as_feature,0.25,10.3,0.6652907408280685
Combination,3,2,D_attr_as_feature,0.5,11.5,0.6028078051365984
Combination,3,2,D_attr_as_feature,1.0,8.2,0.8630152897016883
Combination,3,2,D_attr_as_feature,2.0,8.0,0.5774250016294136
Combination,3,2,D_attr_as_feature,4.0,6.5,0.27267015568947806
Combination,4,0,rule,0.0,12.2,0.8603818544462509
Combination,4,0,rule,0.15,8.2,0.7859162856301584
Combination,4,0,rule,0.3,7.5,0.8165901947515998
Combination,4,0,rule,0.6,5.2,0.7759944384848245
Combination,4,0,rule,1.0,4.3,0.7663491917568948
Combination,4,0,rule,1.5,4.3,0.6410457898283652
Combination,4,0,rule,2.5,3.6,0.6410457898283652
Combination,4,0,A_text_objective,0.5,9.7,0.8205228949141826
Combination,4,0,A_text_objective,1.0,12.8,0.8414929602590189
Combination,4,0,A_text_objective,2.0,10.6,0.8389574121760602
Combination,4,0,A_text_objective,5.0,10.7,0.9216017310213245
Combination,4,0,A_text_objective,10.0,10.0,0.8899541168509599
Combination,4,0,B_lambdamart,0.25,5.2,0.5415879285615247
Combination,4,0,B_lambdamart,0.5,12.5,0.7975167679274938
Combination,4,0,B_lambdamart,1.0,12.9,0.933745776545611
Combination,4,0,B_lambdamart,2.0,6.3,0.40414048110870876
Combination,4,0,B_lambdamart,4.0,11.3,0.9052116356304493
Combination,4,0,C_nestedCV,0.1,3.2,0.5774250016294136
Combination,4,0,C_nestedCV,0.3,3.6,0.6410457898283652
Combination,4,0,C_nestedCV,0.5,4.3,0.6410457898283652
Combination,4,0,C_nestedCV,1.0,5.7,0.8268133666517739
Combination,4,0,C_nestedCV,2.0,5.7,0.8268133666517739
Combination,4,0,C_nestedCV,4.0,12.2,0.8603818544462509
Combination,4,0,D_attr_as_feature,0.25,15.0,1.0
Combination,4,0,D_attr_as_feature,0.5,15.4,0.7015099647232445
Combination,4,0,D_attr_as_feature,1.0,10.0,0.8975828762407044
Combination,4,0,D_attr_as_feature,2.0,7.5,1.0
Combination,4,0,D_attr_as_feature,4.0,12.3,0.599976751690748
Combination,4,1,rule,0.0,10.4,0.914856882358379
Combination,4,1,rule,0.15,9.2,0.914856882358379
Combination,4,1,rule,0.3,8.4,0.9052116356304493
Combination,4,1,rule,0.6,6.1,0.8364586133797036
Combination,4,1,rule,1.0,5.4,0.7631925784528222
Combination,4,1,rule,1.5,5.4,0.7254521107352793
Combination,4,1,rule,2.5,3.8,0.7133080652109928
Combination,4,1,A_text_objective,0.5,7.7,1.0
Combination,4,1,A_text_objective,1.0,9.9,0.8899541168509599
Combination,4,1,A_text_objective,2.0,8.8,0.9216017310213245
Combination,4,1,A_text_objective,5.0,10.2,0.9266360779006398
Combination,4,1,A_text_objective,10.0,8.4,0.8115558478722845
Combination,4,1,B_lambdamart,0.25,6.1,0.8521705090845473
Combination,4,1,B_lambdamart,0.5,15.1,0.7655934900767002
Combination,4,1,B_lambdamart,1.0,10.7,0.835780413693672
Combination,4,1,B_lambdamart,2.0,6.5,0.6468562235661908
Combination,4,1,B_lambdamart,4.0,9.8,0.7065443116025597
Combination,4,1,C_nestedCV,0.1,4.9,0.7241528458281337
Combination,4,1,C_nestedCV,0.3,5.0,0.7753366239771086
Combination,4,1,C_nestedCV,0.5,5.7,0.84860265890399
Combination,4,1,C_nestedCV,1.0,5.7,0.8643145546088338
Combination,4,1,C_nestedCV,2.0,5.7,0.8643145546088338
Combination,4,1,C_nestedCV,4.0,5.7,0.8643145546088338
Combination,4,1,D_attr_as_feature,0.25,18.0,1.0
Combination,4,1,D_attr_as_feature,0.5,11.2,0.8236998933965709
Combination,4,1,D_attr_as_feature,1.0,17.5,0.6937613565160449
Combination,4,1,D_attr_as_feature,2.0,8.8,0.6098851898824891
Combination,4,1,D_attr_as_feature,4.0,10.1,0.5795003533950693
Combination,4,2,rule,0.0,13.2,0.933745776545611
Combination,4,2,rule,0.15,10.3,0.8643145546088338
Combination,4,2,rule,0.3,7.7,0.791726719367984
Combination,4,2,rule,0.6,6.2,0.8579809428223729
Combination,4,2,rule,1.0,5.1,0.8006937664098821
Combination,4,2,rule,1.5,4.9,0.8006937664098821
Combination,4,2,rule,2.5,4.1,0.914856882358379
Combination,4,2,A_text_objective,0.5,11.0,1.0
Combination,4,2,A_text_objective,1.0,11.1,1.0
Combination,4,2,A_text_objective,2.0,7.8,0.933745776545611
Combination,4,2,A_text_objective,5.0,8.5,1.0
Combination,4,2,A_text_objective,10.0,10.8,0.9363792118010483
Combination,4,2,B_lambdamart,0.25,4.0,0.8899541168509599
Combination,4,2,B_lambdamart,0.5,6.9,1.0
Combination,4,2,B_lambdamart,1.0,7.5,1.0
Combination,4,2,B_lambdamart,2.0,5.3,0.6563033086078547
Combination,4,2,B_lambdamart,4.0,9.2,0.7034066032439746
Combination,4,2,C_nestedCV,0.1,3.9,0.914856882358379
Combination,4,2,C_nestedCV,0.3,4.6,0.84860265890399
Combination,4,2,C_nestedCV,0.5,5.1,0.8512360941594274
Combination,4,2,C_nestedCV,1.0,5.2,0.8512360941594274
Combination,4,2,C_nestedCV,2.0,5.2,0.8512360941594274
Combination,4,2,C_nestedCV,4.0,5.2,0.8512360941594274
Combination,4,2,D_attr_as_feature,0.25,11.9,0.9305687780632227
Combination,4,2,D_attr_as_feature,0.5,13.7,1.0
Combination,4,2,D_attr_as_feature,1.0,11.4,1.0
Combination,4,2,D_attr_as_feature,2.0,7.0,0.9305687780632227
Combination,4,2,D_attr_as_feature,4.0,8.4,0.914856882358379
Dry,0,0,rule,0.0,11.4,0.7162874455029681
Dry,0,0,rule,0.15,8.6,0.7948833326720566
Dry,0,0,rule,0.3,6.7,0.835780413693672
Dry,0,0,rule,0.6,4.8,0.9363792118010483
Dry,0,0,rule,1.0,4.5,0.9363792118010483
Dry,0,0,rule,1.5,3.7,0.9305687780632227
Dry,0,0,rule,2.5,3.7,0.914856882358379
Dry,0,0,A_text_objective,0.5,10.3,0.7479350596733328
Dry,0,0,A_text_objective,1.0,9.6,0.9216017310213245
Dry,0,0,A_text_objective,2.0,8.1,0.914856882358379
Dry,0,0,A_text_objective,5.0,9.2,0.8630152897016883
Dry,0,0,A_text_objective,10.0,8.1,1.0
Dry,0,0,B_lambdamart,0.25,5.0,0.6442227883107535
Dry,0,0,B_lambdamart,0.5,10.7,0.8236998933965709
Dry,0,0,B_lambdamart,1.0,7.4,0.9363792118010483
Dry,0,0,B_lambdamart,2.0,7.7,0.8643145546088338
Dry,0,0,B_lambdamart,4.0,8.3,0.532877640254568
Dry,0,0,C_nestedCV,0.1,3.7,0.7759944384848245
Dry,0,0,C_nestedCV,0.3,3.9,0.8263333286520083
Dry,0,0,C_nestedCV,0.5,3.9,0.9363792118010483
Dry,0,0,C_nestedCV,1.0,6.8,1.0
Dry,0,0,C_nestedCV,2.0,6.8,1.0
Dry,0,0,C_nestedCV,4.0,6.0,1.0
Dry,0,0,D_attr_as_feature,0.25,12.9,0.7538142945344393
Dry,0,0,D_attr_as_feature,0.5,10.2,0.7421246259355072
Dry,0,0,D_attr_as_feature,1.0,8.4,0.7503359712972109
Dry,0,0,D_attr_as_feature,2.0,10.6,0.914856882358379
Dry,0,0,D_attr_as_feature,4.0,6.9,0.545155778742082
Dry,0,1,rule,0.0,8.5,0.7663491917568948
Dry,0,1,rule,0.15,6.8,0.7510916729774054
Dry,0,1,rule,0.3,6.8,0.7104770117651424
Dry,0,1,rule,0.6,4.2,0.6500332220485792
Dry,0,1,rule,1.0,3.9,0.7136540102475308
Dry,0,1,rule,1.5,3.9,0.7827392871477701
Dry,0,1,rule,2.5,3.4,0.7479350596733328
Dry,0,1,A_text_objective,0.5,14.9,0.4892835987503298
Dry,0,1,A_text_objective,1.0,15.4,0.45072835598790834
Dry,0,1,A_text_objective,2.0,13.6,0.4899308685417079
Dry,0,1,A_text_objective,5.0,14.5,0.5964984284535196
Dry,0,1,A_text_objective,10.0,12.7,0.6468562235661908
Dry,0,1,B_lambdamart,0.25,4.3,0.7151857987862356
Dry,0,1,B_lambdamart,0.5,11.5,0.793584067764911
Dry,0,1,B_lambdamart,1.0,19.5,0.4561478366005046
Dry,0,1,B_lambdamart,2.0,7.7,0.7753366239771086
Dry,0,1,B_lambdamart,4.0,13.0,0.6253338941235215
Dry,0,1,C_nestedCV,0.1,3.5,0.7877736340270853
Dry,0,1,C_nestedCV,0.3,3.8,0.7065443116025597
Dry,0,1,C_nestedCV,0.5,3.8,0.7065443116025597
Dry,0,1,C_nestedCV,1.0,3.8,0.7104770117651424
Dry,0,1,C_nestedCV,2.0,3.9,0.7104770117651424
Dry,0,1,C_nestedCV,4.0,4.1,0.7162874455029681
Dry,0,1,D_attr_as_feature,0.25,12.2,0.67269340399873
Dry,0,1,D_attr_as_feature,0.5,15.5,0.7059237766836323
Dry,0,1,D_attr_as_feature,1.0,11.0,0.6777277508780453
Dry,0,1,D_attr_as_feature,2.0,8.6,0.835780413693672
Dry,0,1,D_attr_as_feature,4.0,12.9,0.7257345305446319
Dry,0,2,rule,0.0,13.6,0.8521705090845473
Dry,0,2,rule,0.15,9.7,0.8263333286520083
Dry,0,2,rule,0.3,7.4,0.8263333286520083
Dry,0,2,rule,0.6,5.3,0.718342412090308
Dry,0,2,rule,1.0,5.0,0.6285108926059099
Dry,0,2,rule,1.5,3.6,0.6036081270984908
Dry,0,2,rule,2.5,3.4,0.5399873388995391
Dry,0,2,A_text_objective,0.5,11.4,1.0
Dry,0,2,A_text_objective,1.0,8.3,0.914856882358379
Dry,0,2,A_text_objective,2.0,7.9,0.9363792118010483
Dry,0,2,A_text_objective,5.0,10.2,0.8899541168509599
Dry,0,2,A_text_objective,10.0,9.4,0.8415908474314976
Dry,0,2,B_lambdamart,0.25,3.7,0.5711601909662336
Dry,0,2,B_lambdamart,0.5,4.9,0.793584067764911
Dry,0,2,B_lambdamart,1.0,7.7,0.7215194105726964
Dry,0,2,B_lambdamart,2.0,5.8,0.5684579545875155
Dry,0,2,B_lambdamart,4.0,9.2,0.6117952373568122
Dry,0,2,C_nestedCV,0.1,3.4,0.5399873388995391
Dry,0,2,C_nestedCV,0.3,3.5,0.6311443278613471
Dry,0,2,C_nestedCV,0.5,3.5,0.6311443278613471
Dry,0,2,C_nestedCV,1.0,3.5,0.6285108926059099
Dry,0,2,C_nestedCV,2.0,3.6,0.6285108926059099
Dry,0,2,C_nestedCV,4.0,3.6,0.6285108926059099
Dry,0,2,D_attr_as_feature,0.25,7.6,0.43510989559304186
Dry,0,2,D_attr_as_feature,0.5,9.9,0.643121141594021
Dry,0,2,D_attr_as_feature,1.0,11.0,0.7097402150304355
Dry,0,2,D_attr_as_feature,2.0,7.2,0.7162874455029681
Dry,0,2,D_attr_as_feature,4.0,7.1,0.6442227883107535
Dry,1,0,rule,0.0,10.7,0.7058075148678526
Dry,1,0,rule,0.15,9.2,0.6772733739526908
Dry,1,0,rule,0.3,8.1,0.6683063269107927
Dry,1,0,rule,0.6,6.5,0.6117748521784964
Dry,1,0,rule,1.0,5.3,0.542042305486879
Dry,1,0,rule,1.5,5.1,0.5483327772244703
Dry,1,0,rule,2.5,3.7,0.5469356251448461
Dry,1,0,A_text_objective,0.5,9.3,0.835780413693672
Dry,1,0,A_text_objective,1.0,12.5,0.7753366239771086
Dry,1,0,A_text_objective,2.0,11.2,0.7471589728148225
Dry,1,0,A_text_objective,5.0,12.1,0.8263333286520083
Dry,1,0,A_text_objective,10.0,8.6,0.4982506457922279
Dry,1,0,B_lambdamart,0.25,5.5,0.7167674835027338
Dry,1,0,B_lambdamart,0.5,7.4,0.5695785062497354
Dry,1,0,B_lambdamart,1.0,9.3,0.4631896595828493
Dry,1,0,B_lambdamart,2.0,7.1,0.44007109091363533
Dry,1,0,B_lambdamart,4.0,8.1,0.7100226348397881
Dry,1,0,C_nestedCV,0.1,3.8,0.5590796706691326
Dry,1,0,C_nestedCV,0.3,3.8,0.5617131059245698
Dry,1,0,C_nestedCV,0.5,3.6,0.5617131059245698
Dry,1,0,C_nestedCV,1.0,3.6,0.5617131059245698
Dry,1,0,C_nestedCV,2.0,3.6,0.55206785919664
Dry,1,0,C_nestedCV,4.0,3.6,0.5455017237786199
Dry,1,0,D_attr_as_feature,0.25,9.7,0.5727555047321238
Dry,1,0,D_attr_as_feature,0.5,9.0,0.6281460426238843
Dry,1,0,D_attr_as_feature,1.0,9.5,0.6937613565160449
Dry,1,0,D_attr_as_feature,2.0,8.3,0.7467045958894681
Dry,1,0,D_attr_as_feature,4.0,8.7,0.7123736502858729
Dry,1,1,rule,0.0,11.8,0.7529694065526481
Dry,1,1,rule,0.15,8.0,0.7164850636933812
Dry,1,1,rule,0.3,6.5,0.7000949683025057
Dry,1,1,rule,0.6,6.0,0.7510916729774054
Dry,1,1,rule,1.0,5.3,0.6652907408280685
Dry,1,1,rule,1.5,4.3,0.6523706084452717
Dry,1,1,rule,2.5,3.8,0.6405914129030108
Dry,1,1,A_text_objective,0.5,13.0,0.7670273914429263
Dry,1,1,A_text_objective,1.0,12.8,0.8200685179888283
Dry,1,1,A_text_objective,2.0,10.8,0.8611375561264455
Dry,1,1,A_text_objective,5.0,13.5,0.7917063341896682
Dry,1,1,A_text_objective,10.0,11.4,0.6410457898283652
Dry,1,1,B_lambdamart,0.25,4.8,0.8165901947515998
Dry,1,1,B_lambdamart,0.5,8.5,0.84860265890399
Dry,1,1,B_lambdamart,1.0,7.7,0.608296528941268
Dry,1,1,B_lambdamart,2.0,7.0,0.5914640815742043
Dry,1,1,B_lambdamart,4.0,13.1,0.5734923014668307
Dry,1,1,C_nestedCV,0.1,4.0,0.5771493379489847
Dry,1,1,C_nestedCV,0.3,4.0,0.5771493379489847
Dry,1,1,C_nestedCV,0.5,4.0,0.5867945846769145
Dry,1,1,C_nestedCV,1.0,4.0,0.5957616317188126
Dry,1,1,C_nestedCV,2.0,3.7,0.6620158551732015
Dry,1,1,C_nestedCV,4.0,9.3,0.7534494445524138
Dry,1,1,D_attr_as_feature,0.25,8.5,0.8318477135310891
Dry,1,1,D_attr_as_feature,0.5,8.2,0.31488013066763093
Dry,1,1,D_attr_as_feature,1.0,11.1,0.4162845266329952
Dry,1,1,D_attr_as_feature,2.0,9.3,0.611589789239436
Dry,1,1,D_attr_as_feature,4.0,8.9,0.7314470771099788
Dry,1,2,rule,0.0,12.3,0.793584067764911
Dry,1,2,rule,0.15,8.7,0.8414929602590189
Dry,1,2,rule,0.3,6.6,0.8414929602590189
Dry,1,2,rule,0.6,6.6,0.84860265890399
Dry,1,2,rule,1.0,4.6,0.8603818544462509
Dry,1,2,rule,1.5,3.9,1.0
Dry,1,2,rule,2.5,3.7,1.0
Dry,1,2,A_text_objective,0.5,7.9,0.7695261902392829
Dry,1,2,A_text_objective,1.0,9.2,0.9266360779006398
Dry,1,2,A_text_objective,2.0,10.3,0.8572048559638626
Dry,1,2,A_text_objective,5.0,9.3,0.9305687780632227
Dry,1,2,A_text_objective,10.0,8.5,0.9052116356304493
Dry,1,2,B_lambdamart,0.25,3.9,0.6874708847784538
Dry,1,2,B_lambdamart,0.5,7.5,0.5572998242663684
Dry,1,2,B_lambdamart,1.0,9.0,0.9216017310213245
Dry,1,2,B_lambdamart,2.0,6.4,0.8611375561264455
Dry,1,2,B_lambdamart,4.0,7.2,0.34369669139214537
Dry,1,2,C_nestedCV,0.1,3.7,1.0
Dry,1,2,C_nestedCV,0.3,4.0,1.0
Dry,1,2,C_nestedCV,0.5,4.0,1.0
Dry,1,2,C_nestedCV,1.0,4.0,1.0
Dry,1,2,C_nestedCV,2.0,6.6,0.8454256604216017
Dry,1,2,C_nestedCV,4.0,12.3,0.7846170207230129
Dry,1,2,D_attr_as_feature,0.25,10.5,0.914856882358379
Dry,1,2,D_attr_as_feature,0.5,11.2,0.7799082337019198
Dry,1,2,D_attr_as_feature,1.0,9.0,0.9052116356304493
Dry,1,2,D_attr_as_feature,2.0,8.0,0.618519700841442
Dry,1,2,D_attr_as_feature,4.0,5.9,0.8414929602590189
Dry,2,0,rule,0.0,13.2,0.9266360779006398
Dry,2,0,rule,0.15,11.8,0.8701249883466594
Dry,2,0,rule,0.3,7.4,0.9305687780632227
Dry,2,0,rule,0.6,5.8,0.8701249883466594
Dry,2,0,rule,1.0,4.6,0.9216017310213245
Dry,2,0,rule,1.5,4.3,0.8415908474314976
Dry,2,0,rule,2.5,3.4,0.7655934900767002
Dry,2,0,A_text_objective,0.5,12.7,0.9266360779006398
Dry,2,0,A_text_objective,1.0,12.9,0.933745776545611
Dry,2,0,A_text_objective,2.0,11.7,0.8701249883466594
Dry,2,0,A_text_objective,5.0,11.0,0.6901935063354876
Dry,2,0,A_text_objective,10.0,10.2,0.8006937664098821
Dry,2,0,B_lambdamart,0.25,3.6,0.933745776545611
Dry,2,0,B_lambdamart,0.5,9.4,1.0
Dry,2,0,B_lambdamart,1.0,10.7,0.8899541168509599
Dry,2,0,B_lambdamart,2.0,4.7,0.6898286563534621
Dry,2,0,B_lambdamart,4.0,7.8,0.544221363816962
Dry,2,0,C_nestedCV,0.1,3.5,0.8454256604216017
Dry,2,0,C_nestedCV,0.3,3.5,0.8454256604216017
Dry,2,0,C_nestedCV,0.5,3.5,0.8454256604216017
Dry,2,0,C_nestedCV,1.0,3.5,0.8454256604216017
Dry,2,0,C_nestedCV,2.0,3.5,0.8454256604216017
Dry,2,0,C_nestedCV,4.0,4.6,0.9305687780632227
Dry,2,0,D_attr_as_feature,0.25,8.8,0.6281460426238843
Dry,2,0,D_attr_as_feature,0.5,8.1,0.6371130896657824
Dry,2,0,D_attr_as_feature,1.0,14.5,0.642923523403608
Dry,2,0,D_attr_as_feature,2.0,6.7,0.8389574121760602
Dry,2,0,D_attr_as_feature,4.0,8.9,0.7416702490101529
Dry,2,1,rule,0.0,11.7,0.7104770117651424
Dry,2,1,rule,0.15,9.5,0.7065443116025597
Dry,2,1,rule,0.3,6.2,0.6442227883107535
Dry,2,1,rule,0.6,4.5,0.6442227883107535
Dry,2,1,rule,1.0,4.2,0.6320787427864671
Dry,2,1,rule,1.5,4.2,0.6188656458779801
Dry,2,1,rule,2.5,3.9,0.6214990811334173
Dry,2,1,A_text_objective,0.5,7.1,0.8415908474314976
Dry,2,1,A_text_objective,1.0,5.5,0.8236998933965709
Dry,2,1,A_text_objective,2.0,7.8,0.933745776545611
Dry,2,1,A_text_objective,5.0,9.1,0.6281460426238843
Dry,2,1,A_text_objective,10.0,7.7,0.6078421520159136
Dry,2,1,B_lambdamart,0.25,5.5,0.78180487222265
Dry,2,1,B_lambdamart,0.5,7.0,0.9305687780632227
Dry,2,1,B_lambdamart,1.0,8.7,0.9052116356304493
Dry,2,1,B_lambdamart,2.0,7.1,0.6646058731698309
Dry,2,1,B_lambdamart,4.0,8.5,0.5017100640839689
Dry,2,1,C_nestedCV,0.1,3.4,0.6698623505528797
Dry,2,1,C_nestedCV,0.3,3.4,0.685119869332369
Dry,2,1,C_nestedCV,0.5,3.4,0.685119869332369
Dry,2,1,C_nestedCV,1.0,3.7,0.685119869332369
Dry,2,1,C_nestedCV,2.0,3.7,0.7015099647232445
Dry,2,1,C_nestedCV,4.0,6.9,0.45718160765461063
Dry,2,1,D_attr_as_feature,0.25,10.0,0.9052116356304493
Dry,2,1,D_attr_as_feature,0.5,10.4,0.7778721720600672
Dry,2,1,D_attr_as_feature,1.0,10.4,0.866947989864271
Dry,2,1,D_attr_as_feature,2.0,8.7,0.565073164328551
Dry,2,1,D_attr_as_feature,4.0,9.2,0.3827160388385181
Dry,2,2,rule,0.0,12.4,0.78180487222265
Dry,2,2,rule,0.15,8.3,0.6496872770120411
Dry,2,2,rule,0.3,7.0,0.5478527392247047
Dry,2,2,rule,0.6,5.0,0.4448530294934503
Dry,2,2,rule,1.0,4.0,0.5141863642577489
Dry,2,2,rule,1.5,3.7,0.5294438830372382
Dry,2,2,rule,2.5,3.6,0.544221363816962
Dry,2,2,A_text_objective,0.5,9.1,0.84860265890399
Dry,2,2,A_text_objective,1.0,11.8,0.5063209639325833
Dry,2,2,A_text_objective,2.0,11.4,0.52129606290272
Dry,2,2,A_text_objective,5.0,11.3,0.7479350596733328
Dry,2,2,A_text_objective,10.0,8.9,0.8611375561264455
Dry,2,2,B_lambdamart,0.25,5.5,0.6659485553357843
Dry,2,2,B_lambdamart,0.5,10.9,0.7721596254947203
Dry,2,2,B_lambdamart,1.0,8.4,0.5648901044069582
Dry,2,2,B_lambdamart,2.0,8.5,0.45795769451312096
Dry,2,2,B_lambdamart,4.0,9.9,0.5252098581198154
Dry,2,2,C_nestedCV,0.1,3.7,0.5391870169376467
Dry,2,2,C_nestedCV,0.3,3.7,0.544221363816962
Dry,2,2,C_nestedCV,0.5,3.7,0.544221363816962
Dry,2,2,C_nestedCV,1.0,3.7,0.544221363816962
Dry,2,2,C_nestedCV,2.0,3.9,0.5415879285615247
Dry,2,2,C_nestedCV,4.0,6.7,0.6898286563534621
Dry,2,2,D_attr_as_feature,0.25,13.6,0.6975961695061491
Dry,2,2,D_attr_as_feature,0.5,9.9,0.7353797772725615
Dry,2,2,D_attr_as_feature,1.0,9.9,0.4775044032080689
Dry,2,2,D_attr_as_feature,2.0,9.9,0.6582722613833701
Dry,2,2,D_attr_as_feature,4.0,7.4,0.7059054020403313
Dry,3,0,rule,0.0,11.7,0.8364586133797036
Dry,3,0,rule,0.15,9.3,0.9052116356304493
Dry,3,0,rule,0.3,7.7,0.9052116356304493
Dry,3,0,rule,0.6,6.0,0.8415908474314976
Dry,3,0,rule,1.0,5.4,0.9216017310213245
Dry,3,0,rule,1.5,4.7,0.9305687780632227
Dry,3,0,rule,2.5,3.9,0.9363792118010483
Dry,3,0,A_text_objective,0.5,10.2,0.9052116356304493
Dry,3,0,A_text_objective,1.0,9.4,0.5648901044069582
Dry,3,0,A_text_objective,2.0,11.7,0.4569970750177367
Dry,3,0,A_text_objective,5.0,11.9,0.6281649475693718
Dry,3,0,A_text_objective,10.0,12.6,0.6281649475693718
Dry,3,0,B_lambdamart,0.25,3.9,0.7542686714597936
Dry,3,0,B_lambdamart,0.5,7.9,0.7058075148678526
Dry,3,0,B_lambdamart,1.0,8.3,0.5341769051617135
Dry,3,0,B_lambdamart,2.0,4.9,0.31598177738436356
Dry,3,0,B_lambdamart,4.0,7.7,0.7819835854675755
Dry,3,0,C_nestedCV,0.1,4.3,0.8521705090845473
Dry,3,0,C_nestedCV,0.3,4.3,0.8553475075669357
Dry,3,0,C_nestedCV,0.5,4.3,0.84860265890399
Dry,3,0,C_nestedCV,1.0,3.9,0.914856882358379
Dry,3,0,C_nestedCV,2.0,3.9,0.914856882358379
Dry,3,0,C_nestedCV,4.0,11.7,0.8364586133797036
Dry,3,0,D_attr_as_feature,0.25,13.9,0.441285179312893
Dry,3,0,D_attr_as_feature,0.5,17.5,0.26144322424505007
Dry,3,0,D_attr_as_feature,1.0,16.8,0.17630010660342907
Dry,3,0,D_attr_as_feature,2.0,7.7,0.5552448576790284
Dry,3,0,D_attr_as_feature,4.0,8.1,0.3531437764338092
Dry,3,1,rule,0.0,11.3,0.933745776545611
Dry,3,1,rule,0.15,9.4,0.933745776545611
Dry,3,1,rule,0.3,9.4,0.914856882358379
Dry,3,1,rule,0.6,4.9,0.8165901947515998
Dry,3,1,rule,1.0,4.9,0.8115558478722845
Dry,3,1,rule,1.5,4.0,0.7015099647232445
Dry,3,1,rule,2.5,4.0,0.6947651160602988
Dry,3,1,A_text_objective,0.5,10.5,0.914856882358379
Dry,3,1,A_text_objective,1.0,9.9,1.0
Dry,3,1,A_text_objective,2.0,10.0,0.8899541168509599
Dry,3,1,A_text_objective,5.0,10.6,0.9216017310213245
Dry,3,1,A_text_objective,10.0,11.9,0.8899541168509599
Dry,3,1,B_lambdamart,0.25,5.9,0.8200685179888283
Dry,3,1,B_lambdamart,0.5,9.0,0.4857157485697724
Dry,3,1,B_lambdamart,1.0,11.2,0.4634464183177906
Dry,3,1,B_lambdamart,2.0,6.5,0.9363792118010483
Dry,3,1,B_lambdamart,4.0,9.7,0.7133080652109928
Dry,3,1,C_nestedCV,0.1,3.3,0.5519699720241614
Dry,3,1,C_nestedCV,0.3,3.7,0.6311443278613471
Dry,3,1,C_nestedCV,0.5,3.8,0.8200685179888283
Dry,3,1,C_nestedCV,1.0,3.8,0.8200685179888283
Dry,3,1,C_nestedCV,2.0,3.8,0.8200685179888283
Dry,3,1,C_nestedCV,4.0,7.2,0.5884674004369674
Dry,3,1,D_attr_as_feature,0.25,11.8,0.933745776545611
Dry,3,1,D_attr_as_feature,0.5,10.2,0.6594803070902429
Dry,3,1,D_attr_as_feature,1.0,8.5,0.6651928536555898
Dry,3,1,D_attr_as_feature,2.0,8.2,0.7573821447149965
Dry,3,1,D_attr_as_feature,4.0,13.7,0.6136525857537392
Dry,3,2,rule,0.0,13.6,0.8268133666517739
Dry,3,2,rule,0.15,8.4,0.6777277508780453
Dry,3,2,rule,0.3,7.7,0.55206785919664
Dry,3,2,rule,0.6,4.4,0.5619107241149829
Dry,3,2,rule,1.0,4.1,0.6363762929310754
Dry,3,2,rule,1.5,3.8,0.6531466953037821
Dry,3,2,rule,2.5,3.8,0.6531466953037821
Dry,3,2,A_text_objective,0.5,14.2,0.4899308685417079
Dry,3,2,A_text_objective,1.0,13.4,0.5868720866710774
Dry,3,2,A_text_objective,2.0,13.0,0.6378891765242928
Dry,3,2,A_text_objective,5.0,12.4,0.6149518506608848
Dry,3,2,A_text_objective,10.0,9.4,0.6004311286161024
Dry,3,2,B_lambdamart,0.25,6.3,0.4847119890255186
Dry,3,2,B_lambdamart,0.5,9.2,0.6402900881481708
Dry,3,2,B_lambdamart,1.0,8.5,0.5289638450374726
Dry,3,2,B_lambdamart,2.0,6.2,0.791726719367984
Dry,3,2,B_lambdamart,4.0,9.8,0.20641593223508908
Dry,3,2,C_nestedCV,0.1,3.7,0.77523873680463
Dry,3,2,C_nestedCV,0.3,3.7,0.77523873680463
Dry,3,2,C_nestedCV,0.5,3.7,0.7720617383222416
Dry,3,2,C_nestedCV,1.0,4.1,0.6937613565160449
Dry,3,2,C_nestedCV,2.0,4.1,0.643121141594021
Dry,3,2,C_nestedCV,4.0,4.1,0.6267310462031457
Dry,3,2,D_attr_as_feature,0.25,8.4,0.7125523635307982
Dry,3,2,D_attr_as_feature,0.5,11.3,0.8482378089219645
Dry,3,2,D_attr_as_feature,1.0,10.7,0.6468562235661908
Dry,3,2,D_attr_as_feature,2.0,8.1,0.5404673768993047
Dry,3,2,D_attr_as_feature,4.0,7.3,0.6023277671368327
Dry,4,0,rule,0.0,10.6,0.9363792118010483
Dry,4,0,rule,0.15,10.4,0.914856882358379
Dry,4,0,rule,0.3,7.1,0.9052116356304493
Dry,4,0,rule,0.6,5.2,0.8415908474314976
Dry,4,0,rule,1.0,4.5,0.7312625444731049
Dry,4,0,rule,1.5,4.5,0.7164850636933812
Dry,4,0,rule,2.5,3.3,0.6293644814585829
Dry,4,0,A_text_objective,0.5,9.6,0.8643145546088338
Dry,4,0,A_text_objective,1.0,8.7,0.9216017310213245
Dry,4,0,A_text_objective,2.0,9.4,0.8630152897016883
Dry,4,0,A_text_objective,5.0,9.6,0.9216017310213245
Dry,4,0,A_text_objective,10.0,10.2,0.8521705090845473
Dry,4,0,B_lambdamart,0.25,3.5,0.7948833326720566
Dry,4,0,B_lambdamart,0.5,8.6,0.7951657524814092
Dry,4,0,B_lambdamart,1.0,10.5,0.9266360779006398
Dry,4,0,B_lambdamart,2.0,7.8,0.5743371894486219
Dry,4,0,B_lambdamart,4.0,8.4,0.6300426811446145
Dry,4,0,C_nestedCV,0.1,3.3,0.6243301345792677
Dry,4,0,C_nestedCV,0.3,3.4,0.6520881886359191
Dry,4,0,C_nestedCV,0.5,3.4,0.6520881886359191
Dry,4,0,C_nestedCV,1.0,3.4,0.6520881886359191
Dry,4,0,C_nestedCV,2.0,3.4,0.6520881886359191
Dry,4,0,C_nestedCV,4.0,10.6,0.9363792118010483
Dry,4,0,D_attr_as_feature,0.25,8.8,0.6410457898283652
Dry,4,0,D_attr_as_feature,0.5,8.9,0.8318477135310891
Dry,4,0,D_attr_as_feature,1.0,7.7,0.7471589728148226
Dry,4,0,D_attr_as_feature,2.0,8.7,0.6812060741152737
Dry,4,0,D_attr_as_feature,4.0,15.2,0.627507133061656
Dry,4,1,rule,0.0,12.9,0.8579809428223729
Dry,4,1,rule,0.15,12.9,0.7975167679274938
Dry,4,1,rule,0.3,9.4,0.70937536504841
Dry,4,1,rule,0.6,5.3,0.6717589890736099
Dry,4,1,rule,1.0,4.7,0.7019727018777485
Dry,4,1,rule,1.5,4.4,0.7819835854675755
Dry,4,1,rule,2.5,4.1,0.8603818544462509
Dry,4,1,A_text_objective,0.5,8.9,0.933745776545611
Dry,4,1,A_text_objective,1.0,11.7,0.7759944384848245
Dry,4,1,A_text_objective,2.0,12.4,0.6947651160602988
Dry,4,1,A_text_objective,5.0,10.7,0.8415908474314976
Dry,4,1,A_text_objective,10.0,8.5,0.8268133666517739
Dry,4,1,B_lambdamart,0.25,4.8,0.7948833326720566
Dry,4,1,B_lambdamart,0.5,8.7,0.6090726157997783
Dry,4,1,B_lambdamart,1.0,13.4,0.5590796706691326
Dry,4,1,B_lambdamart,2.0,7.0,0.7264127302306636
Dry,4,1,B_lambdamart,4.0,7.8,0.7503359712972109
Dry,4,1,C_nestedCV,0.1,4.2,0.7529694065526481
Dry,4,1,C_nestedCV,0.3,4.2,0.8318477135310891
Dry,4,1,C_nestedCV,0.5,4.2,0.8521705090845473
Dry,4,1,C_nestedCV,1.0,4.3,0.8553475075669357
Dry,4,1,C_nestedCV,2.0,4.6,0.8205228949141826
Dry,4,1,C_nestedCV,4.0,9.4,0.6402900881481708
Dry,4,1,D_attr_as_feature,0.25,13.0,0.40112489502598453
Dry,4,1,D_attr_as_feature,0.5,11.3,0.5309999066793252
Dry,4,1,D_attr_as_feature,1.0,11.7,0.835780413693672
Dry,4,1,D_attr_as_feature,2.0,9.5,0.8701249883466594
Dry,4,1,D_attr_as_feature,4.0,8.3,0.3538805731685162
Dry,4,2,rule,0.0,8.2,0.6470538417566039
Dry,4,2,rule,0.15,8.2,0.45763598457996507
Dry,4,2,rule,0.3,5.0,0.43621154230977444
Dry,4,2,rule,0.6,4.5,0.4458567890377042
Dry,4,2,rule,1.0,4.2,0.5014276442746162
Dry,4,2,rule,1.5,3.6,0.5774250016294136
Dry,4,2,rule,2.5,3.4,0.611755947233009
Dry,4,2,A_text_objective,0.5,8.2,0.8579809428223729
Dry,4,2,A_text_objective,1.0,10.0,0.8553475075669357
Dry,4,2,A_text_objective,2.0,9.3,0.8482378089219645
Dry,4,2,A_text_objective,5.0,10.5,0.7314470771099788
Dry,4,2,A_text_objective,10.0,7.8,0.45763598457996507
Dry,4,2,B_lambdamart,0.25,3.7,0.9216017310213245
Dry,4,2,B_lambdamart,0.5,7.8,0.5559026721867443
Dry,4,2,B_lambdamart,1.0,11.1,0.5810820381115674
Dry,4,2,B_lambdamart,2.0,6.0,0.5039428927517406
Dry,4,2,B_lambdamart,4.0,7.9,0.6994739030813918
Dry,4,2,C_nestedCV,0.1,3.6,0.5617131059245698
Dry,4,2,C_nestedCV,0.3,3.4,0.5747915663739763
Dry,4,2,C_nestedCV,0.5,3.5,0.5774250016294136
Dry,4,2,C_nestedCV,1.0,3.5,0.5774250016294136
Dry,4,2,C_nestedCV,2.0,3.5,0.5774250016294136
Dry,4,2,C_nestedCV,4.0,8.2,0.5266128295913879
Dry,4,2,D_attr_as_feature,0.25,8.0,0.6531466953037821
Dry,4,2,D_attr_as_feature,0.5,12.6,0.4864918354282828
Dry,4,2,D_attr_as_feature,1.0,13.9,0.6457545768494584
Dry,4,2,D_attr_as_feature,2.0,6.6,0.8899541168509599
Dry,4,2,D_attr_as_feature,4.0,10.6,0.7975167679274938
Normal,0,0,rule,0.0,13.4,0.7510916729774054
Normal,0,0,rule,0.15,7.5,0.6698623505528797
Normal,0,0,rule,0.3,6.7,0.6698623505528797
Normal,0,0,rule,0.6,4.8,0.685119869332369
Normal,0,0,rule,1.0,3.9,0.7104770117651424
Normal,0,0,rule,1.5,3.4,0.7799082337019198
Normal,0,0,rule,2.5,3.4,0.7799082337019198
Normal,0,0,A_text_objective,0.5,12.7,0.7975167679274938
Normal,0,0,A_text_objective,1.0,8.2,0.7479350596733328
Normal,0,0,A_text_objective,2.0,11.7,0.8611375561264455
Normal,0,0,A_text_objective,5.0,7.0,0.8701249883466594
Normal,0,0,A_text_objective,10.0,8.4,0.84860265890399
Normal,0,0,B_lambdamart,0.25,5.8,0.52129606290272
Normal,0,0,B_lambdamart,0.5,10.6,0.7827392871477701
Normal,0,0,B_lambdamart,1.0,8.4,0.8454256604216017
Normal,0,0,B_lambdamart,2.0,6.7,0.7631925784528222
Normal,0,0,B_lambdamart,4.0,7.9,0.8899541168509599
Normal,0,0,C_nestedCV,0.1,3.5,0.7799082337019198
Normal,0,0,C_nestedCV,0.3,3.5,0.7799082337019198
Normal,0,0,C_nestedCV,0.5,3.5,0.7799082337019198
Normal,0,0,C_nestedCV,1.0,3.5,0.7799082337019198
Normal,0,0,C_nestedCV,2.0,3.5,0.7799082337019198
Normal,0,0,C_nestedCV,4.0,3.5,0.7799082337019198
Normal,0,0,D_attr_as_feature,0.25,13.6,0.8603818544462509
Normal,0,0,D_attr_as_feature,0.5,12.3,0.914856882358379
Normal,0,0,D_attr_as_feature,1.0,11.6,0.8364586133797036
Normal,0,0,D_attr_as_feature,2.0,8.2,0.6071597663726147
Normal,0,0,D_attr_as_feature,4.0,9.8,0.8414929602590189
Normal,0,1,rule,0.0,13.3,0.8611375561264455
Normal,0,1,rule,0.15,12.0,0.914856882358379
Normal,0,1,rule,0.3,8.5,0.8006937664098821
Normal,0,1,rule,0.6,4.3,0.77523873680463
Normal,0,1,rule,1.0,3.5,0.7534494445524138
Normal,0,1,rule,1.5,3.5,0.7467045958894681
Normal,0,1,rule,2.5,3.3,0.6601585067762745
Normal,0,1,A_text_objective,0.5,10.7,0.8643145546088338
Normal,0,1,A_text_objective,1.0,8.1,0.8389574121760602
Normal,0,1,A_text_objective,2.0,8.2,0.933745776545611
Normal,0,1,A_text_objective,5.0,9.4,0.8482378089219645
Normal,0,1,A_text_objective,10.0,9.9,0.866947989864271
Normal,0,1,B_lambdamart,0.25,5.2,0.7059054020403313
Normal,0,1,B_lambdamart,0.5,10.7,0.8899541168509599
Normal,0,1,B_lambdamart,1.0,12.6,0.7015099647232445
Normal,0,1,B_lambdamart,2.0,6.3,0.4172339515355711
Normal,0,1,B_lambdamart,4.0,9.7,0.599976751690748
Normal,0,1,C_nestedCV,0.1,3.4,0.6754160255557639
Normal,0,1,C_nestedCV,0.3,3.4,0.6754160255557639
Normal,0,1,C_nestedCV,0.5,3.4,0.6754160255557639
Normal,0,1,C_nestedCV,1.0,3.3,0.6437684113853992
Normal,0,1,C_nestedCV,2.0,6.6,0.5996943318813954
Normal,0,1,C_nestedCV,4.0,12.9,0.8701249883466594
Normal,0,1,D_attr_as_feature,0.25,12.5,0.9363792118010483
Normal,0,1,D_attr_as_feature,0.5,10.9,0.793584067764911
Normal,0,1,D_attr_as_feature,1.0,9.6,0.7909506325094736
Normal,0,1,D_attr_as_feature,2.0,7.8,0.405696068388174
Normal,0,1,D_attr_as_feature,4.0,12.4,0.3693362536342715
Normal,0,2,rule,0.0,9.9,1.0
Normal,0,2,rule,0.15,8.9,1.0
Normal,0,2,rule,0.3,7.8,1.0
Normal,0,2,rule,0.6,7.1,0.9363792118010483
Normal,0,2,rule,1.0,6.4,0.8482378089219645
Normal,0,2,rule,1.5,4.5,0.7819835854675755
Normal,0,2,rule,2.5,4.2,0.6987957033953601
Normal,0,2,A_text_objective,0.5,10.6,0.7975167679274938
Normal,0,2,A_text_objective,1.0,12.7,0.9052116356304493
Normal,0,2,A_text_objective,2.0,9.3,0.9305687780632227
Normal,0,2,A_text_objective,5.0,11.8,0.8579809428223729
Normal,0,2,A_text_objective,10.0,9.4,0.6906478832608419
Normal,0,2,B_lambdamart,0.25,11.5,0.5266128295913879
Normal,0,2,B_lambdamart,0.5,6.7,0.7753366239771086
Normal,0,2,B_lambdamart,1.0,8.7,0.6064391805443411
Normal,0,2,B_lambdamart,2.0,3.8,0.6263217044973822
Normal,0,2,B_lambdamart,4.0,8.9,0.750637296052051
Normal,0,2,C_nestedCV,0.1,4.0,0.6987957033953601
Normal,0,2,C_nestedCV,0.3,4.5,0.7624164915943118
Normal,0,2,C_nestedCV,0.5,4.3,0.8521705090845473
Normal,0,2,C_nestedCV,1.0,4.3,0.8521705090845473
Normal,0,2,C_nestedCV,2.0,4.3,0.8521705090845473
Normal,0,2,C_nestedCV,4.0,6.8,1.0
Normal,0,2,D_attr_as_feature,0.25,10.4,0.9052116356304493
Normal,0,2,D_attr_as_feature,0.5,14.3,0.8611375561264455
Normal,0,2,D_attr_as_feature,1.0,9.5,0.9305687780632227
Normal,0,2,D_attr_as_feature,2.0,6.4,0.5672274908036508
Normal,0,2,D_attr_as_feature,4.0,10.3,0.3063365306564338
Normal,1,0,rule,0.0,12.6,1.0
Normal,1,0,rule,0.15,11.4,0.9363792118010483
Normal,1,0,rule,0.3,11.1,0.9266360779006398
Normal,1,0,rule,0.6,6.1,0.7951657524814092
Normal,1,0,rule,1.0,5.1,0.7453016244178956
Normal,1,0,rule,1.5,4.7,0.7280855459907165
Normal,1,0,rule,2.5,3.4,0.7948833326720566
Normal,1,0,A_text_objective,0.5,12.0,0.9363792118010483
Normal,1,0,A_text_objective,1.0,10.2,0.9052116356304493
Normal,1,0,A_text_objective,2.0,11.1,0.7136540102475308
Normal,1,0,A_text_objective,5.0,14.7,0.8579809428223729
Normal,1,0,A_text_objective,10.0,12.8,0.7846170207230129
Normal,1,0,B_lambdamart,0.25,5.8,0.7799082337019198
Normal,1,0,B_lambdamart,0.5,8.0,0.6717589890736099
Normal,1,0,B_lambdamart,1.0,12.3,0.7136540102475308
Normal,1,0,B_lambdamart,2.0,6.6,0.8272424914779678
Normal,1,0,B_lambdamart,4.0,9.0,0.5372903784169164
Normal,1,0,C_nestedCV,0.1,3.7,0.7948833326720566
Normal,1,0,C_nestedCV,0.3,4.2,0.8115558478722845
Normal,1,0,C_nestedCV,0.5,4.2,0.8115558478722845
Normal,1,0,C_nestedCV,1.0,3.9,0.8048109992093389
Normal,1,0,C_nestedCV,2.0,3.9,0.8048109992093389
Normal,1,0,C_nestedCV,4.0,3.5,0.8048109992093389
Normal,1,0,D_attr_as_feature,0.25,9.5,0.8630152897016883
Normal,1,0,D_attr_as_feature,0.5,10.7,1.0
Normal,1,0,D_attr_as_feature,1.0,11.2,0.9216017310213245
Normal,1,0,D_attr_as_feature,2.0,6.8,0.7254521107352793
Normal,1,0,D_attr_as_feature,4.0,9.9,0.3882251478215036
Normal,1,1,rule,0.0,9.7,1.0
Normal,1,1,rule,0.15,9.7,1.0
Normal,1,1,rule,0.3,7.0,0.933745776545611
Normal,1,1,rule,0.6,7.0,0.9363792118010483
Normal,1,1,rule,1.0,5.3,0.8521705090845473
Normal,1,1,rule,1.5,3.8,0.8521705090845473
Normal,1,1,rule,2.5,3.6,0.9216017310213245
Normal,1,1,A_text_objective,0.5,8.7,0.8643145546088338
Normal,1,1,A_text_objective,1.0,8.9,0.7257345305446319
Normal,1,1,A_text_objective,2.0,9.5,0.9266360779006398
Normal,1,1,A_text_objective,5.0,9.8,0.8268133666517739
Normal,1,1,A_text_objective,10.0,10.4,0.9305687780632227
Normal,1,1,B_lambdamart,0.25,17.1,0.7951657524814092
Normal,1,1,B_lambdamart,0.5,4.3,0.5142842514302276
Normal,1,1,B_lambdamart,1.0,8.5,0.6874708847784538
Normal,1,1,B_lambdamart,2.0,4.0,0.7019273967113417
Normal,1,1,B_lambdamart,4.0,6.2,0.7411902110103872
Normal,1,1,C_nestedCV,0.1,3.6,0.9216017310213245
Normal,1,1,C_nestedCV,0.3,3.7,0.9266360779006398
Normal,1,1,C_nestedCV,0.5,3.7,0.9266360779006398
Normal,1,1,C_nestedCV,1.0,3.7,0.9266360779006398
Normal,1,1,C_nestedCV,2.0,3.7,0.9266360779006398
Normal,1,1,C_nestedCV,4.0,9.7,1.0
Normal,1,1,D_attr_as_feature,0.25,8.6,0.6156886473955917
Normal,1,1,D_attr_as_feature,0.5,11.0,0.6947651160602988
Normal,1,1,D_attr_as_feature,1.0,10.2,0.6809047493604335
Normal,1,1,D_attr_as_feature,2.0,12.0,0.44082357888759177
Normal,1,1,D_attr_as_feature,4.0,7.4,0.3667028183788342
Normal,1,2,rule,0.0,11.9,1.0
Normal,1,2,rule,0.15,10.3,0.9363792118010483
Normal,1,2,rule,0.3,7.7,0.9266360779006398
Normal,1,2,rule,0.6,5.3,0.914856882358379
Normal,1,2,rule,1.0,5.3,0.8611375561264455
Normal,1,2,rule,1.5,3.7,0.7215194105726964
Normal,1,2,rule,2.5,3.2,0.718342412090308
Normal,1,2,A_text_objective,0.5,11.9,0.9363792118010483
Normal,1,2,A_text_objective,1.0,13.0,1.0
Normal,1,2,A_text_objective,2.0,11.6,0.8236998933965709
Normal,1,2,A_text_objective,5.0,10.0,0.914856882358379
Normal,1,2,A_text_objective,10.0,12.6,0.8521705090845473
Normal,1,2,B_lambdamart,0.25,4.7,0.47938213678331165
Normal,1,2,B_lambdamart,0.5,10.2,0.5333576782543336
Normal,1,2,B_lambdamart,1.0,17.0,0.5309999066793252
Normal,1,2,B_lambdamart,2.0,6.4,0.7605591431973849
Normal,1,2,B_lambdamart,4.0,9.1,0.7254521107352793
Normal,1,2,C_nestedCV,0.1,3.2,0.7133080652109928
Normal,1,2,C_nestedCV,0.3,3.5,0.7280855459907165
Normal,1,2,C_nestedCV,0.5,3.5,0.7280855459907165
Normal,1,2,C_nestedCV,1.0,3.5,0.7280855459907165
Normal,1,2,C_nestedCV,2.0,3.5,0.7280855459907165
Normal,1,2,C_nestedCV,4.0,3.5,0.7280855459907165
Normal,1,2,D_attr_as_feature,0.25,17.4,0.7125523635307982
Normal,1,2,D_attr_as_feature,0.5,16.5,0.7529694065526481
Normal,1,2,D_attr_as_feature,1.0,15.6,0.791726719367984
Normal,1,2,D_attr_as_feature,2.0,6.6,0.2972715964420569
Normal,1,2,D_attr_as_feature,4.0,9.0,0.6136525857537392
Normal,2,0,rule,0.0,11.0,0.8414929602590189
Normal,2,0,rule,0.15,8.9,0.8115558478722845
Normal,2,0,rule,0.3,8.4,0.6036081270984908
Normal,2,0,rule,0.6,6.8,0.5926825204089029
Normal,2,0,rule,1.0,4.3,0.45767527470376834
Normal,2,0,rule,1.5,4.3,0.48153499054313026
Normal,2,0,rule,2.5,4.0,0.5548989126424904
Normal,2,0,A_text_objective,0.5,11.0,0.7133080652109928
Normal,2,0,A_text_objective,1.0,11.4,0.7264127302306636
Normal,2,0,A_text_objective,2.0,9.7,0.6840182226156365
Normal,2,0,A_text_objective,5.0,9.8,0.6188656458779801
Normal,2,0,A_text_objective,10.0,13.0,0.5747915663739763
Normal,2,0,B_lambdamart,0.25,6.2,0.46975579500086934
Normal,2,0,B_lambdamart,0.5,14.2,0.7542686714597936
Normal,2,0,B_lambdamart,1.0,14.2,0.836670336895054
Normal,2,0,B_lambdamart,2.0,5.5,0.7510916729774054
Normal,2,0,B_lambdamart,4.0,7.6,0.5330752584449809
Normal,2,0,C_nestedCV,0.1,3.9,0.48153499054313026
Normal,2,0,C_nestedCV,0.3,3.4,0.6243301345792677
Normal,2,0,C_nestedCV,0.5,3.4,0.6243301345792677
Normal,2,0,C_nestedCV,1.0,3.4,0.6243301345792677
Normal,2,0,C_nestedCV,2.0,3.4,0.6243301345792677
Normal,2,0,C_nestedCV,4.0,5.9,0.6470538417566039
Normal,2,0,D_attr_as_feature,0.25,14.2,0.8643145546088338
Normal,2,0,D_attr_as_feature,0.5,12.3,0.8263333286520083
Normal,2,0,D_attr_as_feature,1.0,9.2,0.7289115290270202
Normal,2,0,D_attr_as_feature,2.0,9.1,0.7917063341896682
Normal,2,0,D_attr_as_feature,4.0,10.8,0.750637296052051
Normal,2,1,rule,0.0,12.7,0.8268133666517739
Normal,2,1,rule,0.15,10.7,0.7123736502858729
Normal,2,1,rule,0.3,10.7,0.6036081270984908
Normal,2,1,rule,0.6,6.7,0.505360344437199
Normal,2,1,rule,1.0,5.1,0.46156868474254786
Normal,2,1,rule,1.5,4.8,0.47682620352203725
Normal,2,1,rule,2.5,4.1,0.505360344437199
Normal,2,1,A_text_objective,0.5,10.5,1.0
Normal,2,1,A_text_objective,1.0,9.8,0.933745776545611
Normal,2,1,A_text_objective,2.0,10.6,1.0
Normal,2,1,A_text_objective,5.0,9.3,0.933745776545611
Normal,2,1,A_text_objective,10.0,8.9,0.8415908474314976
Normal,2,1,B_lambdamart,0.25,3.9,0.7885497208855956
Normal,2,1,B_lambdamart,0.5,7.8,0.8006937664098821
Normal,2,1,B_lambdamart,1.0,7.4,0.7471589728148225
Normal,2,1,B_lambdamart,2.0,4.9,0.5184650094568697
Normal,2,1,B_lambdamart,4.0,7.0,0.7753366239771086
Normal,2,1,C_nestedCV,0.1,4.3,0.5079937796926363
Normal,2,1,C_nestedCV,0.3,4.3,0.6929852696575346
Normal,2,1,C_nestedCV,0.5,4.3,0.6929852696575346
Normal,2,1,C_nestedCV,1.0,4.3,0.721801830382049
Normal,2,1,C_nestedCV,2.0,7.6,0.6214990811334173
Normal,2,1,C_nestedCV,4.0,14.6,0.7759944384848245
Normal,2,1,D_attr_as_feature,0.25,10.7,0.5983950669742498
Normal,2,1,D_attr_as_feature,0.5,18.3,0.6371130896657824
Normal,2,1,D_attr_as_feature,1.0,10.5,0.7670273914429263
Normal,2,1,D_attr_as_feature,2.0,8.0,0.9052116356304493
Normal,2,1,D_attr_as_feature,4.0,7.1,0.5993294818993699
Normal,2,2,rule,0.0,12.0,1.0
Normal,2,2,rule,0.15,8.1,0.933745776545611
Normal,2,2,rule,0.3,6.9,0.9305687780632227
Normal,2,2,rule,0.6,5.7,0.9052116356304493
Normal,2,2,rule,1.0,4.4,0.8899541168509599
Normal,2,2,rule,1.5,3.7,0.8611375561264455
Normal,2,2,rule,2.5,3.3,0.7975167679274938
Normal,2,2,A_text_objective,0.5,11.5,0.8415908474314976
Normal,2,2,A_text_objective,1.0,11.1,0.914856882358379
Normal,2,2,A_text_objective,2.0,11.1,0.8899541168509599
Normal,2,2,A_text_objective,5.0,12.4,1.0
Normal,2,2,A_text_objective,10.0,10.2,0.9305687780632227
Normal,2,2,B_lambdamart,0.25,4.6,0.7655934900767002
Normal,2,2,B_lambdamart,0.5,9.7,0.5309999066793252
Normal,2,2,B_lambdamart,1.0,15.2,1.0
Normal,2,2,B_lambdamart,2.0,6.3,0.6352557412688554
Normal,2,2,B_lambdamart,4.0,10.4,0.35940858709698914
Normal,2,2,C_nestedCV,0.1,3.7,0.8611375561264455
Normal,2,2,C_nestedCV,0.3,3.7,0.9052116356304493
Normal,2,2,C_nestedCV,0.5,3.7,0.9052116356304493
Normal,2,2,C_nestedCV,1.0,3.7,0.9052116356304493
Normal,2,2,C_nestedCV,2.0,13.3,1.0
Normal,2,2,C_nestedCV,4.0,12.0,1.0
Normal,2,2,D_attr_as_feature,0.25,12.9,0.8899541168509599
Normal,2,2,D_attr_as_feature,0.5,13.8,0.933745776545611
Normal,2,2,D_attr_as_feature,1.0,9.2,0.933745776545611
Normal,2,2,D_attr_as_feature,2.0,8.0,0.6008092243135124
Normal,2,2,D_attr_as_feature,4.0,8.8,0.7136540102475308
Normal,3,0,rule,0.0,10.3,0.84860265890399
Normal,3,0,rule,0.15,9.0,0.8572048559638626
Normal,3,0,rule,0.3,7.0,0.9266360779006398
Normal,3,0,rule,0.6,4.8,0.8579809428223729
Normal,3,0,rule,1.0,4.3,0.8630152897016883
Normal,3,0,rule,1.5,3.9,0.84860265890399
Normal,3,0,rule,2.5,3.4,0.7720617383222416
Normal,3,0,A_text_objective,0.5,7.8,0.8611375561264455
Normal,3,0,A_text_objective,1.0,9.8,0.9052116356304493
Normal,3,0,A_text_objective,2.0,11.7,0.6442227883107535
Normal,3,0,A_text_objective,5.0,12.3,0.933745776545611
Normal,3,0,A_text_objective,10.0,12.0,0.7624164915943118
Normal,3,0,B_lambdamart,0.25,4.2,0.5423640154200349
Normal,3,0,B_lambdamart,0.5,7.6,0.6879509227782193
Normal,3,0,B_lambdamart,1.0,7.5,0.8414929602590189
Normal,3,0,B_lambdamart,2.0,5.7,0.6479530784491744
Normal,3,0,B_lambdamart,4.0,7.6,0.6403089930936582
Normal,3,0,C_nestedCV,0.1,3.8,0.8630152897016883
Normal,3,0,C_nestedCV,0.3,3.5,0.7967610662472993
Normal,3,0,C_nestedCV,0.5,3.5,0.7967610662472993
Normal,3,0,C_nestedCV,1.0,3.5,0.7967610662472993
Normal,3,0,C_nestedCV,2.0,3.5,0.7967610662472993
Normal,3,0,C_nestedCV,4.0,3.5,0.7967610662472993
Normal,3,0,D_attr_as_feature,0.25,9.1,0.9100342589944143
Normal,3,0,D_attr_as_feature,0.5,16.9,0.8512360941594274
Normal,3,0,D_attr_as_feature,1.0,10.2,0.5333576782543336
Normal,3,0,D_attr_as_feature,2.0,6.8,0.6267310462031457
Normal,3,0,D_attr_as_feature,4.0,8.5,0.6969179698201174
Normal,3,1,rule,0.0,12.7,0.7314470771099788
Normal,3,1,rule,0.15,10.8,0.6929852696575346
Normal,3,1,rule,0.3,10.1,0.6848374495230164
Normal,3,1,rule,0.6,6.7,0.7663491917568948
Normal,3,1,rule,1.0,5.8,0.7000949683025057
Normal,3,1,rule,1.5,5.2,0.6969383549984333
Normal,3,1,rule,2.5,4.0,0.7720617383222416
Normal,3,1,A_text_objective,0.5,9.8,0.9216017310213245
Normal,3,1,A_text_objective,1.0,9.9,0.9216017310213245
Normal,3,1,A_text_objective,2.0,13.1,0.7859162856301584
Normal,3,1,A_text_objective,5.0,12.0,0.8364586133797036
Normal,3,1,A_text_objective,10.0,10.4,0.77523873680463
Normal,3,1,B_lambdamart,0.25,15.4,0.715550648768261
Normal,3,1,B_lambdamart,0.5,5.3,0.43545584062957987
Normal,3,1,B_lambdamart,1.0,11.7,0.7215194105726964
Normal,3,1,B_lambdamart,2.0,3.9,0.7819835854675755
Normal,3,1,B_lambdamart,4.0,7.9,0.6235744328990731
Normal,3,1,C_nestedCV,0.1,3.7,0.8414929602590189
Normal,3,1,C_nestedCV,0.3,3.8,0.8454256604216017
Normal,3,1,C_nestedCV,0.5,3.6,0.8454256604216017
Normal,3,1,C_nestedCV,1.0,3.6,0.8454256604216017
Normal,3,1,C_nestedCV,2.0,3.6,0.8454256604216017
Normal,3,1,C_nestedCV,4.0,3.6,0.8454256604216017
Normal,3,1,D_attr_as_feature,0.25,11.4,0.579782773204422
Normal,3,1,D_attr_as_feature,0.5,14.8,0.6316243658611127
Normal,3,1,D_attr_as_feature,1.0,11.0,0.38541299932114076
Normal,3,1,D_attr_as_feature,2.0,6.4,0.4373524791503101
Normal,3,1,D_attr_as_feature,4.0,9.2,0.7034066032439746
Normal,3,2,rule,0.0,11.5,0.8482378089219645
Normal,3,2,rule,0.15,9.3,0.7720617383222416
Normal,3,2,rule,0.3,9.3,0.772837825180752
Normal,3,2,rule,0.6,6.9,0.7951657524814092
Normal,3,2,rule,1.0,5.0,0.8200685179888283
Normal,3,2,rule,1.5,4.2,0.7682269253321374
Normal,3,2,rule,2.5,4.2,0.7885497208855956
Normal,3,2,A_text_objective,0.5,10.1,1.0
Normal,3,2,A_text_objective,1.0,10.1,1.0
Normal,3,2,A_text_objective,2.0,10.6,1.0
Normal,3,2,A_text_objective,5.0,13.0,0.9363792118010483
Normal,3,2,A_text_objective,10.0,11.9,1.0
Normal,3,2,B_lambdamart,0.25,5.2,0.44510108735750964
Normal,3,2,B_lambdamart,0.5,8.6,0.9052116356304493
Normal,3,2,B_lambdamart,1.0,12.5,0.6442227883107535
Normal,3,2,B_lambdamart,2.0,7.5,0.8899541168509599
Normal,3,2,B_lambdamart,4.0,11.3,0.3858930373209064
Normal,3,2,C_nestedCV,0.1,4.3,0.7967610662472993
Normal,3,2,C_nestedCV,0.3,4.2,0.8553475075669357
Normal,3,2,C_nestedCV,0.5,4.2,0.8553475075669357
Normal,3,2,C_nestedCV,1.0,4.2,0.8603818544462509
Normal,3,2,C_nestedCV,2.0,4.2,0.8603818544462509
Normal,3,2,C_nestedCV,4.0,3.8,0.9266360779006398
Normal,3,2,D_attr_as_feature,0.25,12.2,0.8092916130343137
Normal,3,2,D_attr_as_feature,0.5,12.2,0.8899541168509599
Normal,3,2,D_attr_as_feature,1.0,12.4,0.914856882358379
Normal,3,2,D_attr_as_feature,2.0,7.2,0.7529694065526481
Normal,3,2,D_attr_as_feature,4.0,8.3,0.65
Normal,4,0,rule,0.0,13.4,0.7753366239771086
Normal,4,0,rule,0.15,11.4,0.7655934900767002
Normal,4,0,rule,0.3,9.0,0.7877736340270853
Normal,4,0,rule,0.6,6.6,0.7065632165480472
Normal,4,0,rule,1.0,5.9,0.5964984284535196
Normal,4,0,rule,1.5,4.0,0.5399873388995391
Normal,4,0,rule,2.5,3.6,0.5914640815742043
Normal,4,0,A_text_objective,0.5,10.8,0.8415908474314976
Normal,4,0,A_text_objective,1.0,9.1,0.8611375561264455
Normal,4,0,A_text_objective,2.0,12.4,0.7819835854675755
Normal,4,0,A_text_objective,5.0,10.4,0.9052116356304493
Normal,4,0,A_text_objective,10.0,11.4,0.835780413693672
Normal,4,0,B_lambdamart,0.25,4.2,0.6316243658611127
Normal,4,0,B_lambdamart,0.5,10.3,0.6311443278613471
Normal,4,0,B_lambdamart,1.0,16.5,0.4484735116889824
Normal,4,0,B_lambdamart,2.0,6.8,0.9363792118010483
Normal,4,0,B_lambdamart,4.0,10.0,0.7
Normal,4,0,C_nestedCV,0.1,3.8,0.5494344239412028
Normal,4,0,C_nestedCV,0.3,3.8,0.55206785919664
Normal,4,0,C_nestedCV,0.5,3.8,0.55206785919664
Normal,4,0,C_nestedCV,1.0,3.8,0.55206785919664
Normal,4,0,C_nestedCV,2.0,3.4,0.6156886473955917
Normal,4,0,C_nestedCV,4.0,3.4,0.6156886473955917
Normal,4,0,D_attr_as_feature,0.25,11.6,0.4728935033594544
Normal,4,0,D_attr_as_feature,0.5,13.4,0.6848374495230164
Normal,4,0,D_attr_as_feature,1.0,10.7,0.7100226348397881
Normal,4,0,D_attr_as_feature,2.0,8.8,0.8048109992093389
Normal,4,0,D_attr_as_feature,4.0,9.0,0.7917063341896682
Normal,4,1,rule,0.0,12.5,0.7564477297898765
Normal,4,1,rule,0.15,9.5,0.7315449642824575
Normal,4,1,rule,0.3,6.4,0.7951657524814092
Normal,4,1,rule,0.6,5.3,0.7353797772725615
Normal,4,1,rule,1.0,4.4,0.6754160255557639
Normal,4,1,rule,1.5,4.3,0.7416702490101529
Normal,4,1,rule,2.5,4.1,0.6830838076905165
Normal,4,1,A_text_objective,0.5,9.8,1.0
Normal,4,1,A_text_objective,1.0,11.8,1.0
Normal,4,1,A_text_objective,2.0,9.8,0.914856882358379
Normal,4,1,A_text_objective,5.0,9.5,1.0
Normal,4,1,A_text_objective,10.0,9.9,0.9266360779006398
Normal,4,1,B_lambdamart,0.25,5.1,0.5199967979955744
Normal,4,1,B_lambdamart,0.5,10.5,0.8611375561264455
Normal,4,1,B_lambdamart,1.0,8.6,0.7151857987862356
Normal,4,1,B_lambdamart,2.0,5.1,0.9052116356304493
Normal,4,1,B_lambdamart,4.0,7.4,0.7885497208855956
Normal,4,1,C_nestedCV,0.1,4.0,0.6754160255557639
Normal,4,1,C_nestedCV,0.3,4.2,0.6830838076905165
Normal,4,1,C_nestedCV,0.5,4.2,0.6911279212606076
Normal,4,1,C_nestedCV,1.0,5.4,0.6083169141195838
Normal,4,1,C_nestedCV,2.0,6.3,0.5983950669742498
Normal,4,1,C_nestedCV,4.0,9.9,0.7289115290270202
Normal,4,1,D_attr_as_feature,0.25,8.1,0.5184650094568697
Normal,4,1,D_attr_as_feature,0.5,7.3,0.7631925784528222
Normal,4,1,D_attr_as_feature,1.0,7.1,0.8512360941594274
Normal,4,1,D_attr_as_feature,2.0,8.6,0.5444390998068954
Normal,4,1,D_attr_as_feature,4.0,7.5,0.6698623505528797
Normal,4,2,rule,0.0,13.0,0.9363792118010483
Normal,4,2,rule,0.15,11.9,0.9363792118010483
Normal,4,2,rule,0.3,8.5,0.9266360779006398
Normal,4,2,rule,0.6,6.9,0.9216017310213245
Normal,4,2,rule,1.0,6.0,0.8899541168509599
Normal,4,2,rule,1.5,3.7,0.8165901947515998
Normal,4,2,rule,2.5,3.6,0.7600791051976192
Normal,4,2,A_text_objective,0.5,12.5,0.8115558478722845
Normal,4,2,A_text_objective,1.0,12.0,0.9305687780632227
Normal,4,2,A_text_objective,2.0,10.4,0.8899541168509599
Normal,4,2,A_text_objective,5.0,13.6,1.0
Normal,4,2,A_text_objective,10.0,15.4,0.8389574121760602
Normal,4,2,B_lambdamart,0.25,3.9,0.8263333286520083
Normal,4,2,B_lambdamart,0.5,15.1,0.3831704157638725
Normal,4,2,B_lambdamart,1.0,12.0,0.5181001594748442
Normal,4,2,B_lambdamart,2.0,4.9,0.5884674004369674
Normal,4,2,B_lambdamart,4.0,7.0,0.8048109992093389
Normal,4,2,C_nestedCV,0.1,4.0,0.835780413693672
Normal,4,2,C_nestedCV,0.3,4.0,0.8205228949141826
Normal,4,2,C_nestedCV,0.5,4.0,0.8205228949141826
Normal,4,2,C_nestedCV,1.0,4.0,0.8205228949141826
Normal,4,2,C_nestedCV,2.0,4.0,0.8165901947515998
Normal,4,2,C_nestedCV,4.0,8.5,0.933745776545611
Normal,4,2,D_attr_as_feature,0.25,14.3,0.7909506325094736
Normal,4,2,D_attr_as_feature,0.5,10.1,0.7948833326720566
Normal,4,2,D_attr_as_feature,1.0,11.0,0.7065443116025597
Normal,4,2,D_attr_as_feature,2.0,7.9,0.7116179486056783
Normal,4,2,D_attr_as_feature,4.0,9.0,0.7605591431973849
Oily,0,0,rule,0.0,13.1,0.6117748521784964
Oily,0,0,rule,0.15,10.7,0.7097402150304355
Oily,0,0,rule,0.3,9.4,0.7254521107352793
Oily,0,0,rule,0.6,6.7,0.772837825180752
Oily,0,0,rule,1.0,6.2,0.7624164915943118
Oily,0,0,rule,1.5,4.3,0.5958595188912912
Oily,0,0,rule,2.5,3.6,0.4671223597454321
Oily,0,0,A_text_objective,0.5,10.9,0.5621931439243355
Oily,0,0,A_text_objective,1.0,11.0,0.6405914129030108
Oily,0,0,A_text_objective,2.0,9.8,0.6114735274236563
Oily,0,0,A_text_objective,5.0,10.5,0.6067216003536937
Oily,0,0,A_text_objective,10.0,10.2,0.5933607200949346
Oily,0,0,B_lambdamart,0.25,4.5,0.7542686714597936
Oily,0,0,B_lambdamart,0.5,9.9,0.7720617383222416
Oily,0,0,B_lambdamart,1.0,8.3,0.6961622681399229
Oily,0,0,B_lambdamart,2.0,6.3,0.5470202666019404
Oily,0,0,B_lambdamart,4.0,12.2,0.55206785919664
Oily,0,0,C_nestedCV,0.1,3.8,0.5333765831998211
Oily,0,0,C_nestedCV,0.3,3.7,0.5621931439243355
Oily,0,0,C_nestedCV,0.5,4.3,0.5017493542077721
Oily,0,0,C_nestedCV,1.0,5.8,0.6332196796270029
Oily,0,0,C_nestedCV,2.0,5.8,0.6332196796270029
Oily,0,0,C_nestedCV,4.0,5.8,0.6332196796270029
Oily,0,0,D_attr_as_feature,0.25,15.3,0.7257345305446319
Oily,0,0,D_attr_as_feature,0.5,10.1,0.5774250016294136
Oily,0,0,D_attr_as_feature,1.0,12.6,0.6691255538181727
Oily,0,0,D_attr_as_feature,2.0,7.5,0.6222504323781709
Oily,0,0,D_attr_as_feature,4.0,8.5,0.756902106715231
Oily,0,1,rule,0.0,14.0,0.8572048559638626
Oily,0,1,rule,0.15,10.0,0.8454256604216017
Oily,0,1,rule,0.3,8.8,0.8205228949141826
Oily,0,1,rule,0.6,5.3,0.7827392871477701
Oily,0,1,rule,1.0,4.9,0.7241528458281337
Oily,0,1,rule,1.5,4.9,0.7254521107352793
Oily,0,1,rule,2.5,4.0,0.685119869332369
Oily,0,1,A_text_objective,0.5,8.5,0.5847192329112587
Oily,0,1,A_text_objective,1.0,10.5,0.5337225282363591
Oily,0,1,A_text_objective,2.0,12.8,0.7799082337019198
Oily,0,1,A_text_objective,5.0,13.6,0.7859162856301584
Oily,0,1,A_text_objective,10.0,11.0,0.5270672065167423
Oily,0,1,B_lambdamart,0.25,16.5,0.5206178632166883
Oily,0,1,B_lambdamart,0.5,7.4,0.8521705090845473
Oily,0,1,B_lambdamart,1.0,9.5,0.36865805394823986
Oily,0,1,B_lambdamart,2.0,9.2,0.5372903784169164
Oily,0,1,B_lambdamart,4.0,5.8,0.7353797772725615
Oily,0,1,C_nestedCV,0.1,3.8,0.7065632165480472
Oily,0,1,C_nestedCV,0.3,3.8,0.7164850636933812
Oily,0,1,C_nestedCV,0.5,3.6,0.6528642754944295
Oily,0,1,C_nestedCV,1.0,3.6,0.6578986223737447
Oily,0,1,C_nestedCV,2.0,3.6,0.6578986223737447
Oily,0,1,C_nestedCV,4.0,10.4,0.6848374495230164
Oily,0,1,D_attr_as_feature,0.25,15.0,0.7788065869851872
Oily,0,1,D_attr_as_feature,0.5,14.8,0.7759944384848245
Oily,0,1,D_attr_as_feature,1.0,8.7,0.5072380780124418
Oily,0,1,D_attr_as_feature,2.0,6.4,0.6929852696575346
Oily,0,1,D_attr_as_feature,4.0,8.7,0.7554381218710025
Oily,0,2,rule,0.0,12.2,0.9216017310213245
Oily,0,2,rule,0.15,8.4,1.0
Oily,0,2,rule,0.3,6.8,0.9363792118010483
Oily,0,2,rule,0.6,5.6,1.0
Oily,0,2,rule,1.0,4.9,0.9216017310213245
Oily,0,2,rule,1.5,3.9,0.8512360941594274
Oily,0,2,rule,2.5,3.2,0.7791714369672127
Oily,0,2,A_text_objective,0.5,8.9,0.7663491917568948
Oily,0,2,A_text_objective,1.0,8.6,0.6563033086078547
Oily,0,2,A_text_objective,2.0,6.8,0.46429130629958176
Oily,0,2,A_text_objective,5.0,8.9,0.7257345305446319
Oily,0,2,A_text_objective,10.0,8.4,0.7191184989488184
Oily,0,2,B_lambdamart,0.25,5.0,0.5302631099446181
Oily,0,2,B_lambdamart,0.5,9.9,0.866947989864271
Oily,0,2,B_lambdamart,1.0,10.3,0.8701249883466594
Oily,0,2,B_lambdamart,2.0,7.7,0.28351493630661884
Oily,0,2,B_lambdamart,4.0,11.7,0.84860265890399
Oily,0,2,C_nestedCV,0.1,3.1,0.7720617383222416
Oily,0,2,C_nestedCV,0.3,3.7,0.6961622681399229
Oily,0,2,C_nestedCV,0.5,4.1,0.7721596254947203
Oily,0,2,C_nestedCV,1.0,4.6,0.7819835854675755
Oily,0,2,C_nestedCV,2.0,4.6,0.7859162856301584
Oily,0,2,C_nestedCV,4.0,4.6,0.7859162856301584
Oily,0,2,D_attr_as_feature,0.25,10.5,0.750637296052051
Oily,0,2,D_attr_as_feature,0.5,13.1,0.7453016244178956
Oily,0,2,D_attr_as_feature,1.0,13.1,0.835780413693672
Oily,0,2,D_attr_as_feature,2.0,8.8,0.6168295842361275
Oily,0,2,D_attr_as_feature,4.0,8.8,0.5779050396291793
Oily,1,0,rule,0.0,16.7,0.9266360779006398
Oily,1,0,rule,0.15,10.4,0.8512360941594274
Oily,1,0,rule,0.3,8.7,0.8205228949141826
Oily,1,0,rule,0.6,5.3,0.5957616317188126
Oily,1,0,rule,1.0,4.9,0.6530488081313034
Oily,1,0,rule,1.5,4.5,0.6523706084452717
Oily,1,0,rule,2.5,4.0,0.6678262889110271
Oily,1,0,A_text_objective,0.5,9.9,0.8579809428223729
Oily,1,0,A_text_objective,1.0,9.1,0.8521705090845473
Oily,1,0,A_text_objective,2.0,9.8,0.8364586133797036
Oily,1,0,A_text_objective,5.0,10.4,0.9266360779006398
Oily,1,0,A_text_objective,10.0,9.3,0.9305687780632227
Oily,1,0,B_lambdamart,0.25,4.0,0.7529694065526481
Oily,1,0,B_lambdamart,0.5,6.5,0.4966757172046536
Oily,1,0,B_lambdamart,1.0,14.6,0.8205228949141826
Oily,1,0,B_lambdamart,2.0,6.4,0.6968404678259545
Oily,1,0,B_lambdamart,4.0,9.2,0.4982506457922279
Oily,1,0,C_nestedCV,0.1,3.9,0.5619107241149829
Oily,1,0,C_nestedCV,0.3,3.9,0.5619107241149829
Oily,1,0,C_nestedCV,0.5,3.9,0.5669450709942981
Oily,1,0,C_nestedCV,1.0,3.9,0.5695785062497354
Oily,1,0,C_nestedCV,2.0,4.8,0.618519700841442
Oily,1,0,C_nestedCV,4.0,5.1,0.618519700841442
Oily,1,0,D_attr_as_feature,0.25,19.1,0.7136540102475308
Oily,1,0,D_attr_as_feature,0.5,13.0,0.7849818707050383
Oily,1,0,D_attr_as_feature,1.0,13.6,0.8389574121760602
Oily,1,0,D_attr_as_feature,2.0,10.1,0.933745776545611
Oily,1,0,D_attr_as_feature,4.0,8.8,0.6405914129030108
Oily,1,1,rule,0.0,9.6,0.7411902110103872
Oily,1,1,rule,0.15,8.9,0.8236998933965709
Oily,1,1,rule,0.3,8.0,0.8899541168509599
Oily,1,1,rule,0.6,6.8,0.914856882358379
Oily,1,1,rule,1.0,5.6,0.8454256604216017
Oily,1,1,rule,1.5,4.1,0.9216017310213245
Oily,1,1,rule,2.5,3.6,0.8899541168509599
Oily,1,1,A_text_objective,0.5,9.1,0.6163668470816234
Oily,1,1,A_text_objective,1.0,7.1,0.7015099647232445
Oily,1,1,A_text_objective,2.0,8.1,0.5462574254588145
Oily,1,1,A_text_objective,5.0,8.9,0.7799082337019198
Oily,1,1,A_text_objective,10.0,13.0,0.8899541168509599
Oily,1,1,B_lambdamart,0.25,4.0,0.8414929602590189
Oily,1,1,B_lambdamart,0.5,7.9,0.6528642754944295
Oily,1,1,B_lambdamart,1.0,9.5,0.6678262889110271
Oily,1,1,B_lambdamart,2.0,5.0,0.8579809428223729
Oily,1,1,B_lambdamart,4.0,9.3,0.2122263659729146
Oily,1,1,C_nestedCV,0.1,4.0,0.8611375561264455
Oily,1,1,C_nestedCV,0.3,4.0,0.8611375561264455
Oily,1,1,C_nestedCV,0.5,4.0,0.8611375561264455
Oily,1,1,C_nestedCV,1.0,4.0,0.8611375561264455
Oily,1,1,C_nestedCV,2.0,3.8,0.7948833326720566
Oily,1,1,C_nestedCV,4.0,9.6,0.7411902110103872
Oily,1,1,D_attr_as_feature,0.25,16.0,0.6110191504983019
Oily,1,1,D_attr_as_feature,0.5,17.0,0.375767752593211
Oily,1,1,D_attr_as_feature,1.0,15.7,0.6975961695061491
Oily,1,1,D_attr_as_feature,2.0,6.7,0.3674585200590288
Oily,1,1,D_attr_as_feature,4.0,8.4,0.5
Oily,1,2,rule,0.0,12.9,0.8200685179888283
Oily,1,2,rule,0.15,5.9,0.721801830382049
Oily,1,2,rule,0.3,5.0,0.7264127302306636
Oily,1,2,rule,0.6,4.4,0.6717589890736099
Oily,1,2,rule,1.0,4.1,0.6207622843987103
Oily,1,2,rule,1.5,3.7,0.6830838076905165
Oily,1,2,rule,2.5,3.4,0.6627919420317119
Oily,1,2,A_text_objective,0.5,9.4,0.70937536504841
Oily,1,2,A_text_objective,1.0,9.0,0.6468562235661908
Oily,1,2,A_text_objective,2.0,7.6,0.6067216003536937
Oily,1,2,A_text_objective,5.0,9.2,0.7799082337019198
Oily,1,2,A_text_objective,10.0,11.1,0.7510916729774054
Oily,1,2,B_lambdamart,0.25,4.1,0.6969383549984333
Oily,1,2,B_lambdamart,0.5,10.1,0.8899541168509599
Oily,1,2,B_lambdamart,1.0,10.2,0.7353797772725615
Oily,1,2,B_lambdamart,2.0,6.1,0.42248146163354877
Oily,1,2,B_lambdamart,4.0,10.0,0.45841207143847534
Oily,1,2,C_nestedCV,0.1,3.6,0.7264127302306636
Oily,1,2,C_nestedCV,0.3,3.4,0.6627919420317119
Oily,1,2,C_nestedCV,0.5,3.4,0.6651928536555898
Oily,1,2,C_nestedCV,1.0,4.1,0.6437684113853992
Oily,1,2,C_nestedCV,2.0,4.5,0.6627919420317119
Oily,1,2,C_nestedCV,4.0,5.4,0.6569815082938862
Oily,1,2,D_attr_as_feature,0.25,11.8,0.9363792118010483
Oily,1,2,D_attr_as_feature,0.5,13.8,0.9216017310213245
Oily,1,2,D_attr_as_feature,1.0,10.4,0.6652907408280685
Oily,1,2,D_attr_as_feature,2.0,6.5,0.6683063269107927
Oily,1,2,D_attr_as_feature,4.0,6.7,0.6339753813071974
Oily,2,0,rule,0.0,11.5,0.6163668470816234
Oily,2,0,rule,0.15,10.1,0.5469356251448461
Oily,2,0,rule,0.3,5.7,0.5469356251448461
Oily,2,0,rule,0.6,4.8,0.5481351590340573
Oily,2,0,rule,1.0,4.7,0.67269340399873
Oily,2,0,rule,1.5,4.3,0.6812060741152737
Oily,2,0,rule,2.5,3.8,0.7315449642824575
Oily,2,0,A_text_objective,0.5,10.0,0.36284762021041433
Oily,2,0,A_text_objective,1.0,9.8,0.3822360008387525
Oily,2,0,A_text_objective,2.0,10.0,0.5305455297539707
Oily,2,0,A_text_objective,5.0,10.2,0.8236998933965709
Oily,2,0,A_text_objective,10.0,10.2,0.7411902110103872
Oily,2,0,B_lambdamart,0.25,5.0,0.6547216238913564
Oily,2,0,B_lambdamart,0.5,6.1,0.685119869332369
Oily,2,0,B_lambdamart,1.0,9.8,0.9266360779006398
Oily,2,0,B_lambdamart,2.0,5.9,0.6659485553357843
Oily,2,0,B_lambdamart,4.0,12.0,0.7600791051976192
Oily,2,0,C_nestedCV,0.1,3.4,0.8115558478722845
Oily,2,0,C_nestedCV,0.3,3.8,0.6687607038361472
Oily,2,0,C_nestedCV,0.5,4.6,0.6293644814585829
Oily,2,0,C_nestedCV,1.0,5.3,0.4760705018418427
Oily,2,0,C_nestedCV,2.0,5.3,0.4710361549625274
Oily,2,0,C_nestedCV,4.0,5.3,0.4710361549625274
Oily,2,0,D_attr_as_feature,0.25,15.9,0.5711601909662335
Oily,2,0,D_attr_as_feature,0.5,17.6,0.6154062275862391
Oily,2,0,D_attr_as_feature,1.0,10.1,0.6563033086078547
Oily,2,0,D_attr_as_feature,2.0,8.4,0.835780413693672
Oily,2,0,D_attr_as_feature,4.0,9.8,0.6772733739526908
Oily,2,1,rule,0.0,10.9,0.933745776545611
Oily,2,1,rule,0.15,7.8,0.9363792118010483
Oily,2,1,rule,0.3,6.3,0.933745776545611
Oily,2,1,rule,0.6,6.3,0.933745776545611
Oily,2,1,rule,1.0,5.3,0.9052116356304493
Oily,2,1,rule,1.5,4.7,0.8263333286520083
Oily,2,1,rule,2.5,4.1,0.7682269253321374
Oily,2,1,A_text_objective,0.5,12.0,1.0
Oily,2,1,A_text_objective,1.0,11.8,1.0
Oily,2,1,A_text_objective,2.0,11.6,0.9305687780632227
Oily,2,1,A_text_objective,5.0,11.2,1.0
Oily,2,1,A_text_objective,10.0,8.7,0.914856882358379
Oily,2,1,B_lambdamart,0.25,3.7,0.46392645631755625
Oily,2,1,B_lambdamart,0.5,9.9,0.7015099647232445
Oily,2,1,B_lambdamart,1.0,13.0,0.5548989126424904
Oily,2,1,B_lambdamart,2.0,5.6,0.7951657524814092
Oily,2,1,B_lambdamart,4.0,9.4,0.4671034547999446
Oily,2,1,C_nestedCV,0.1,3.8,0.7116179486056783
Oily,2,1,C_nestedCV,0.3,3.8,0.7084409501232899
Oily,2,1,C_nestedCV,0.5,3.8,0.7034066032439746
Oily,2,1,C_nestedCV,1.0,3.7,0.7007731679885374
Oily,2,1,C_nestedCV,2.0,7.7,0.9216017310213245
Oily,2,1,C_nestedCV,4.0,10.9,0.933745776545611
Oily,2,1,D_attr_as_feature,0.25,17.5,0.7133080652109928
Oily,2,1,D_attr_as_feature,0.5,19.6,0.8482378089219645
Oily,2,1,D_attr_as_feature,1.0,8.1,0.7600791051976192
Oily,2,1,D_attr_as_feature,2.0,7.1,0.6403089930936582
Oily,2,1,D_attr_as_feature,4.0,8.4,0.6235744328990731
Oily,2,2,rule,0.0,12.8,0.9305687780632227
Oily,2,2,rule,0.15,9.9,0.7788065869851872
Oily,2,2,rule,0.3,9.4,0.7416702490101529
Oily,2,2,rule,0.6,6.9,0.5582604437617527
Oily,2,2,rule,1.0,5.4,0.5836175861945261
Oily,2,2,rule,1.5,5.0,0.6528642754944295
Oily,2,2,rule,2.5,3.8,0.6402900881481708
Oily,2,2,A_text_objective,0.5,13.0,0.8643145546088338
Oily,2,2,A_text_objective,1.0,12.4,0.6311443278613471
Oily,2,2,A_text_objective,2.0,10.1,0.7222954974312067
Oily,2,2,A_text_objective,5.0,12.4,0.7538142945344393
Oily,2,2,A_text_objective,10.0,11.1,0.8899541168509599
Oily,2,2,B_lambdamart,0.25,3.7,0.5914640815742043
Oily,2,2,B_lambdamart,0.5,6.3,0.7849818707050383
Oily,2,2,B_lambdamart,1.0,12.4,0.7655934900767002
Oily,2,2,B_lambdamart,2.0,6.9,0.6468562235661908
Oily,2,2,B_lambdamart,4.0,13.4,0.505360344437199
Oily,2,2,C_nestedCV,0.1,3.4,0.5766692999492191
Oily,2,2,C_nestedCV,0.3,3.5,0.5766692999492191
Oily,2,2,C_nestedCV,0.5,3.5,0.5766692999492191
Oily,2,2,C_nestedCV,1.0,3.5,0.5766692999492191
Oily,2,2,C_nestedCV,2.0,3.5,0.5734923014668307
Oily,2,2,C_nestedCV,4.0,3.5,0.5617131059245698
Oily,2,2,D_attr_as_feature,0.25,11.3,0.6087994266167409
Oily,2,2,D_attr_as_feature,0.5,11.3,0.557597273824465
Oily,2,2,D_attr_as_feature,1.0,12.9,0.5036067026046991
Oily,2,2,D_attr_as_feature,2.0,7.0,0.4982506457922279
Oily,2,2,D_attr_as_feature,4.0,10.3,0.4228506620510153
Oily,3,0,rule,0.0,10.1,0.8572048559638626
Oily,3,0,rule,0.15,8.7,0.8454256604216017
Oily,3,0,rule,0.3,8.7,0.8454256604216017
Oily,3,0,rule,0.6,6.9,0.9052116356304493
Oily,3,0,rule,1.0,4.6,0.8268133666517739
Oily,3,0,rule,1.5,4.3,0.8268133666517739
Oily,3,0,rule,2.5,4.1,0.7411902110103872
Oily,3,0,A_text_objective,0.5,10.7,0.5730379245414764
Oily,3,0,A_text_objective,1.0,7.1,0.7453016244178956
Oily,3,0,A_text_objective,2.0,8.2,0.6772733739526908
Oily,3,0,A_text_objective,5.0,6.6,0.8263333286520083
Oily,3,0,A_text_objective,10.0,9.8,0.7655934900767002
Oily,3,0,B_lambdamart,0.25,4.7,0.6313419460517601
Oily,3,0,B_lambdamart,0.5,8.2,0.8165901947515998
Oily,3,0,B_lambdamart,1.0,11.1,0.7133080652109928
Oily,3,0,B_lambdamart,2.0,7.7,0.4858136357422511
Oily,3,0,B_lambdamart,4.0,9.3,0.6627919420317119
Oily,3,0,C_nestedCV,0.1,3.9,0.6555476069276601
Oily,3,0,C_nestedCV,0.3,4.2,0.6523706084452717
Oily,3,0,C_nestedCV,0.5,4.5,0.721801830382049
Oily,3,0,C_nestedCV,1.0,4.6,0.7385567757549499
Oily,3,0,C_nestedCV,2.0,6.2,0.8899541168509599
Oily,3,0,C_nestedCV,4.0,8.1,0.8899541168509599
Oily,3,0,D_attr_as_feature,0.25,13.4,0.685119869332369
Oily,3,0,D_attr_as_feature,0.5,12.9,0.780757472119152
Oily,3,0,D_attr_as_feature,1.0,9.0,0.9052116356304493
Oily,3,0,D_attr_as_feature,2.0,7.5,0.532877640254568
Oily,3,0,D_attr_as_feature,4.0,9.9,0.3940151963810134
Oily,3,1,rule,0.0,10.5,0.6816604510406281
Oily,3,1,rule,0.15,9.8,0.67269340399873
Oily,3,1,rule,0.3,7.3,0.5925846332364243
Oily,3,1,rule,0.6,6.5,0.587550286357109
Oily,3,1,rule,1.0,4.9,0.6659485553357843
Oily,3,1,rule,1.5,4.0,0.6243301345792677
Oily,3,1,rule,2.5,3.4,0.5658245193320781
Oily,3,1,A_text_objective,0.5,9.8,0.8611375561264455
Oily,3,1,A_text_objective,1.0,9.9,0.9363792118010483
Oily,3,1,A_text_objective,2.0,11.2,0.866947989864271
Oily,3,1,A_text_objective,5.0,11.5,0.6363762929310754
Oily,3,1,A_text_objective,10.0,10.9,0.8521705090845473
Oily,3,1,B_lambdamart,0.25,12.4,0.8236998933965709
Oily,3,1,B_lambdamart,0.5,8.8,0.6363762929310754
Oily,3,1,B_lambdamart,1.0,8.6,0.6809047493604335
Oily,3,1,B_lambdamart,2.0,3.5,0.5455017237786199
Oily,3,1,B_lambdamart,4.0,8.1,0.26873745552689515
Oily,3,1,C_nestedCV,0.1,3.3,0.5430029249822633
Oily,3,1,C_nestedCV,0.3,3.3,0.5430029249822633
Oily,3,1,C_nestedCV,0.5,3.5,0.5430029249822633
Oily,3,1,C_nestedCV,1.0,3.4,0.5430029249822633
Oily,3,1,C_nestedCV,2.0,5.4,0.5079937796926363
Oily,3,1,C_nestedCV,4.0,5.4,0.5079937796926363
Oily,3,1,D_attr_as_feature,0.25,11.6,0.5579780239524
Oily,3,1,D_attr_as_feature,0.5,11.6,0.45184593602045525
Oily,3,1,D_attr_as_feature,1.0,8.5,0.45795769451312096
Oily,3,1,D_attr_as_feature,2.0,6.8,0.30623864348395513
Oily,3,1,D_attr_as_feature,4.0,9.1,0.6652907408280685
Oily,3,2,rule,0.0,12.5,0.6154062275862391
Oily,3,2,rule,0.15,10.2,0.6090726157997783
Oily,3,2,rule,0.3,7.0,0.5266128295913879
Oily,3,2,rule,0.6,5.0,0.6235540477207573
Oily,3,2,rule,1.0,3.8,0.6929852696575346
Oily,3,2,rule,1.5,3.6,0.7381919257729244
Oily,3,2,rule,2.5,3.2,0.7381919257729244
Oily,3,2,A_text_objective,0.5,10.2,0.6281460426238843
Oily,3,2,A_text_objective,1.0,10.6,0.6163668470816234
Oily,3,2,A_text_objective,2.0,9.3,0.41388361500911724
Oily,3,2,A_text_objective,5.0,10.3,0.7695261902392829
Oily,3,2,A_text_objective,10.0,8.5,0.6569815082938862
Oily,3,2,B_lambdamart,0.25,6.3,0.7951657524814092
Oily,3,2,B_lambdamart,0.5,12.3,0.5727555047321238
Oily,3,2,B_lambdamart,1.0,14.1,0.7059054020403313
Oily,3,2,B_lambdamart,2.0,6.6,0.49545888247018083
Oily,3,2,B_lambdamart,4.0,8.3,0.4225749983705864
Oily,3,2,C_nestedCV,0.1,3.1,0.7479350596733328
Oily,3,2,C_nestedCV,0.3,3.1,0.7479350596733328
Oily,3,2,C_nestedCV,0.5,3.3,0.8115558478722845
Oily,3,2,C_nestedCV,1.0,3.3,0.8115558478722845
Oily,3,2,C_nestedCV,2.0,4.1,0.8389574121760602
Oily,3,2,C_nestedCV,4.0,11.3,0.8611375561264455
Oily,3,2,D_attr_as_feature,0.25,6.6,0.7753366239771086
Oily,3,2,D_attr_as_feature,0.5,14.6,0.8579809428223729
Oily,3,2,D_attr_as_feature,1.0,17.9,0.8389574121760602
Oily,3,2,D_attr_as_feature,2.0,6.3,0.2758471541718663
Oily,3,2,D_attr_as_feature,4.0,6.8,0.5302631099446181
Oily,4,0,rule,0.0,14.1,0.7015099647232445
Oily,4,0,rule,0.15,11.5,0.8236998933965709
Oily,4,0,rule,0.3,10.2,0.8236998933965709
Oily,4,0,rule,0.6,7.9,0.8165901947515998
Oily,4,0,rule,1.0,4.9,0.7385567757549499
Oily,4,0,rule,1.5,4.4,0.6267310462031457
Oily,4,0,rule,2.5,3.8,0.5446757407423163
Oily,4,0,A_text_objective,0.5,9.6,0.7827392871477701
Oily,4,0,A_text_objective,1.0,8.7,0.6156886473955917
Oily,4,0,A_text_objective,2.0,9.3,0.7510916729774054
Oily,4,0,A_text_objective,5.0,10.6,0.7529694065526481
Oily,4,0,A_text_objective,10.0,11.7,0.7381919257729244
Oily,4,0,B_lambdamart,0.25,5.5,0.6698623505528797
Oily,4,0,B_lambdamart,0.5,7.8,0.727329844310522
Oily,4,0,B_lambdamart,1.0,12.3,0.5551469705065497
Oily,4,0,B_lambdamart,2.0,8.0,0.4883491838252098
Oily,4,0,B_lambdamart,4.0,8.6,0.24261785528500343
Oily,4,0,C_nestedCV,0.1,3.8,0.5328965452000554
Oily,4,0,C_nestedCV,0.3,3.8,0.5357086937004182
Oily,4,0,C_nestedCV,0.5,3.9,0.6366587127404281
Oily,4,0,C_nestedCV,1.0,6.0,0.7084409501232899
Oily,4,0,C_nestedCV,2.0,6.8,0.7788065869851872
Oily,4,0,C_nestedCV,4.0,10.7,0.9363792118010483
Oily,4,0,D_attr_as_feature,0.25,11.6,0.5552448576790284
Oily,4,0,D_attr_as_feature,0.5,15.3,0.8263333286520083
Oily,4,0,D_attr_as_feature,1.0,12.8,0.9052116356304493
Oily,4,0,D_attr_as_feature,2.0,7.4,0.7695445648825839
Oily,4,0,D_attr_as_feature,4.0,7.7,0.7702043899253147
Oily,4,1,rule,0.0,14.8,0.7289299036703212
Oily,4,1,rule,0.15,10.5,0.8364586133797036
Oily,4,1,rule,0.3,8.5,0.8454256604216017
Oily,4,1,rule,0.6,6.1,0.7967610662472993
Oily,4,1,rule,1.0,4.9,0.933745776545611
Oily,4,1,rule,1.5,4.3,0.866947989864271
Oily,4,1,rule,2.5,3.8,0.9216017310213245
Oily,4,1,A_text_objective,0.5,9.3,0.7605591431973849
Oily,4,1,A_text_objective,1.0,9.1,0.8414929602590189
Oily,4,1,A_text_objective,2.0,10.5,0.9216017310213245
Oily,4,1,A_text_objective,5.0,13.5,0.8611375561264455
Oily,4,1,A_text_objective,10.0,10.3,0.685119869332369
Oily,4,1,B_lambdamart,0.25,6.1,0.6332971816211658
Oily,4,1,B_lambdamart,0.5,11.7,0.568003577662161
Oily,4,1,B_lambdamart,1.0,11.6,1.0
Oily,4,1,B_lambdamart,2.0,7.1,0.523153411299647
Oily,4,1,B_lambdamart,4.0,10.6,0.7241528458281337
Oily,4,1,C_nestedCV,0.1,4.1,0.8521705090845473
Oily,4,1,C_nestedCV,0.3,3.7,0.9216017310213245
Oily,4,1,C_nestedCV,0.5,4.5,0.9266360779006398
Oily,4,1,C_nestedCV,1.0,5.3,1.0
Oily,4,1,C_nestedCV,2.0,5.3,1.0
Oily,4,1,C_nestedCV,4.0,5.3,1.0
Oily,4,1,D_attr_as_feature,0.25,10.4,0.6363762929310754
Oily,4,1,D_attr_as_feature,0.5,10.4,0.6987957033953601
Oily,4,1,D_attr_as_feature,1.0,12.7,0.7564477297898765
Oily,4,1,D_attr_as_feature,2.0,6.8,0.6468562235661908
Oily,4,1,D_attr_as_feature,4.0,12.8,0.5193185983095429
Oily,4,2,rule,0.0,11.8,0.7846170207230129
Oily,4,2,rule,0.15,10.2,0.7630946912803435
Oily,4,2,rule,0.3,8.7,0.6563033086078547
Oily,4,2,rule,0.6,5.5,0.6563033086078547
Oily,4,2,rule,1.0,4.6,0.6064391805443411
Oily,4,2,rule,1.5,4.4,0.6064391805443411
Oily,4,2,rule,2.5,3.7,0.5677211578528084
Oily,4,2,A_text_objective,0.5,6.6,0.8454256604216017
Oily,4,2,A_text_objective,1.0,5.7,0.84860265890399
Oily,4,2,A_text_objective,2.0,6.7,0.7753366239771086
Oily,4,2,A_text_objective,5.0,8.2,0.9363792118010483
Oily,4,2,A_text_objective,10.0,10.9,0.7411902110103872
Oily,4,2,B_lambdamart,0.25,3.7,0.706583601726363
Oily,4,2,B_lambdamart,0.5,8.4,0.34369669139214537
Oily,4,2,B_lambdamart,1.0,7.1,0.6117748521784964
Oily,4,2,B_lambdamart,2.0,5.4,0.3219505391887988
Oily,4,2,B_lambdamart,4.0,7.5,0.32542886242602725
Oily,4,2,C_nestedCV,0.1,3.6,0.5206178632166883
Oily,4,2,C_nestedCV,0.3,4.0,0.5868720866710774
Oily,4,2,C_nestedCV,0.5,4.2,0.575073986183329
Oily,4,2,C_nestedCV,1.0,6.0,0.6402900881481708
Oily,4,2,C_nestedCV,2.0,5.3,0.7510916729774054
Oily,4,2,C_nestedCV,4.0,5.3,0.7510916729774054
Oily,4,2,D_attr_as_feature,0.25,16.4,0.8318477135310891
Oily,4,2,D_attr_as_feature,0.5,11.9,0.5730379245414764
Oily,4,2,D_attr_as_feature,1.0,11.6,0.7631925784528222
Oily,4,2,D_attr_as_feature,2.0,6.2,0.5708588662113935
Oily,4,2,D_attr_as_feature,4.0,8.7,0.5677211578528084
Sensitive,0,0,rule,0.0,12.5,0.8572048559638626
Sensitive,0,0,rule,0.15,11.5,0.8318477135310891
Sensitive,0,0,rule,0.3,7.6,0.9052116356304493
Sensitive,0,0,rule,0.6,6.4,0.8236998933965709
Sensitive,0,0,rule,1.0,4.4,0.8236998933965709
Sensitive,0,0,rule,1.5,4.1,0.8572048559638626
Sensitive,0,0,rule,2.5,4.1,0.8482378089219645
Sensitive,0,0,A_text_objective,0.5,16.5,0.5136913296791441
Sensitive,0,0,A_text_objective,1.0,17.4,0.5265265757475339
Sensitive,0,0,A_text_objective,2.0,17.7,0.7135842986869697
Sensitive,0,0,A_text_objective,5.0,12.0,0.6468562235661908
Sensitive,0,0,A_text_objective,10.0,15.5,0.4079559975327841
Sensitive,0,0,B_lambdamart,0.25,7.1,0.579782773204422
Sensitive,0,0,B_lambdamart,0.5,12.6,0.394495234380779
Sensitive,0,0,B_lambdamart,1.0,12.5,0.5249921221298818
Sensitive,0,0,B_lambdamart,2.0,6.3,0.43293866718992224
Sensitive,0,0,B_lambdamart,4.0,11.5,0.30052609691860815
Sensitive,0,0,C_nestedCV,0.1,4.0,0.7849818707050383
Sensitive,0,0,C_nestedCV,0.3,4.0,0.7909506325094736
Sensitive,0,0,C_nestedCV,0.5,4.1,0.7909506325094736
Sensitive,0,0,C_nestedCV,1.0,4.0,0.8572048559638626
Sensitive,0,0,C_nestedCV,2.0,3.8,0.8572048559638626
Sensitive,0,0,C_nestedCV,4.0,3.7,0.7909506325094736
Sensitive,0,0,D_attr_as_feature,0.25,11.2,0.5653701424067238
Sensitive,0,0,D_attr_as_feature,0.5,8.0,0.8572048559638626
Sensitive,0,0,D_attr_as_feature,1.0,5.0,0.6180396628416764
Sensitive,0,0,D_attr_as_feature,2.0,8.5,0.6114735274236563
Sensitive,0,0,D_attr_as_feature,4.0,7.7,0.5965377185773229
Sensitive,0,1,rule,0.0,11.9,0.8521705090845473
Sensitive,0,1,rule,0.15,8.4,0.8006937664098821
Sensitive,0,1,rule,0.3,7.5,0.835780413693672
Sensitive,0,1,rule,0.6,5.1,0.8318477135310891
Sensitive,0,1,rule,1.0,4.8,0.8165901947515998
Sensitive,0,1,rule,1.5,3.7,0.8205228949141826
Sensitive,0,1,rule,2.5,3.2,0.8205228949141826
Sensitive,0,1,A_text_objective,0.5,12.9,0.8643145546088338
Sensitive,0,1,A_text_objective,1.0,11.8,0.7164850636933812
Sensitive,0,1,A_text_objective,2.0,12.0,0.7975167679274938
Sensitive,0,1,A_text_objective,5.0,14.0,0.8205228949141826
Sensitive,0,1,A_text_objective,10.0,13.6,0.8268133666517739
Sensitive,0,1,B_lambdamart,0.25,4.6,0.6371523797895857
Sensitive,0,1,B_lambdamart,0.5,11.5,0.8482378089219645
Sensitive,0,1,B_lambdamart,1.0,9.4,0.6235744328990731
Sensitive,0,1,B_lambdamart,2.0,6.2,0.476846588700353
Sensitive,0,1,B_lambdamart,4.0,9.1,0.35940858709698914
Sensitive,0,1,C_nestedCV,0.1,3.0,0.8205228949141826
Sensitive,0,1,C_nestedCV,0.3,3.2,0.8205228949141826
Sensitive,0,1,C_nestedCV,0.5,3.3,0.8899541168509599
Sensitive,0,1,C_nestedCV,1.0,3.2,0.8263333286520083
Sensitive,0,1,C_nestedCV,2.0,3.0,0.8205228949141826
Sensitive,0,1,C_nestedCV,4.0,6.6,0.914856882358379
Sensitive,0,1,D_attr_as_feature,0.25,7.1,0.8415908474314976
Sensitive,0,1,D_attr_as_feature,0.5,7.1,0.7162874455029681
Sensitive,0,1,D_attr_as_feature,1.0,7.3,0.4105719800676483
Sensitive,0,1,D_attr_as_feature,2.0,8.0,0.5653701424067238
Sensitive,0,1,D_attr_as_feature,4.0,11.8,0.4537425745411855
Sensitive,0,2,rule,0.0,9.7,0.8899541168509599
Sensitive,0,2,rule,0.15,6.2,0.8205228949141826
Sensitive,0,2,rule,0.3,6.2,0.7917063341896682
Sensitive,0,2,rule,0.6,4.7,0.7254521107352793
Sensitive,0,2,rule,1.0,4.5,0.7019727018777485
Sensitive,0,2,rule,1.5,3.9,0.7421246259355072
Sensitive,0,2,rule,2.5,3.7,0.6749359875559983
Sensitive,0,2,A_text_objective,0.5,9.9,0.6172839611614819
Sensitive,0,2,A_text_objective,1.0,10.5,0.5326208815196265
Sensitive,0,2,A_text_objective,2.0,8.4,0.5743371894486219
Sensitive,0,2,A_text_objective,5.0,8.5,0.576323354912681
Sensitive,0,2,A_text_objective,10.0,10.4,0.8389574121760602
Sensitive,0,2,B_lambdamart,0.25,6.3,0.6405914129030108
Sensitive,0,2,B_lambdamart,0.5,10.7,0.5045411175298191
Sensitive,0,2,B_lambdamart,1.0,5.1,0.6300426811446145
Sensitive,0,2,B_lambdamart,2.0,8.3,0.5983950669742498
Sensitive,0,2,B_lambdamart,4.0,9.1,0.3589542101716347
Sensitive,0,2,C_nestedCV,0.1,3.7,0.6652907408280685
Sensitive,0,2,C_nestedCV,0.3,3.7,0.58874982024632
Sensitive,0,2,C_nestedCV,0.5,3.9,0.5861163849908828
Sensitive,0,2,C_nestedCV,1.0,3.9,0.5771493379489847
Sensitive,0,2,C_nestedCV,2.0,3.8,0.5199967979955744
Sensitive,0,2,C_nestedCV,4.0,3.8,0.5231737964779628
Sensitive,0,2,D_attr_as_feature,0.25,12.5,0.6678262889110271
Sensitive,0,2,D_attr_as_feature,0.5,12.0,0.47293279348325773
Sensitive,0,2,D_attr_as_feature,1.0,5.0,0.65341800854877
Sensitive,0,2,D_attr_as_feature,2.0,8.0,0.3510684246681534
Sensitive,0,2,D_attr_as_feature,4.0,8.9,0.4631896595828493
Sensitive,1,0,rule,0.0,10.9,0.44773452261294694
Sensitive,1,0,rule,0.15,7.7,0.5621931439243355
Sensitive,1,0,rule,0.3,6.5,0.5868924718493931
Sensitive,1,0,rule,0.6,4.7,0.7416702490101529
Sensitive,1,0,rule,1.0,4.4,0.6870165078530993
Sensitive,1,0,rule,1.5,4.4,0.7084409501232899
Sensitive,1,0,rule,2.5,3.4,0.8521705090845473
Sensitive,1,0,A_text_objective,0.5,10.5,0.8553475075669357
Sensitive,1,0,A_text_objective,1.0,9.6,0.9216017310213245
Sensitive,1,0,A_text_objective,2.0,9.1,0.9305687780632227
Sensitive,1,0,A_text_objective,5.0,6.6,0.8165901947515998
Sensitive,1,0,A_text_objective,10.0,13.0,0.7315449642824575
Sensitive,1,0,B_lambdamart,0.25,6.3,0.5648901044069582
Sensitive,1,0,B_lambdamart,0.5,11.4,0.8415908474314976
Sensitive,1,0,B_lambdamart,1.0,14.2,0.6618313225363276
Sensitive,1,0,B_lambdamart,2.0,8.0,0.6627919420317119
Sensitive,1,0,B_lambdamart,4.0,11.3,0.456899187845258
Sensitive,1,0,C_nestedCV,0.1,3.9,0.8482378089219645
Sensitive,1,0,C_nestedCV,0.3,3.9,0.8482378089219645
Sensitive,1,0,C_nestedCV,0.5,4.1,0.7682269253321374
Sensitive,1,0,C_nestedCV,1.0,4.7,0.7314470771099788
Sensitive,1,0,C_nestedCV,2.0,6.3,0.7411902110103872
Sensitive,1,0,C_nestedCV,4.0,6.3,0.7411902110103872
Sensitive,1,0,D_attr_as_feature,0.25,6.9,0.5559026721867443
Sensitive,1,0,D_attr_as_feature,0.5,10.0,0.5670429581667767
Sensitive,1,0,D_attr_as_feature,1.0,4.6,0.6812060741152737
Sensitive,1,0,D_attr_as_feature,2.0,10.1,0.6717589890736099
Sensitive,1,0,D_attr_as_feature,4.0,8.2,0.5184650094568697
Sensitive,1,1,rule,0.0,12.1,0.7353797772725615
Sensitive,1,1,rule,0.15,8.2,0.5621931439243355
Sensitive,1,1,rule,0.3,6.3,0.494639655562801
Sensitive,1,1,rule,0.6,6.2,0.49276192198755825
Sensitive,1,1,rule,1.0,4.8,0.4409203293308675
Sensitive,1,1,rule,1.5,4.6,0.44510108735750964
Sensitive,1,1,rule,2.5,3.9,0.5747915663739763
Sensitive,1,1,A_text_objective,0.5,12.3,1.0
Sensitive,1,1,A_text_objective,1.0,14.4,1.0
Sensitive,1,1,A_text_objective,2.0,11.9,0.9266360779006398
Sensitive,1,1,A_text_objective,5.0,11.1,0.8572048559638626
Sensitive,1,1,A_text_objective,10.0,11.7,1.0
Sensitive,1,1,B_lambdamart,0.25,6.6,0.6281460426238843
Sensitive,1,1,B_lambdamart,0.5,9.9,0.44903378752009243
Sensitive,1,1,B_lambdamart,1.0,6.6,0.750637296052051
Sensitive,1,1,B_lambdamart,2.0,9.8,0.6947651160602988
Sensitive,1,1,B_lambdamart,4.0,12.6,0.4662774717636409
Sensitive,1,1,C_nestedCV,0.1,4.2,0.46299204139243627
Sensitive,1,1,C_nestedCV,0.3,4.2,0.48331483694589444
Sensitive,1,1,C_nestedCV,0.5,4.2,0.48331483694589444
Sensitive,1,1,C_nestedCV,1.0,4.1,0.558714820687107
Sensitive,1,1,C_nestedCV,2.0,3.8,0.4950940324881553
Sensitive,1,1,C_nestedCV,4.0,4.7,0.4673791184803735
Sensitive,1,1,D_attr_as_feature,0.25,9.2,0.72771634557325
Sensitive,1,1,D_attr_as_feature,0.5,11.7,0.7411902110103872
Sensitive,1,1,D_attr_as_feature,1.0,4.4,0.4165669464423478
Sensitive,1,1,D_attr_as_feature,2.0,5.6,0.7254521107352793
Sensitive,1,1,D_attr_as_feature,4.0,12.3,0.30623864348395513
Sensitive,1,2,rule,0.0,12.0,0.7975167679274938
Sensitive,1,2,rule,0.15,10.2,0.8603818544462509
Sensitive,1,2,rule,0.3,8.4,0.8643145546088338
Sensitive,1,2,rule,0.6,7.0,0.84860265890399
Sensitive,1,2,rule,1.0,5.1,0.8236998933965709
Sensitive,1,2,rule,1.5,4.8,0.7254521107352793
Sensitive,1,2,rule,2.5,3.5,0.6399441431116327
Sensitive,1,2,A_text_objective,0.5,12.9,0.8643145546088338
Sensitive,1,2,A_text_objective,1.0,11.6,0.9266360779006398
Sensitive,1,2,A_text_objective,2.0,13.1,0.8236998933965709
Sensitive,1,2,A_text_objective,5.0,12.1,0.9305687780632227
Sensitive,1,2,A_text_objective,10.0,12.8,0.8630152897016883
Sensitive,1,2,B_lambdamart,0.25,3.6,0.6758704024811183
Sensitive,1,2,B_lambdamart,0.5,9.9,0.7151857987862356
Sensitive,1,2,B_lambdamart,1.0,7.5,0.8899541168509599
Sensitive,1,2,B_lambdamart,2.0,5.3,0.5727555047321238
Sensitive,1,2,B_lambdamart,4.0,7.6,0.46785915648013915
Sensitive,1,2,C_nestedCV,0.1,3.4,0.6313419460517601
Sensitive,1,2,C_nestedCV,0.3,3.4,0.617585285916322
Sensitive,1,2,C_nestedCV,0.5,3.3,0.617585285916322
Sensitive,1,2,C_nestedCV,1.0,3.2,0.5513310624619331
Sensitive,1,2,C_nestedCV,2.0,3.0,0.4818998405251558
Sensitive,1,2,C_nestedCV,4.0,9.6,0.7720617383222416
Sensitive,1,2,D_attr_as_feature,0.25,13.1,0.9363792118010483
Sensitive,1,2,D_attr_as_feature,0.5,14.4,1.0
Sensitive,1,2,D_attr_as_feature,1.0,4.9,0.7151857987862356
Sensitive,1,2,D_attr_as_feature,2.0,7.0,0.22066960785860354
Sensitive,1,2,D_attr_as_feature,4.0,10.5,0.41125017975367995
Sensitive,2,0,rule,0.0,13.0,0.7904027188470817
Sensitive,2,0,rule,0.15,8.6,0.733734152390985
Sensitive,2,0,rule,0.3,6.8,0.7598959400901923
Sensitive,2,0,rule,0.6,4.9,0.7254521107352793
Sensitive,2,0,rule,1.0,3.8,0.7164850636933812
Sensitive,2,0,rule,1.5,3.6,0.7827392871477701
Sensitive,2,0,rule,2.5,3.3,0.7133080652109928
Sensitive,2,0,A_text_objective,0.5,14.3,0.8339620880417529
Sensitive,2,0,A_text_objective,1.0,15.5,0.8519750832354629
Sensitive,2,0,A_text_objective,2.0,14.5,0.9286024279819313
Sensitive,2,0,A_text_objective,5.0,13.7,0.9286024279819313
Sensitive,2,0,A_text_objective,10.0,11.2,0.8579809428223729
Sensitive,2,0,B_lambdamart,0.25,3.4,0.7314470771099788
Sensitive,2,0,B_lambdamart,0.5,6.2,0.7058075148678526
Sensitive,2,0,B_lambdamart,1.0,8.9,0.8414929602590189
Sensitive,2,0,B_lambdamart,2.0,5.1,0.5224944600627283
Sensitive,2,0,B_lambdamart,4.0,8.8,0.4662774717636409
Sensitive,2,0,C_nestedCV,0.1,3.3,0.7133080652109928
Sensitive,2,0,C_nestedCV,0.3,3.4,0.7877736340270853
Sensitive,2,0,C_nestedCV,0.5,3.4,0.7877736340270853
Sensitive,2,0,C_nestedCV,1.0,3.4,0.7877736340270853
Sensitive,2,0,C_nestedCV,2.0,3.4,0.7877736340270853
Sensitive,2,0,C_nestedCV,4.0,5.7,0.7191184989488184
Sensitive,2,0,D_attr_as_feature,0.25,9.5,0.6405914129030108
Sensitive,2,0,D_attr_as_feature,0.5,13.4,0.8364586133797036
Sensitive,2,0,D_attr_as_feature,1.0,11.6,0.6920178444619897
Sensitive,2,0,D_attr_as_feature,2.0,8.3,0.5517854393872874
Sensitive,2,0,D_attr_as_feature,4.0,7.1,0.4458567890377042
Sensitive,2,1,rule,0.0,9.3,0.9305687780632227
Sensitive,2,1,rule,0.15,7.3,0.8553475075669357
Sensitive,2,1,rule,0.3,5.9,0.8512360941594274
Sensitive,2,1,rule,0.6,4.7,0.7312625444731049
Sensitive,2,1,rule,1.0,4.0,0.7241528458281337
Sensitive,2,1,rule,1.5,3.7,0.7215194105726964
Sensitive,2,1,rule,2.5,3.4,0.6332971816211658
Sensitive,2,1,A_text_objective,0.5,8.5,0.8268133666517739
Sensitive,2,1,A_text_objective,1.0,9.0,0.84860265890399
Sensitive,2,1,A_text_objective,2.0,8.9,0.9363792118010483
Sensitive,2,1,A_text_objective,5.0,10.6,0.9305687780632227
Sensitive,2,1,A_text_objective,10.0,7.4,0.8521705090845473
Sensitive,2,1,B_lambdamart,0.25,4.5,0.6569815082938862
Sensitive,2,1,B_lambdamart,0.5,9.3,0.8579809428223729
Sensitive,2,1,B_lambdamart,1.0,6.2,0.4323181322709948
Sensitive,2,1,B_lambdamart,2.0,9.2,0.2984900352767556
Sensitive,2,1,B_lambdamart,4.0,7.2,0.3764255671009269
Sensitive,2,1,C_nestedCV,0.1,3.4,0.636474180103554
Sensitive,2,1,C_nestedCV,0.3,3.4,0.6528642754944295
Sensitive,2,1,C_nestedCV,0.5,3.4,0.6528642754944295
Sensitive,2,1,C_nestedCV,1.0,3.4,0.6470538417566039
Sensitive,2,1,C_nestedCV,2.0,3.2,0.6470538417566039
Sensitive,2,1,C_nestedCV,4.0,3.2,0.6470538417566039
Sensitive,2,1,D_attr_as_feature,0.25,15.2,0.4673791184803735
Sensitive,2,1,D_attr_as_feature,0.5,15.0,0.6969179698201174
Sensitive,2,1,D_attr_as_feature,1.0,4.7,0.5328965452000554
Sensitive,2,1,D_attr_as_feature,2.0,7.9,0.6601585067762745
Sensitive,2,1,D_attr_as_feature,4.0,11.2,0.7058075148678526
Sensitive,2,2,rule,0.0,10.9,0.8263333286520083
Sensitive,2,2,rule,0.15,8.5,0.7215194105726964
Sensitive,2,2,rule,0.3,6.2,0.7534494445524138
Sensitive,2,2,rule,0.6,4.9,0.7630946912803435
Sensitive,2,2,rule,1.0,4.7,0.6870165078530993
Sensitive,2,2,rule,1.5,4.2,0.627507133061656
Sensitive,2,2,rule,2.5,3.8,0.6987957033953601
Sensitive,2,2,A_text_objective,0.5,11.8,0.7631925784528222
Sensitive,2,2,A_text_objective,1.0,10.6,0.5925846332364243
Sensitive,2,2,A_text_objective,2.0,11.2,0.7695261902392829
Sensitive,2,2,A_text_objective,5.0,8.0,0.8318477135310891
Sensitive,2,2,A_text_objective,10.0,6.2,0.7975167679274938
Sensitive,2,2,B_lambdamart,0.25,6.1,0.8572048559638626
Sensitive,2,2,B_lambdamart,0.5,11.7,0.8630152897016883
Sensitive,2,2,B_lambdamart,1.0,5.6,0.5302442049991306
Sensitive,2,2,B_lambdamart,2.0,8.4,0.22466337602289138
Sensitive,2,2,B_lambdamart,4.0,10.0,0.412449713642891
Sensitive,2,2,C_nestedCV,0.1,3.8,0.7084409501232899
Sensitive,2,2,C_nestedCV,0.3,4.1,0.6911279212606076
Sensitive,2,2,C_nestedCV,0.5,4.1,0.6911279212606076
Sensitive,2,2,C_nestedCV,1.0,4.1,0.6937613565160449
Sensitive,2,2,C_nestedCV,2.0,3.8,0.7573821447149965
Sensitive,2,2,C_nestedCV,4.0,3.8,0.7573821447149965
Sensitive,2,2,D_attr_as_feature,0.25,12.5,0.7753366239771086
Sensitive,2,2,D_attr_as_feature,0.5,10.9,0.8318477135310891
Sensitive,2,2,D_attr_as_feature,1.0,4.4,0.756902106715231
Sensitive,2,2,D_attr_as_feature,2.0,11.5,0.5294438830372382
Sensitive,2,2,D_attr_as_feature,4.0,6.2,0.6594803070902429
Sensitive,3,0,rule,0.0,13.2,0.6745711375739727
Sensitive,3,0,rule,0.15,11.9,0.5215784827120726
Sensitive,3,0,rule,0.3,7.9,0.4899308685417079
Sensitive,3,0,rule,0.6,5.0,0.5779050396291793
Sensitive,3,0,rule,1.0,4.7,0.5599332595218056
Sensitive,3,0,rule,1.5,4.1,0.6457545768494584
Sensitive,3,0,rule,2.5,3.2,0.6331992944486871
Sensitive,3,0,A_text_objective,0.5,12.9,0.685119869332369
Sensitive,3,0,A_text_objective,1.0,10.6,0.727329844310522
Sensitive,3,0,A_text_objective,2.0,10.5,0.6871952210980248
Sensitive,3,0,A_text_objective,5.0,10.4,0.5263304097820353
Sensitive,3,0,A_text_objective,10.0,11.7,0.6032621820619527
Sensitive,3,0,B_lambdamart,0.25,4.8,0.3787833386759353
Sensitive,3,0,B_lambdamart,0.5,10.6,0.36680070555131294
Sensitive,3,0,B_lambdamart,1.0,6.1,0.4818809355796683
Sensitive,3,0,B_lambdamart,2.0,7.7,0.20829366581033182
Sensitive,3,0,B_lambdamart,4.0,10.5,0.5837154733670048
Sensitive,3,0,C_nestedCV,0.1,3.5,0.5548010254700116
Sensitive,3,0,C_nestedCV,0.3,3.3,0.5579780239524
Sensitive,3,0,C_nestedCV,0.5,3.3,0.5579780239524
Sensitive,3,0,C_nestedCV,1.0,3.0,0.5606114592078373
Sensitive,3,0,C_nestedCV,2.0,8.4,0.7663491917568948
Sensitive,3,0,C_nestedCV,4.0,8.4,0.7663491917568948
Sensitive,3,0,D_attr_as_feature,0.25,18.2,0.7819835854675755
Sensitive,3,0,D_attr_as_feature,0.5,18.0,0.8165901947515998
Sensitive,3,0,D_attr_as_feature,1.0,4.4,0.7971475675100274
Sensitive,3,0,D_attr_as_feature,2.0,9.7,0.5739723394665963
Sensitive,3,0,D_attr_as_feature,4.0,14.0,0.4569970750177367
Sensitive,3,1,rule,0.0,7.6,0.9305687780632227
Sensitive,3,1,rule,0.15,6.1,0.9266360779006398
Sensitive,3,1,rule,0.3,5.7,0.914856882358379
Sensitive,3,1,rule,0.6,4.9,0.8415908474314976
Sensitive,3,1,rule,1.0,3.8,0.7695261902392829
Sensitive,3,1,rule,1.5,3.5,0.7695261902392829
Sensitive,3,1,rule,2.5,3.5,0.7695261902392829
Sensitive,3,1,A_text_objective,0.5,10.6,0.727329844310522
Sensitive,3,1,A_text_objective,1.0,10.2,0.9305687780632227
Sensitive,3,1,A_text_objective,2.0,10.7,0.8553475075669357
Sensitive,3,1,A_text_objective,5.0,8.6,0.8701249883466594
Sensitive,3,1,A_text_objective,10.0,8.2,1.0
Sensitive,3,1,B_lambdamart,0.25,7.3,0.7315449642824575
Sensitive,3,1,B_lambdamart,0.5,10.0,0.8899541168509599
Sensitive,3,1,B_lambdamart,1.0,9.0,0.9216017310213245
Sensitive,3,1,B_lambdamart,2.0,9.7,0.363341287259572
Sensitive,3,1,B_lambdamart,4.0,9.9,0.6785038377365555
Sensitive,3,1,C_nestedCV,0.1,3.5,0.7695261902392829
Sensitive,3,1,C_nestedCV,0.3,3.5,0.77523873680463
Sensitive,3,1,C_nestedCV,0.5,3.5,0.7720617383222416
Sensitive,3,1,C_nestedCV,1.0,3.5,0.7720617383222416
Sensitive,3,1,C_nestedCV,2.0,8.1,0.8414929602590189
Sensitive,3,1,C_nestedCV,4.0,8.1,0.8414929602590189
Sensitive,3,1,D_attr_as_feature,0.25,8.4,0.7416702490101529
Sensitive,3,1,D_attr_as_feature,0.5,9.5,0.7655934900767002
Sensitive,3,1,D_attr_as_feature,1.0,4.9,0.13698471029831177
Sensitive,3,1,D_attr_as_feature,2.0,11.2,0.5363559634917964
Sensitive,3,1,D_attr_as_feature,4.0,8.6,0.6320787427864671
Sensitive,3,2,rule,0.0,14.4,0.5716145678915879
Sensitive,3,2,rule,0.15,10.7,0.436889741995806
Sensitive,3,2,rule,0.3,7.7,0.5017100640839689
Sensitive,3,2,rule,0.6,5.4,0.45166722277552973
Sensitive,3,2,rule,1.0,4.7,0.5184650094568697
Sensitive,3,2,rule,1.5,4.3,0.5847192329112587
Sensitive,3,2,rule,2.5,4.0,0.6969179698201174
Sensitive,3,2,A_text_objective,0.5,13.3,0.7695261902392829
Sensitive,3,2,A_text_objective,1.0,13.1,0.933745776545611
Sensitive,3,2,A_text_objective,2.0,14.3,0.9363792118010483
Sensitive,3,2,A_text_objective,5.0,12.8,0.8643145546088338
Sensitive,3,2,A_text_objective,10.0,11.6,0.8643145546088338
Sensitive,3,2,B_lambdamart,0.25,3.9,0.8165901947515998
Sensitive,3,2,B_lambdamart,0.5,9.1,0.49246059723271807
Sensitive,3,2,B_lambdamart,1.0,10.7,0.5321408435198609
Sensitive,3,2,B_lambdamart,2.0,6.6,0.6485291274829617
Sensitive,3,2,B_lambdamart,4.0,7.6,0.5527460588826717
Sensitive,3,2,C_nestedCV,0.1,4.1,0.6253338941235215
Sensitive,3,2,C_nestedCV,0.3,4.1,0.6352557412688554
Sensitive,3,2,C_nestedCV,0.5,4.1,0.6352557412688554
Sensitive,3,2,C_nestedCV,1.0,3.8,0.6402900881481708
Sensitive,3,2,C_nestedCV,2.0,3.8,0.7503359712972109
Sensitive,3,2,C_nestedCV,4.0,8.7,0.7799082337019198
Sensitive,3,2,D_attr_as_feature,0.25,12.8,0.6253338941235215
Sensitive,3,2,D_attr_as_feature,0.5,15.8,0.4990267326507382
Sensitive,3,2,D_attr_as_feature,1.0,13.2,0.6331992944486871
Sensitive,3,2,D_attr_as_feature,2.0,6.9,0.4636440365082036
Sensitive,3,2,D_attr_as_feature,4.0,7.1,0.6402900881481708
Sensitive,4,0,rule,0.0,12.0,0.45556090019310463
Sensitive,4,0,rule,0.15,6.8,0.5779050396291793
Sensitive,4,0,rule,0.3,6.7,0.5360735436824438
Sensitive,4,0,rule,0.6,5.6,0.5774250016294136
Sensitive,4,0,rule,1.0,4.1,0.5747915663739763
Sensitive,4,0,rule,1.5,4.1,0.5747915663739763
Sensitive,4,0,rule,2.5,3.8,0.55206785919664
Sensitive,4,0,A_text_objective,0.5,7.8,0.7471589728148225
Sensitive,4,0,A_text_objective,1.0,9.0,0.7100226348397881
Sensitive,4,0,A_text_objective,2.0,6.9,0.5771493379489847
Sensitive,4,0,A_text_objective,5.0,6.1,0.5305455297539707
Sensitive,4,0,A_text_objective,10.0,5.3,0.6929852696575346
Sensitive,4,0,B_lambdamart,0.25,5.6,0.4936790360674167
Sensitive,4,0,B_lambdamart,0.5,7.3,0.933745776545611
Sensitive,4,0,B_lambdamart,1.0,10.3,0.7073456255009374
Sensitive,4,0,B_lambdamart,2.0,9.6,0.4566409768854023
Sensitive,4,0,B_lambdamart,4.0,9.9,0.2646202227274384
Sensitive,4,0,C_nestedCV,0.1,3.6,0.4760705018418427
Sensitive,4,0,C_nestedCV,0.3,3.6,0.43780685607566455
Sensitive,4,0,C_nestedCV,0.5,3.7,0.43780685607566455
Sensitive,4,0,C_nestedCV,1.0,3.7,0.43780685607566455
Sensitive,4,0,C_nestedCV,2.0,3.7,0.43780685607566455
Sensitive,4,0,C_nestedCV,4.0,7.2,0.7312625444731049
Sensitive,4,0,D_attr_as_feature,0.25,14.5,0.5983950669742499
Sensitive,4,0,D_attr_as_feature,0.5,11.7,0.3953144612881589
Sensitive,4,0,D_attr_as_feature,1.0,4.8,0.7631925784528222
Sensitive,4,0,D_attr_as_feature,2.0,9.2,0.2895229882348575
Sensitive,4,0,D_attr_as_feature,4.0,11.0,0.5
Sensitive,4,1,rule,0.0,10.8,0.7975167679274938
Sensitive,4,1,rule,0.15,6.5,0.7241528458281337
Sensitive,4,1,rule,0.3,5.8,0.6352557412688554
Sensitive,4,1,rule,0.6,5.8,0.7315449642824575
Sensitive,4,1,rule,1.0,5.2,0.7315449642824575
Sensitive,4,1,rule,1.5,4.8,0.7663491917568948
Sensitive,4,1,rule,2.5,3.8,0.7097402150304355
Sensitive,4,1,A_text_objective,0.5,10.3,0.721801830382049
Sensitive,4,1,A_text_objective,1.0,11.9,0.8318477135310891
Sensitive,4,1,A_text_objective,2.0,11.0,0.7315449642824575
Sensitive,4,1,A_text_objective,5.0,12.0,0.866947989864271
Sensitive,4,1,A_text_objective,10.0,10.9,0.7624164915943118
Sensitive,4,1,B_lambdamart,0.25,3.7,0.7084409501232899
Sensitive,4,1,B_lambdamart,0.5,9.1,0.293416398273637
Sensitive,4,1,B_lambdamart,1.0,10.2,1.0
Sensitive,4,1,B_lambdamart,2.0,5.7,0.6949027297192023
Sensitive,4,1,B_lambdamart,4.0,9.7,0.24261785528500343
Sensitive,4,1,C_nestedCV,0.1,4.0,0.7280855459907165
Sensitive,4,1,C_nestedCV,0.3,4.3,0.7759944384848245
Sensitive,4,1,C_nestedCV,0.5,4.5,0.8048109992093389
Sensitive,4,1,C_nestedCV,1.0,4.5,0.8048109992093389
Sensitive,4,1,C_nestedCV,2.0,10.5,0.7542686714597936
Sensitive,4,1,C_nestedCV,4.0,10.5,0.7542686714597936
Sensitive,4,1,D_attr_as_feature,0.25,12.5,0.7104770117651424
Sensitive,4,1,D_attr_as_feature,0.5,13.1,0.8115558478722845
Sensitive,4,1,D_attr_as_feature,1.0,11.9,0.6500332220485792
Sensitive,4,1,D_attr_as_feature,2.0,7.4,0.4673791184803735
Sensitive,4,1,D_attr_as_feature,4.0,12.3,0.2972715964420569
Sensitive,4,2,rule,0.0,8.0,0.7000949683025057
Sensitive,4,2,rule,0.15,7.1,0.5368103404171507
Sensitive,4,2,rule,0.3,5.9,0.5551469705065497
Sensitive,4,2,rule,0.6,4.7,0.5834330535576522
Sensitive,4,2,rule,1.0,4.0,0.6325414799409712
Sensitive,4,2,rule,1.5,3.5,0.6936634693435662
Sensitive,4,2,rule,2.5,3.3,0.7453016244178956
Sensitive,4,2,A_text_objective,0.5,12.9,0.8630152897016883
Sensitive,4,2,A_text_objective,1.0,11.3,0.6968404678259545
Sensitive,4,2,A_text_objective,2.0,12.8,0.7819835854675755
Sensitive,4,2,A_text_objective,5.0,9.4,0.6785038377365555
Sensitive,4,2,A_text_objective,10.0,10.5,1.0
Sensitive,4,2,B_lambdamart,0.25,6.1,0.5298982599625925
Sensitive,4,2,B_lambdamart,0.5,11.3,0.7312625444731049
Sensitive,4,2,B_lambdamart,1.0,5.6,0.7682269253321374
Sensitive,4,2,B_lambdamart,2.0,5.1,0.866947989864271
Sensitive,4,2,B_lambdamart,4.0,11.8,0.2816575879096919
Sensitive,4,2,C_nestedCV,0.1,3.5,0.6437684113853992
Sensitive,4,2,C_nestedCV,0.3,3.5,0.6117748521784964
Sensitive,4,2,C_nestedCV,0.5,3.8,0.5141863642577489
Sensitive,4,2,C_nestedCV,1.0,4.2,0.4233117951052935
Sensitive,4,2,C_nestedCV,2.0,8.3,0.5363559634917964
Sensitive,4,2,C_nestedCV,4.0,8.3,0.5363559634917964
Sensitive,4,2,D_attr_as_feature,0.25,8.1,0.8611375561264455
Sensitive,4,2,D_attr_as_feature,0.5,7.4,0.933745776545611
Sensitive,4,2,D_attr_as_feature,1.0,4.2,0.5017289690294563
Sensitive,4,2,D_attr_as_feature,2.0,11.2,0.5333576782543336
Sensitive,4,2,D_attr_as_feature,4.0,13.3,0.22476126319537007
