mode,level,seed,skin,system,lam,burden,ndcg
mask,0.0,0,Combination,oracle,0.0,6.9,1.0
mask,0.0,0,Combination,oracle,0.2,3.0,0.7885497208855956
mask,0.0,0,Combination,oracle,0.4,3.0,0.7885497208855956
mask,0.0,0,Combination,oracle,0.6,3.0,0.7885497208855956
mask,0.0,0,Combination,oracle,0.9,3.0,0.7885497208855956
mask,0.0,0,Combination,oracle,1.3,3.0,0.7885497208855956
mask,0.0,0,Combination,oracle,2.0,3.0,0.7885497208855956
mask,0.0,0,Combination,rule,0.0,6.9,1.0
mask,0.0,0,Combination,rule,0.2,3.0,0.7885497208855956
mask,0.0,0,Combination,rule,0.4,3.0,0.7885497208855956
mask,0.0,0,Combination,rule,0.6,3.0,0.7885497208855956
mask,0.0,0,Combination,rule,0.9,3.0,0.7885497208855956
mask,0.0,0,Combination,rule,1.3,3.0,0.7885497208855956
mask,0.0,0,Combination,rule,2.0,3.0,0.7885497208855956
mask,0.0,0,Combination,learned,0.0,6.9,1.0
mask,0.0,0,Combination,learned,0.2,3.3,0.8603818544462509
mask,0.0,0,Combination,learned,0.4,3.5,0.793584067764911
mask,0.0,0,Combination,learned,0.6,3.3,0.7885497208855956
mask,0.0,0,Combination,learned,0.9,3.3,0.7503359712972109
mask,0.0,0,Combination,learned,1.3,3.4,0.7453016244178956
mask,0.0,0,Combination,learned,2.0,3.4,0.7421246259355072
mask,0.0,0,Combination,hybrid,0.0,6.9,1.0
mask,0.0,0,Combination,hybrid,0.2,3.2,0.8364586133797036
mask,0.0,0,Combination,hybrid,0.4,3.2,0.8364586133797036
mask,0.0,0,Combination,hybrid,0.6,3.2,0.8364586133797036
mask,0.0,0,Combination,hybrid,0.9,3.1,0.7605591431973849
mask,0.0,0,Combination,hybrid,1.3,3.0,0.7605591431973849
mask,0.0,0,Combination,hybrid,2.0,3.0,0.6717589890736099
mask,0.0,0,Dry,oracle,0.0,13.4,1.0
mask,0.0,0,Dry,oracle,0.2,3.2,1.0
mask,0.0,0,Dry,oracle,0.4,3.0,1.0
mask,0.0,0,Dry,oracle,0.6,3.0,1.0
mask,0.0,0,Dry,oracle,0.9,3.0,1.0
mask,0.0,0,Dry,oracle,1.3,3.0,1.0
mask,0.0,0,Dry,oracle,2.0,3.0,1.0
mask,0.0,0,Dry,rule,0.0,13.4,1.0
mask,0.0,0,Dry,rule,0.2,3.2,1.0
mask,0.0,0,Dry,rule,0.4,3.0,1.0
mask,0.0,0,Dry,rule,0.6,3.0,1.0
mask,0.0,0,Dry,rule,0.9,3.0,1.0
mask,0.0,0,Dry,rule,1.3,3.0,1.0
mask,0.0,0,Dry,rule,2.0,3.0,1.0
mask,0.0,0,Dry,learned,0.0,13.4,1.0
mask,0.0,0,Dry,learned,0.2,4.3,0.9305687780632227
mask,0.0,0,Dry,learned,0.4,4.1,0.8603818544462509
mask,0.0,0,Dry,learned,0.6,3.9,0.78180487222265
mask,0.0,0,Dry,learned,0.9,3.6,0.7975167679274938
mask,0.0,0,Dry,learned,1.3,3.6,0.8236998933965709
mask,0.0,0,Dry,learned,2.0,3.6,0.8236998933965709
mask,0.0,0,Dry,hybrid,0.0,13.4,1.0
mask,0.0,0,Dry,hybrid,0.2,3.3,1.0
mask,0.0,0,Dry,hybrid,0.4,3.3,1.0
mask,0.0,0,Dry,hybrid,0.6,3.3,1.0
mask,0.0,0,Dry,hybrid,0.9,3.3,1.0
mask,0.0,0,Dry,hybrid,1.3,3.2,1.0
mask,0.0,0,Dry,hybrid,2.0,3.2,1.0
mask,0.0,0,Normal,oracle,0.0,10.1,0.914856882358379
mask,0.0,0,Normal,oracle,0.2,3.0,0.8579809428223729
mask,0.0,0,Normal,oracle,0.4,3.0,0.8579809428223729
mask,0.0,0,Normal,oracle,0.6,3.0,0.8579809428223729
mask,0.0,0,Normal,oracle,0.9,3.0,0.8579809428223729
mask,0.0,0,Normal,oracle,1.3,3.0,0.8579809428223729
mask,0.0,0,Normal,oracle,2.0,3.0,0.8579809428223729
mask,0.0,0,Normal,rule,0.0,10.1,0.914856882358379
mask,0.0,0,Normal,rule,0.2,3.0,0.8579809428223729
mask,0.0,0,Normal,rule,0.4,3.0,0.8579809428223729
mask,0.0,0,Normal,rule,0.6,3.0,0.8579809428223729
mask,0.0,0,Normal,rule,0.9,3.0,0.8579809428223729
mask,0.0,0,Normal,rule,1.3,3.0,0.8579809428223729
mask,0.0,0,Normal,rule,2.0,3.0,0.8579809428223729
mask,0.0,0,Normal,learned,0.0,10.1,0.914856882358379
mask,0.0,0,Normal,learned,0.2,3.6,0.9216017310213245
mask,0.0,0,Normal,learned,0.4,3.6,0.7827392871477701
mask,0.0,0,Normal,learned,0.6,3.6,0.7827392871477701
mask,0.0,0,Normal,learned,0.9,3.6,0.7827392871477701
mask,0.0,0,Normal,learned,1.3,3.6,0.7759944384848245
mask,0.0,0,Normal,learned,2.0,3.6,0.7663491917568948
mask,0.0,0,Normal,hybrid,0.0,10.1,0.914856882358379
mask,0.0,0,Normal,hybrid,0.2,3.3,0.914856882358379
mask,0.0,0,Normal,hybrid,0.4,3.3,0.9052116356304493
mask,0.0,0,Normal,hybrid,0.6,3.1,0.9052116356304493
mask,0.0,0,Normal,hybrid,0.9,3.0,0.8415908474314976
mask,0.0,0,Normal,hybrid,1.3,3.0,0.8263333286520083
mask,0.0,0,Normal,hybrid,2.0,3.0,0.8205228949141826
mask,0.0,0,Oily,oracle,0.0,9.0,0.7877736340270853
mask,0.0,0,Oily,oracle,0.2,3.1,0.7183627972686238
mask,0.0,0,Oily,oracle,0.4,3.0,0.7819835854675755
mask,0.0,0,Oily,oracle,0.6,3.0,0.7819835854675755
mask,0.0,0,Oily,oracle,0.9,3.0,0.7819835854675755
mask,0.0,0,Oily,oracle,1.3,3.0,0.7819835854675755
mask,0.0,0,Oily,oracle,2.0,3.0,0.7819835854675755
mask,0.0,0,Oily,rule,0.0,9.0,0.7877736340270853
mask,0.0,0,Oily,rule,0.2,3.1,0.7183627972686238
mask,0.0,0,Oily,rule,0.4,3.0,0.7819835854675755
mask,0.0,0,Oily,rule,0.6,3.0,0.7819835854675755
mask,0.0,0,Oily,rule,0.9,3.0,0.7819835854675755
mask,0.0,0,Oily,rule,1.3,3.0,0.7819835854675755
mask,0.0,0,Oily,rule,2.0,3.0,0.7819835854675755
mask,0.0,0,Oily,learned,0.0,9.0,0.7877736340270853
mask,0.0,0,Oily,learned,0.2,3.4,0.6141069626790936
mask,0.0,0,Oily,learned,0.4,3.4,0.6141069626790936
mask,0.0,0,Oily,learned,0.6,3.4,0.6293644814585829
mask,0.0,0,Oily,learned,0.9,3.4,0.6293644814585829
mask,0.0,0,Oily,learned,1.3,3.4,0.6581810421830974
mask,0.0,0,Oily,learned,2.0,3.4,0.6531466953037821
mask,0.0,0,Oily,hybrid,0.0,9.0,0.7877736340270853
mask,0.0,0,Oily,hybrid,0.2,3.3,0.84860265890399
mask,0.0,0,Oily,hybrid,0.4,3.3,0.78180487222265
mask,0.0,0,Oily,hybrid,0.6,3.3,0.7721596254947203
mask,0.0,0,Oily,hybrid,0.9,3.3,0.7695261902392829
mask,0.0,0,Oily,hybrid,1.3,3.2,0.7753366239771086
mask,0.0,0,Oily,hybrid,2.0,3.2,0.7600791051976192
mask,0.0,0,Sensitive,oracle,0.0,11.1,0.9305687780632227
mask,0.0,0,Sensitive,oracle,0.2,3.8,0.9266360779006398
mask,0.0,0,Sensitive,oracle,0.4,3.4,0.8701249883466594
mask,0.0,0,Sensitive,oracle,0.6,3.2,0.866947989864271
mask,0.0,0,Sensitive,oracle,0.9,3.2,0.8603818544462509
mask,0.0,0,Sensitive,oracle,1.3,3.2,0.8572048559638626
mask,0.0,0,Sensitive,oracle,2.0,3.2,0.8572048559638626
mask,0.0,0,Sensitive,rule,0.0,11.1,0.9305687780632227
mask,0.0,0,Sensitive,rule,0.2,3.8,0.9266360779006398
mask,0.0,0,Sensitive,rule,0.4,3.4,0.8701249883466594
mask,0.0,0,Sensitive,rule,0.6,3.2,0.866947989864271
mask,0.0,0,Sensitive,rule,0.9,3.2,0.8603818544462509
mask,0.0,0,Sensitive,rule,1.3,3.2,0.8572048559638626
mask,0.0,0,Sensitive,rule,2.0,3.2,0.8572048559638626
mask,0.0,0,Sensitive,learned,0.0,11.1,0.9305687780632227
mask,0.0,0,Sensitive,learned,0.2,4.7,0.9363792118010483
mask,0.0,0,Sensitive,learned,0.4,4.7,0.9363792118010483
mask,0.0,0,Sensitive,learned,0.6,4.3,0.933745776545611
mask,0.0,0,Sensitive,learned,0.9,3.8,0.933745776545611
mask,0.0,0,Sensitive,learned,1.3,3.8,0.9216017310213245
mask,0.0,0,Sensitive,learned,2.0,3.8,0.9216017310213245
mask,0.0,0,Sensitive,hybrid,0.0,11.1,0.9305687780632227
mask,0.0,0,Sensitive,hybrid,0.2,4.2,0.933745776545611
mask,0.0,0,Sensitive,hybrid,0.4,3.6,0.9266360779006398
mask,0.0,0,Sensitive,hybrid,0.6,3.6,0.9266360779006398
mask,0.0,0,Sensitive,hybrid,0.9,3.4,0.914856882358379
mask,0.0,0,Sensitive,hybrid,1.3,3.4,0.9052116356304493
mask,0.0,0,Sensitive,hybrid,2.0,3.3,0.9052116356304493
mask,0.0,1,Combination,oracle,0.0,10.5,0.8899541168509599
mask,0.0,1,Combination,oracle,0.2,3.0,0.9363792118010483
mask,0.0,1,Combination,oracle,0.4,3.0,0.9363792118010483
mask,0.0,1,Combination,oracle,0.6,3.0,0.9363792118010483
mask,0.0,1,Combination,oracle,0.9,3.0,0.9363792118010483
mask,0.0,1,Combination,oracle,1.3,3.0,0.9363792118010483
mask,0.0,1,Combination,oracle,2.0,3.0,0.9363792118010483
mask,0.0,1,Combination,rule,0.0,10.5,0.8899541168509599
mask,0.0,1,Combination,rule,0.2,3.0,0.9363792118010483
mask,0.0,1,Combination,rule,0.4,3.0,0.9363792118010483
mask,0.0,1,Combination,rule,0.6,3.0,0.9363792118010483
mask,0.0,1,Combination,rule,0.9,3.0,0.9363792118010483
mask,0.0,1,Combination,rule,1.3,3.0,0.9363792118010483
mask,0.0,1,Combination,rule,2.0,3.0,0.9363792118010483
mask,0.0,1,Combination,learned,0.0,10.5,0.8899541168509599
mask,0.0,1,Combination,learned,0.2,4.3,0.8630152897016883
mask,0.0,1,Combination,learned,0.4,3.9,0.9266360779006398
mask,0.0,1,Combination,learned,0.6,3.9,0.9216017310213245
mask,0.0,1,Combination,learned,0.9,4.1,0.8553475075669357
mask,0.0,1,Combination,learned,1.3,4.1,0.7682269253321374
mask,0.0,1,Combination,learned,2.0,4.2,0.6804503724350792
mask,0.0,1,Combination,hybrid,0.0,10.5,0.8899541168509599
mask,0.0,1,Combination,hybrid,0.2,3.5,0.933745776545611
mask,0.0,1,Combination,hybrid,0.4,3.3,0.9363792118010483
mask,0.0,1,Combination,hybrid,0.6,3.2,0.9266360779006398
mask,0.0,1,Combination,hybrid,0.9,3.0,0.8553475075669357
mask,0.0,1,Combination,hybrid,1.3,3.0,0.791726719367984
mask,0.0,1,Combination,hybrid,2.0,3.0,0.7859162856301584
mask,0.0,1,Dry,oracle,0.0,9.3,0.9216017310213245
mask,0.0,1,Dry,oracle,0.2,3.2,0.9305687780632227
mask,0.0,1,Dry,oracle,0.4,3.0,0.9266360779006398
mask,0.0,1,Dry,oracle,0.6,3.0,0.9266360779006398
mask,0.0,1,Dry,oracle,0.9,3.0,0.9266360779006398
mask,0.0,1,Dry,oracle,1.3,3.0,0.9266360779006398
mask,0.0,1,Dry,oracle,2.0,3.0,0.9266360779006398
mask,0.0,1,Dry,rule,0.0,9.3,0.9216017310213245
mask,0.0,1,Dry,rule,0.2,3.2,0.9305687780632227
mask,0.0,1,Dry,rule,0.4,3.0,0.9266360779006398
mask,0.0,1,Dry,rule,0.6,3.0,0.9266360779006398
mask,0.0,1,Dry,rule,0.9,3.0,0.9266360779006398
mask,0.0,1,Dry,rule,1.3,3.0,0.9266360779006398
mask,0.0,1,Dry,rule,2.0,3.0,0.9266360779006398
mask,0.0,1,Dry,learned,0.0,9.3,0.9216017310213245
mask,0.0,1,Dry,learned,0.2,4.2,1.0
mask,0.0,1,Dry,learned,0.4,3.9,1.0
mask,0.0,1,Dry,learned,0.6,3.9,1.0
mask,0.0,1,Dry,learned,0.9,3.8,1.0
mask,0.0,1,Dry,learned,1.3,3.7,1.0
mask,0.0,1,Dry,learned,2.0,3.7,1.0
mask,0.0,1,Dry,hybrid,0.0,9.3,0.9216017310213245
mask,0.0,1,Dry,hybrid,0.2,3.6,1.0
mask,0.0,1,Dry,hybrid,0.4,3.5,1.0
mask,0.0,1,Dry,hybrid,0.6,3.5,1.0
mask,0.0,1,Dry,hybrid,0.9,3.4,1.0
mask,0.0,1,Dry,hybrid,1.3,3.3,1.0
mask,0.0,1,Dry,hybrid,2.0,3.1,0.7967610662472993
mask,0.0,1,Normal,oracle,0.0,8.6,0.7799082337019198
mask,0.0,1,Normal,oracle,0.2,3.0,0.8579809428223729
mask,0.0,1,Normal,oracle,0.4,3.0,0.8579809428223729
mask,0.0,1,Normal,oracle,0.6,3.0,0.8579809428223729
mask,0.0,1,Normal,oracle,0.9,3.0,0.8579809428223729
mask,0.0,1,Normal,oracle,1.3,3.0,0.8579809428223729
mask,0.0,1,Normal,oracle,2.0,3.0,0.8579809428223729
mask,0.0,1,Normal,rule,0.0,8.6,0.7799082337019198
mask,0.0,1,Normal,rule,0.2,3.0,0.8579809428223729
mask,0.0,1,Normal,rule,0.4,3.0,0.8579809428223729
mask,0.0,1,Normal,rule,0.6,3.0,0.8579809428223729
mask,0.0,1,Normal,rule,0.9,3.0,0.8579809428223729
mask,0.0,1,Normal,rule,1.3,3.0,0.8579809428223729
mask,0.0,1,Normal,rule,2.0,3.0,0.8579809428223729
mask,0.0,1,Normal,learned,0.0,8.6,0.7799082337019198
mask,0.0,1,Normal,learned,0.2,3.3,0.866947989864271
mask,0.0,1,Normal,learned,0.4,3.7,0.866947989864271
mask,0.0,1,Normal,learned,0.6,3.7,0.8701249883466594
mask,0.0,1,Normal,learned,0.9,3.7,0.8701249883466594
mask,0.0,1,Normal,learned,1.3,3.8,0.8701249883466594
mask,0.0,1,Normal,learned,2.0,3.8,0.8263333286520083
mask,0.0,1,Normal,hybrid,0.0,8.6,0.7799082337019198
mask,0.0,1,Normal,hybrid,0.2,3.2,0.8553475075669357
mask,0.0,1,Normal,hybrid,0.4,3.2,0.8482378089219645
mask,0.0,1,Normal,hybrid,0.6,3.0,0.7788065869851872
mask,0.0,1,Normal,hybrid,0.9,3.0,0.7819835854675755
mask,0.0,1,Normal,hybrid,1.3,3.0,0.7819835854675755
mask,0.0,1,Normal,hybrid,2.0,3.0,0.7859162856301584
mask,0.0,1,Oily,oracle,0.0,11.0,0.8630152897016883
mask,0.0,1,Oily,oracle,0.2,3.3,0.7951657524814092
mask,0.0,1,Oily,oracle,0.4,3.1,0.6906478832608419
mask,0.0,1,Oily,oracle,0.6,3.0,0.6906478832608419
mask,0.0,1,Oily,oracle,0.9,3.0,0.6906478832608419
mask,0.0,1,Oily,oracle,1.3,3.0,0.6906478832608419
mask,0.0,1,Oily,oracle,2.0,3.0,0.6906478832608419
mask,0.0,1,Oily,rule,0.0,11.0,0.8630152897016883
mask,0.0,1,Oily,rule,0.2,3.3,0.7951657524814092
mask,0.0,1,Oily,rule,0.4,3.1,0.6906478832608419
mask,0.0,1,Oily,rule,0.6,3.0,0.6906478832608419
mask,0.0,1,Oily,rule,0.9,3.0,0.6906478832608419
mask,0.0,1,Oily,rule,1.3,3.0,0.6906478832608419
mask,0.0,1,Oily,rule,2.0,3.0,0.6906478832608419
mask,0.0,1,Oily,learned,0.0,11.0,0.8630152897016883
mask,0.0,1,Oily,learned,0.2,3.9,0.835780413693672
mask,0.0,1,Oily,learned,0.4,3.7,0.7670273914429263
mask,0.0,1,Oily,learned,0.6,3.8,0.642186726668901
mask,0.0,1,Oily,learned,0.9,3.6,0.6300426811446145
mask,0.0,1,Oily,learned,1.3,3.6,0.6051399156371955
mask,0.0,1,Oily,learned,2.0,3.6,0.5919268187287084
mask,0.0,1,Oily,hybrid,0.0,11.0,0.8630152897016883
mask,0.0,1,Oily,hybrid,0.2,3.6,0.7191184989488184
mask,0.0,1,Oily,hybrid,0.4,3.5,0.7353797772725615
mask,0.0,1,Oily,hybrid,0.6,3.4,0.6581810421830974
mask,0.0,1,Oily,hybrid,0.9,3.4,0.6601585067762745
mask,0.0,1,Oily,hybrid,1.3,3.3,0.6523706084452717
mask,0.0,1,Oily,hybrid,2.0,3.2,0.604685538711841
mask,0.0,1,Sensitive,oracle,0.0,11.0,0.7917063341896682
mask,0.0,1,Sensitive,oracle,0.2,3.4,1.0
mask,0.0,1,Sensitive,oracle,0.4,3.4,1.0
mask,0.0,1,Sensitive,oracle,0.6,3.3,1.0
mask,0.0,1,Sensitive,oracle,0.9,3.2,1.0
mask,0.0,1,Sensitive,oracle,1.3,3.1,1.0
mask,0.0,1,Sensitive,oracle,2.0,3.0,1.0
mask,0.0,1,Sensitive,rule,0.0,11.0,0.7917063341896682
mask,0.0,1,Sensitive,rule,0.2,3.4,1.0
mask,0.0,1,Sensitive,rule,0.4,3.4,1.0
mask,0.0,1,Sensitive,rule,0.6,3.3,1.0
mask,0.0,1,Sensitive,rule,0.9,3.2,1.0
mask,0.0,1,Sensitive,rule,1.3,3.1,1.0
mask,0.0,1,Sensitive,rule,2.0,3.0,1.0
mask,0.0,1,Sensitive,learned,0.0,11.0,0.7917063341896682
mask,0.0,1,Sensitive,learned,0.2,4.4,0.7019727018777485
mask,0.0,1,Sensitive,learned,0.4,4.1,0.7542686714597936
mask,0.0,1,Sensitive,learned,0.6,4.1,0.7542686714597936
mask,0.0,1,Sensitive,learned,0.9,4.0,0.7542686714597936
mask,0.0,1,Sensitive,learned,1.3,4.0,0.7254521107352793
mask,0.0,1,Sensitive,learned,2.0,3.7,0.8611375561264455
mask,0.0,1,Sensitive,hybrid,0.0,11.0,0.7917063341896682
mask,0.0,1,Sensitive,hybrid,0.2,3.6,0.8572048559638626
mask,0.0,1,Sensitive,hybrid,0.4,3.8,0.8572048559638626
mask,0.0,1,Sensitive,hybrid,0.6,3.8,0.8572048559638626
mask,0.0,1,Sensitive,hybrid,0.9,3.8,0.8572048559638626
mask,0.0,1,Sensitive,hybrid,1.3,3.6,0.8643145546088338
mask,0.0,1,Sensitive,hybrid,2.0,3.5,0.8701249883466594
mask,0.0,2,Combination,oracle,0.0,13.2,0.933745776545611
mask,0.0,2,Combination,oracle,0.2,3.0,0.7778721720600672
mask,0.0,2,Combination,oracle,0.4,3.0,0.7778721720600672
mask,0.0,2,Combination,oracle,0.6,3.0,0.7778721720600672
mask,0.0,2,Combination,oracle,0.9,3.0,0.7778721720600672
mask,0.0,2,Combination,oracle,1.3,3.0,0.7778721720600672
mask,0.0,2,Combination,oracle,2.0,3.0,0.7778721720600672
mask,0.0,2,Combination,rule,0.0,13.2,0.933745776545611
mask,0.0,2,Combination,rule,0.2,3.0,0.7778721720600672
mask,0.0,2,Combination,rule,0.4,3.0,0.7778721720600672
mask,0.0,2,Combination,rule,0.6,3.0,0.7778721720600672
mask,0.0,2,Combination,rule,0.9,3.0,0.7778721720600672
mask,0.0,2,Combination,rule,1.3,3.0,0.7778721720600672
mask,0.0,2,Combination,rule,2.0,3.0,0.7778721720600672
mask,0.0,2,Combination,learned,0.0,13.2,0.933745776545611
mask,0.0,2,Combination,learned,0.2,3.2,0.8236998933965709
mask,0.0,2,Combination,learned,0.4,3.3,0.8236998933965709
mask,0.0,2,Combination,learned,0.6,3.3,0.8236998933965709
mask,0.0,2,Combination,learned,0.9,3.2,0.8389574121760602
mask,0.0,2,Combination,learned,1.3,3.2,0.8415908474314976
mask,0.0,2,Combination,learned,2.0,3.9,0.8512360941594274
mask,0.0,2,Combination,hybrid,0.0,13.2,0.933745776545611
mask,0.0,2,Combination,hybrid,0.2,3.1,0.8205228949141826
mask,0.0,2,Combination,hybrid,0.4,3.1,0.8205228949141826
mask,0.0,2,Combination,hybrid,0.6,3.0,0.756902106715231
mask,0.0,2,Combination,hybrid,0.9,3.0,0.6906478832608419
mask,0.0,2,Combination,hybrid,1.3,3.0,0.6906478832608419
mask,0.0,2,Combination,hybrid,2.0,3.0,0.7421246259355072
mask,0.0,2,Dry,oracle,0.0,10.9,0.9305687780632227
mask,0.0,2,Dry,oracle,0.2,3.6,0.8611375561264455
mask,0.0,2,Dry,oracle,0.4,3.4,0.7827392871477701
mask,0.0,2,Dry,oracle,0.6,3.3,0.70937536504841
mask,0.0,2,Dry,oracle,0.9,3.1,0.70937536504841
mask,0.0,2,Dry,oracle,1.3,3.1,0.70937536504841
mask,0.0,2,Dry,oracle,2.0,3.0,0.70937536504841
mask,0.0,2,Dry,rule,0.0,10.9,0.9305687780632227
mask,0.0,2,Dry,rule,0.2,3.6,0.8611375561264455
mask,0.0,2,Dry,rule,0.4,3.4,0.7827392871477701
mask,0.0,2,Dry,rule,0.6,3.3,0.70937536504841
mask,0.0,2,Dry,rule,0.9,3.1,0.70937536504841
mask,0.0,2,Dry,rule,1.3,3.1,0.70937536504841
mask,0.0,2,Dry,rule,2.0,3.0,0.70937536504841
mask,0.0,2,Dry,learned,0.0,10.9,0.9305687780632227
mask,0.0,2,Dry,learned,0.2,4.3,0.8899541168509599
mask,0.0,2,Dry,learned,0.4,4.0,0.8200685179888283
mask,0.0,2,Dry,learned,0.6,4.0,0.8048109992093389
mask,0.0,2,Dry,learned,0.9,4.1,0.7877736340270853
mask,0.0,2,Dry,learned,1.3,4.0,0.7312625444731049
mask,0.0,2,Dry,learned,2.0,4.0,0.6500332220485792
mask,0.0,2,Dry,hybrid,0.0,10.9,0.9305687780632227
mask,0.0,2,Dry,hybrid,0.2,3.5,0.7799082337019198
mask,0.0,2,Dry,hybrid,0.4,3.3,0.7312625444731049
mask,0.0,2,Dry,hybrid,0.6,3.3,0.70937536504841
mask,0.0,2,Dry,hybrid,0.9,3.3,0.7314470771099788
mask,0.0,2,Dry,hybrid,1.3,3.2,0.7416702490101529
mask,0.0,2,Dry,hybrid,2.0,3.0,0.7416702490101529
mask,0.0,2,Normal,oracle,0.0,10.6,0.9266360779006398
mask,0.0,2,Normal,oracle,0.2,3.2,0.6947651160602988
mask,0.0,2,Normal,oracle,0.4,3.0,0.6947651160602988
mask,0.0,2,Normal,oracle,0.6,3.0,0.6947651160602988
mask,0.0,2,Normal,oracle,0.9,3.0,0.6947651160602988
mask,0.0,2,Normal,oracle,1.3,3.0,0.6947651160602988
mask,0.0,2,Normal,oracle,2.0,3.0,0.6947651160602988
mask,0.0,2,Normal,rule,0.0,10.6,0.9266360779006398
mask,0.0,2,Normal,rule,0.2,3.2,0.6947651160602988
mask,0.0,2,Normal,rule,0.4,3.0,0.6947651160602988
mask,0.0,2,Normal,rule,0.6,3.0,0.6947651160602988
mask,0.0,2,Normal,rule,0.9,3.0,0.6947651160602988
mask,0.0,2,Normal,rule,1.3,3.0,0.6947651160602988
mask,0.0,2,Normal,rule,2.0,3.0,0.6947651160602988
mask,0.0,2,Normal,learned,0.0,10.6,0.9266360779006398
mask,0.0,2,Normal,learned,0.2,3.9,0.77523873680463
mask,0.0,2,Normal,learned,0.4,3.6,0.7215194105726964
mask,0.0,2,Normal,learned,0.6,3.6,0.7917063341896682
mask,0.0,2,Normal,learned,0.9,4.0,0.8611375561264455
mask,0.0,2,Normal,learned,1.3,4.0,0.7162874455029681
mask,0.0,2,Normal,learned,2.0,4.0,0.7162874455029681
mask,0.0,2,Normal,hybrid,0.0,10.6,0.9266360779006398
mask,0.0,2,Normal,hybrid,0.2,3.3,0.7123736502858729
mask,0.0,2,Normal,hybrid,0.4,3.2,0.7314470771099788
mask,0.0,2,Normal,hybrid,0.6,3.1,0.6898286563534621
mask,0.0,2,Normal,hybrid,0.9,3.0,0.7007731679885374
mask,0.0,2,Normal,hybrid,1.3,3.0,0.6961622681399229
mask,0.0,2,Normal,hybrid,2.0,3.0,0.6961622681399229
mask,0.0,2,Oily,oracle,0.0,10.7,0.7917063341896682
mask,0.0,2,Oily,oracle,0.2,3.2,0.791726719367984
mask,0.0,2,Oily,oracle,0.4,3.1,0.8553475075669357
mask,0.0,2,Oily,oracle,0.6,3.0,0.9216017310213245
mask,0.0,2,Oily,oracle,0.9,3.0,0.9216017310213245
mask,0.0,2,Oily,oracle,1.3,3.0,0.9216017310213245
mask,0.0,2,Oily,oracle,2.0,3.0,0.9216017310213245
mask,0.0,2,Oily,rule,0.0,10.7,0.7917063341896682
mask,0.0,2,Oily,rule,0.2,3.2,0.791726719367984
mask,0.0,2,Oily,rule,0.4,3.1,0.8553475075669357
mask,0.0,2,Oily,rule,0.6,3.0,0.9216017310213245
mask,0.0,2,Oily,rule,0.9,3.0,0.9216017310213245
mask,0.0,2,Oily,rule,1.3,3.0,0.9216017310213245
mask,0.0,2,Oily,rule,2.0,3.0,0.9216017310213245
mask,0.0,2,Oily,learned,0.0,10.7,0.7917063341896682
mask,0.0,2,Oily,learned,0.2,3.5,1.0
mask,0.0,2,Oily,learned,0.4,3.9,1.0
mask,0.0,2,Oily,learned,0.6,3.9,1.0
mask,0.0,2,Oily,learned,0.9,3.9,1.0
mask,0.0,2,Oily,learned,1.3,3.9,1.0
mask,0.0,2,Oily,learned,2.0,3.9,1.0
mask,0.0,2,Oily,hybrid,0.0,10.7,0.7917063341896682
mask,0.0,2,Oily,hybrid,0.2,3.3,0.9305687780632227
mask,0.0,2,Oily,hybrid,0.4,3.3,0.9363792118010483
mask,0.0,2,Oily,hybrid,0.6,3.2,1.0
mask,0.0,2,Oily,hybrid,0.9,3.2,1.0
mask,0.0,2,Oily,hybrid,1.3,3.2,1.0
mask,0.0,2,Oily,hybrid,2.0,3.2,1.0
mask,0.0,2,Sensitive,oracle,0.0,8.1,0.7948833326720566
mask,0.0,2,Sensitive,oracle,0.2,3.3,0.9266360779006398
mask,0.0,2,Sensitive,oracle,0.4,3.1,0.8630152897016883
mask,0.0,2,Sensitive,oracle,0.6,3.0,0.7967610662472993
mask,0.0,2,Sensitive,oracle,0.9,3.0,0.7967610662472993
mask,0.0,2,Sensitive,oracle,1.3,3.0,0.7967610662472993
mask,0.0,2,Sensitive,oracle,2.0,3.0,0.7967610662472993
mask,0.0,2,Sensitive,rule,0.0,8.1,0.7948833326720566
mask,0.0,2,Sensitive,rule,0.2,3.3,0.9266360779006398
mask,0.0,2,Sensitive,rule,0.4,3.1,0.8630152897016883
mask,0.0,2,Sensitive,rule,0.6,3.0,0.7967610662472993
mask,0.0,2,Sensitive,rule,0.9,3.0,0.7967610662472993
mask,0.0,2,Sensitive,rule,1.3,3.0,0.7967610662472993
mask,0.0,2,Sensitive,rule,2.0,3.0,0.7967610662472993
mask,0.0,2,Sensitive,learned,0.0,8.1,0.7948833326720566
mask,0.0,2,Sensitive,learned,0.2,3.7,1.0
mask,0.0,2,Sensitive,learned,0.4,3.7,1.0
mask,0.0,2,Sensitive,learned,0.6,3.7,0.9363792118010483
mask,0.0,2,Sensitive,learned,0.9,3.7,0.933745776545611
mask,0.0,2,Sensitive,learned,1.3,3.7,0.9266360779006398
mask,0.0,2,Sensitive,learned,2.0,3.5,0.8512360941594274
mask,0.0,2,Sensitive,hybrid,0.0,8.1,0.7948833326720566
mask,0.0,2,Sensitive,hybrid,0.2,3.5,1.0
mask,0.0,2,Sensitive,hybrid,0.4,3.2,0.8701249883466594
mask,0.0,2,Sensitive,hybrid,0.6,3.2,0.8553475075669357
mask,0.0,2,Sensitive,hybrid,0.9,3.2,0.7788065869851872
mask,0.0,2,Sensitive,hybrid,1.3,3.2,0.7788065869851872
mask,0.0,2,Sensitive,hybrid,2.0,3.1,0.7624164915943118
mask,0.0,3,Combination,oracle,0.0,9.4,0.835780413693672
mask,0.0,3,Combination,oracle,0.2,3.0,1.0
mask,0.0,3,Combination,oracle,0.4,3.0,1.0
mask,0.0,3,Combination,oracle,0.6,3.0,1.0
mask,0.0,3,Combination,oracle,0.9,3.0,1.0
mask,0.0,3,Combination,oracle,1.3,3.0,1.0
mask,0.0,3,Combination,oracle,2.0,3.0,1.0
mask,0.0,3,Combination,rule,0.0,9.4,0.835780413693672
mask,0.0,3,Combination,rule,0.2,3.0,1.0
mask,0.0,3,Combination,rule,0.4,3.0,1.0
mask,0.0,3,Combination,rule,0.6,3.0,1.0
mask,0.0,3,Combination,rule,0.9,3.0,1.0
mask,0.0,3,Combination,rule,1.3,3.0,1.0
mask,0.0,3,Combination,rule,2.0,3.0,1.0
mask,0.0,3,Combination,learned,0.0,9.4,0.835780413693672
mask,0.0,3,Combination,learned,0.2,3.6,0.9266360779006398
mask,0.0,3,Combination,learned,0.4,3.6,0.9216017310213245
mask,0.0,3,Combination,learned,0.6,3.8,0.9216017310213245
mask,0.0,3,Combination,learned,0.9,3.8,0.9266360779006398
mask,0.0,3,Combination,learned,1.3,3.9,0.8572048559638626
mask,0.0,3,Combination,learned,2.0,4.0,0.727329844310522
mask,0.0,3,Combination,hybrid,0.0,9.4,0.835780413693672
mask,0.0,3,Combination,hybrid,0.2,3.0,0.933745776545611
mask,0.0,3,Combination,hybrid,0.4,3.0,0.9266360779006398
mask,0.0,3,Combination,hybrid,0.6,3.0,0.9266360779006398
mask,0.0,3,Combination,hybrid,0.9,3.0,0.8603818544462509
mask,0.0,3,Combination,hybrid,1.3,3.0,0.8603818544462509
mask,0.0,3,Combination,hybrid,2.0,3.0,0.8603818544462509
mask,0.0,3,Dry,oracle,0.0,9.4,0.6163668470816234
mask,0.0,3,Dry,oracle,0.2,3.5,0.8899541168509599
mask,0.0,3,Dry,oracle,0.4,3.3,0.8115558478722845
mask,0.0,3,Dry,oracle,0.6,3.3,0.8115558478722845
mask,0.0,3,Dry,oracle,0.9,3.1,0.8115558478722845
mask,0.0,3,Dry,oracle,1.3,3.0,0.7479350596733328
mask,0.0,3,Dry,oracle,2.0,3.0,0.7479350596733328
mask,0.0,3,Dry,rule,0.0,9.4,0.6163668470816234
mask,0.0,3,Dry,rule,0.2,3.5,0.8899541168509599
mask,0.0,3,Dry,rule,0.4,3.3,0.8115558478722845
mask,0.0,3,Dry,rule,0.6,3.3,0.8115558478722845
mask,0.0,3,Dry,rule,0.9,3.1,0.8115558478722845
mask,0.0,3,Dry,rule,1.3,3.0,0.7479350596733328
mask,0.0,3,Dry,rule,2.0,3.0,0.7479350596733328
mask,0.0,3,Dry,learned,0.0,9.4,0.6163668470816234
mask,0.0,3,Dry,learned,0.2,4.3,0.7827392871477701
mask,0.0,3,Dry,learned,0.4,4.3,0.7877736340270853
mask,0.0,3,Dry,learned,0.6,4.0,0.8611375561264455
mask,0.0,3,Dry,learned,0.9,4.1,0.8611375561264455
mask,0.0,3,Dry,learned,1.3,4.0,0.7975167679274938
mask,0.0,3,Dry,learned,2.0,4.0,0.7948833326720566
mask,0.0,3,Dry,hybrid,0.0,9.4,0.6163668470816234
mask,0.0,3,Dry,hybrid,0.2,3.8,0.8701249883466594
mask,0.0,3,Dry,hybrid,0.4,3.7,0.9305687780632227
mask,0.0,3,Dry,hybrid,0.6,3.6,0.933745776545611
mask,0.0,3,Dry,hybrid,0.9,3.5,0.8579809428223729
mask,0.0,3,Dry,hybrid,1.3,3.4,0.914856882358379
mask,0.0,3,Dry,hybrid,2.0,3.2,0.8389574121760602
mask,0.0,3,Normal,oracle,0.0,8.0,0.8611375561264455
mask,0.0,3,Normal,oracle,0.2,3.0,0.84860265890399
mask,0.0,3,Normal,oracle,0.4,3.0,0.84860265890399
mask,0.0,3,Normal,oracle,0.6,3.0,0.84860265890399
mask,0.0,3,Normal,oracle,0.9,3.0,0.84860265890399
mask,0.0,3,Normal,oracle,1.3,3.0,0.84860265890399
mask,0.0,3,Normal,oracle,2.0,3.0,0.84860265890399
mask,0.0,3,Normal,rule,0.0,8.0,0.8611375561264455
mask,0.0,3,Normal,rule,0.2,3.0,0.84860265890399
mask,0.0,3,Normal,rule,0.4,3.0,0.84860265890399
mask,0.0,3,Normal,rule,0.6,3.0,0.84860265890399
mask,0.0,3,Normal,rule,0.9,3.0,0.84860265890399
mask,0.0,3,Normal,rule,1.3,3.0,0.84860265890399
mask,0.0,3,Normal,rule,2.0,3.0,0.84860265890399
mask,0.0,3,Normal,learned,0.0,8.0,0.8611375561264455
mask,0.0,3,Normal,learned,0.2,3.9,0.8630152897016883
mask,0.0,3,Normal,learned,0.4,3.9,0.7819835854675755
mask,0.0,3,Normal,learned,0.6,3.9,0.7720617383222416
mask,0.0,3,Normal,learned,0.9,3.9,0.7133080652109928
mask,0.0,3,Normal,learned,1.3,4.2,0.7133080652109928
mask,0.0,3,Normal,learned,2.0,4.2,0.7164850636933812
mask,0.0,3,Normal,hybrid,0.0,8.0,0.8611375561264455
mask,0.0,3,Normal,hybrid,0.2,3.4,0.8611375561264455
mask,0.0,3,Normal,hybrid,0.4,3.0,0.8611375561264455
mask,0.0,3,Normal,hybrid,0.6,3.0,0.8611375561264455
mask,0.0,3,Normal,hybrid,0.9,3.0,0.8611375561264455
mask,0.0,3,Normal,hybrid,1.3,3.0,0.8611375561264455
mask,0.0,3,Normal,hybrid,2.0,3.0,0.8611375561264455
mask,0.0,3,Oily,oracle,0.0,8.7,0.8268133666517739
mask,0.0,3,Oily,oracle,0.2,3.1,0.6500332220485792
mask,0.0,3,Oily,oracle,0.4,3.0,0.6500332220485792
mask,0.0,3,Oily,oracle,0.6,3.0,0.6500332220485792
mask,0.0,3,Oily,oracle,0.9,3.0,0.6500332220485792
mask,0.0,3,Oily,oracle,1.3,3.0,0.6500332220485792
mask,0.0,3,Oily,oracle,2.0,3.0,0.6500332220485792
mask,0.0,3,Oily,rule,0.0,8.7,0.8268133666517739
mask,0.0,3,Oily,rule,0.2,3.1,0.6500332220485792
mask,0.0,3,Oily,rule,0.4,3.0,0.6500332220485792
mask,0.0,3,Oily,rule,0.6,3.0,0.6500332220485792
mask,0.0,3,Oily,rule,0.9,3.0,0.6500332220485792
mask,0.0,3,Oily,rule,1.3,3.0,0.6500332220485792
mask,0.0,3,Oily,rule,2.0,3.0,0.6500332220485792
mask,0.0,3,Oily,learned,0.0,8.7,0.8268133666517739
mask,0.0,3,Oily,learned,0.2,3.4,0.933745776545611
mask,0.0,3,Oily,learned,0.4,3.4,0.914856882358379
mask,0.0,3,Oily,learned,0.6,3.5,0.8200685179888283
mask,0.0,3,Oily,learned,0.9,3.9,0.7353797772725615
mask,0.0,3,Oily,learned,1.3,3.9,0.6067216003536937
mask,0.0,3,Oily,learned,2.0,3.9,0.5481351590340573
mask,0.0,3,Oily,hybrid,0.0,8.7,0.8268133666517739
mask,0.0,3,Oily,hybrid,0.2,3.1,0.8572048559638626
mask,0.0,3,Oily,hybrid,0.4,3.1,0.8579809428223729
mask,0.0,3,Oily,hybrid,0.6,3.0,0.9216017310213245
mask,0.0,3,Oily,hybrid,0.9,3.0,0.9216017310213245
mask,0.0,3,Oily,hybrid,1.3,3.0,0.9216017310213245
mask,0.0,3,Oily,hybrid,2.0,3.0,0.9216017310213245
mask,0.0,3,Sensitive,oracle,0.0,8.1,0.9216017310213245
mask,0.0,3,Sensitive,oracle,0.2,3.3,1.0
mask,0.0,3,Sensitive,oracle,0.4,3.2,0.933745776545611
mask,0.0,3,Sensitive,oracle,0.6,3.2,0.9305687780632227
mask,0.0,3,Sensitive,oracle,0.9,3.2,0.9305687780632227
mask,0.0,3,Sensitive,oracle,1.3,3.1,0.9305687780632227
mask,0.0,3,Sensitive,oracle,2.0,3.0,0.866947989864271
mask,0.0,3,Sensitive,rule,0.0,8.1,0.9216017310213245
mask,0.0,3,Sensitive,rule,0.2,3.3,1.0
mask,0.0,3,Sensitive,rule,0.4,3.2,0.933745776545611
mask,0.0,3,Sensitive,rule,0.6,3.2,0.9305687780632227
mask,0.0,3,Sensitive,rule,0.9,3.2,0.9305687780632227
mask,0.0,3,Sensitive,rule,1.3,3.1,0.9305687780632227
mask,0.0,3,Sensitive,rule,2.0,3.0,0.866947989864271
mask,0.0,3,Sensitive,learned,0.0,8.1,0.9216017310213245
mask,0.0,3,Sensitive,learned,0.2,4.4,0.9052116356304493
mask,0.0,3,Sensitive,learned,0.4,3.8,0.9052116356304493
mask,0.0,3,Sensitive,learned,0.6,4.0,0.9216017310213245
mask,0.0,3,Sensitive,learned,0.9,4.1,0.7162874455029681
mask,0.0,3,Sensitive,learned,1.3,3.6,0.7162874455029681
mask,0.0,3,Sensitive,learned,2.0,3.7,0.7104770117651424
mask,0.0,3,Sensitive,hybrid,0.0,8.1,0.9216017310213245
mask,0.0,3,Sensitive,hybrid,0.2,3.4,1.0
mask,0.0,3,Sensitive,hybrid,0.4,3.5,0.9363792118010483
mask,0.0,3,Sensitive,hybrid,0.6,3.3,1.0
mask,0.0,3,Sensitive,hybrid,0.9,3.3,1.0
mask,0.0,3,Sensitive,hybrid,1.3,3.3,1.0
mask,0.0,3,Sensitive,hybrid,2.0,3.1,0.8643145546088338
mask,0.0,4,Combination,oracle,0.0,8.9,0.7191184989488184
mask,0.0,4,Combination,oracle,0.2,3.0,0.7720617383222416
mask,0.0,4,Combination,oracle,0.4,3.0,0.7720617383222416
mask,0.0,4,Combination,oracle,0.6,3.0,0.7720617383222416
mask,0.0,4,Combination,oracle,0.9,3.0,0.7720617383222416
mask,0.0,4,Combination,oracle,1.3,3.0,0.7720617383222416
mask,0.0,4,Combination,oracle,2.0,3.0,0.7720617383222416
mask,0.0,4,Combination,rule,0.0,8.9,0.7191184989488184
mask,0.0,4,Combination,rule,0.2,3.0,0.7720617383222416
mask,0.0,4,Combination,rule,0.4,3.0,0.7720617383222416
mask,0.0,4,Combination,rule,0.6,3.0,0.7720617383222416
mask,0.0,4,Combination,rule,0.9,3.0,0.7720617383222416
mask,0.0,4,Combination,rule,1.3,3.0,0.7720617383222416
mask,0.0,4,Combination,rule,2.0,3.0,0.7720617383222416
mask,0.0,4,Combination,learned,0.0,8.9,0.7191184989488184
mask,0.0,4,Combination,learned,0.2,3.2,0.8553475075669357
mask,0.0,4,Combination,learned,0.4,3.4,0.8701249883466594
mask,0.0,4,Combination,learned,0.6,3.4,0.8579809428223729
mask,0.0,4,Combination,learned,0.9,3.4,0.8579809428223729
mask,0.0,4,Combination,learned,1.3,3.4,0.8579809428223729
mask,0.0,4,Combination,learned,2.0,3.4,0.8579809428223729
mask,0.0,4,Combination,hybrid,0.0,8.9,0.7191184989488184
mask,0.0,4,Combination,hybrid,0.2,3.0,0.7605591431973849
mask,0.0,4,Combination,hybrid,0.4,3.0,0.7695261902392829
mask,0.0,4,Combination,hybrid,0.6,3.0,0.7695261902392829
mask,0.0,4,Combination,hybrid,0.9,3.0,0.7695261902392829
mask,0.0,4,Combination,hybrid,1.3,3.0,0.7695261902392829
mask,0.0,4,Combination,hybrid,2.0,3.0,0.7695261902392829
mask,0.0,4,Dry,oracle,0.0,11.6,1.0
mask,0.0,4,Dry,oracle,0.2,3.3,0.7967610662472993
mask,0.0,4,Dry,oracle,0.4,3.0,0.8630152897016883
mask,0.0,4,Dry,oracle,0.6,3.0,0.8630152897016883
mask,0.0,4,Dry,oracle,0.9,3.0,0.8630152897016883
mask,0.0,4,Dry,oracle,1.3,3.0,0.8630152897016883
mask,0.0,4,Dry,oracle,2.0,3.0,0.8630152897016883
mask,0.0,4,Dry,rule,0.0,11.6,1.0
mask,0.0,4,Dry,rule,0.2,3.3,0.7967610662472993
mask,0.0,4,Dry,rule,0.4,3.0,0.8630152897016883
mask,0.0,4,Dry,rule,0.6,3.0,0.8630152897016883
mask,0.0,4,Dry,rule,0.9,3.0,0.8630152897016883
mask,0.0,4,Dry,rule,1.3,3.0,0.8630152897016883
mask,0.0,4,Dry,rule,2.0,3.0,0.8630152897016883
mask,0.0,4,Dry,learned,0.0,11.6,1.0
mask,0.0,4,Dry,learned,0.2,3.6,0.7967610662472993
mask,0.0,4,Dry,learned,0.4,3.4,0.8643145546088338
mask,0.0,4,Dry,learned,0.6,3.4,0.8643145546088338
mask,0.0,4,Dry,learned,0.9,3.4,0.8643145546088338
mask,0.0,4,Dry,learned,1.3,3.4,0.866947989864271
mask,0.0,4,Dry,learned,2.0,3.4,0.8701249883466594
mask,0.0,4,Dry,hybrid,0.0,11.6,1.0
mask,0.0,4,Dry,hybrid,0.2,3.4,0.7720617383222416
mask,0.0,4,Dry,hybrid,0.4,3.4,0.7007731679885374
mask,0.0,4,Dry,hybrid,0.6,3.3,0.706583601726363
mask,0.0,4,Dry,hybrid,0.9,3.1,0.8364586133797036
mask,0.0,4,Dry,hybrid,1.3,3.0,0.8364586133797036
mask,0.0,4,Dry,hybrid,2.0,3.0,0.8364586133797036
mask,0.0,4,Normal,oracle,0.0,8.4,0.4800032020044256
mask,0.0,4,Normal,oracle,0.2,3.0,1.0
mask,0.0,4,Normal,oracle,0.4,3.0,1.0
mask,0.0,4,Normal,oracle,0.6,3.0,1.0
mask,0.0,4,Normal,oracle,0.9,3.0,1.0
mask,0.0,4,Normal,oracle,1.3,3.0,1.0
mask,0.0,4,Normal,oracle,2.0,3.0,1.0
mask,0.0,4,Normal,rule,0.0,8.4,0.4800032020044256
mask,0.0,4,Normal,rule,0.2,3.0,1.0
mask,0.0,4,Normal,rule,0.4,3.0,1.0
mask,0.0,4,Normal,rule,0.6,3.0,1.0
mask,0.0,4,Normal,rule,0.9,3.0,1.0
mask,0.0,4,Normal,rule,1.3,3.0,1.0
mask,0.0,4,Normal,rule,2.0,3.0,1.0
mask,0.0,4,Normal,learned,0.0,8.4,0.4800032020044256
mask,0.0,4,Normal,learned,0.2,3.6,0.914856882358379
mask,0.0,4,Normal,learned,0.4,3.3,0.8512360941594274
mask,0.0,4,Normal,learned,0.6,3.3,0.8512360941594274
mask,0.0,4,Normal,learned,0.9,3.3,0.914856882358379
mask,0.0,4,Normal,learned,1.3,3.3,0.914856882358379
mask,0.0,4,Normal,learned,2.0,3.3,0.914856882358379
mask,0.0,4,Normal,hybrid,0.0,8.4,0.4800032020044256
mask,0.0,4,Normal,hybrid,0.2,3.0,0.8454256604216017
mask,0.0,4,Normal,hybrid,0.4,3.0,0.7778721720600672
mask,0.0,4,Normal,hybrid,0.6,3.0,0.7778721720600672
mask,0.0,4,Normal,hybrid,0.9,3.0,0.7778721720600672
mask,0.0,4,Normal,hybrid,1.3,3.0,0.7778721720600672
mask,0.0,4,Normal,hybrid,2.0,3.0,0.7846170207230129
mask,0.0,4,Oily,oracle,0.0,8.6,0.3693362536342715
mask,0.0,4,Oily,oracle,0.2,3.2,0.7753366239771086
mask,0.0,4,Oily,oracle,0.4,3.1,0.7753366239771086
mask,0.0,4,Oily,oracle,0.6,3.0,0.8389574121760602
mask,0.0,4,Oily,oracle,0.9,3.0,0.8389574121760602
mask,0.0,4,Oily,oracle,1.3,3.0,0.8389574121760602
mask,0.0,4,Oily,oracle,2.0,3.0,0.8389574121760602
mask,0.0,4,Oily,rule,0.0,8.6,0.3693362536342715
mask,0.0,4,Oily,rule,0.2,3.2,0.7753366239771086
mask,0.0,4,Oily,rule,0.4,3.1,0.7753366239771086
mask,0.0,4,Oily,rule,0.6,3.0,0.8389574121760602
mask,0.0,4,Oily,rule,0.9,3.0,0.8389574121760602
mask,0.0,4,Oily,rule,1.3,3.0,0.8389574121760602
mask,0.0,4,Oily,rule,2.0,3.0,0.8389574121760602
mask,0.0,4,Oily,learned,0.0,8.6,0.3693362536342715
mask,0.0,4,Oily,learned,0.2,3.5,0.7059054020403313
mask,0.0,4,Oily,learned,0.4,3.6,0.7059054020403313
mask,0.0,4,Oily,learned,0.6,3.5,0.7655934900767002
mask,0.0,4,Oily,learned,0.9,3.5,0.7564477297898765
mask,0.0,4,Oily,learned,1.3,3.5,0.7564477297898765
mask,0.0,4,Oily,learned,2.0,3.5,0.7564477297898765
mask,0.0,4,Oily,hybrid,0.0,8.6,0.3693362536342715
mask,0.0,4,Oily,hybrid,0.2,3.3,0.6687607038361472
mask,0.0,4,Oily,hybrid,0.4,3.4,0.6687607038361472
mask,0.0,4,Oily,hybrid,0.6,3.3,0.6520881886359191
mask,0.0,4,Oily,hybrid,0.9,3.3,0.6520881886359191
mask,0.0,4,Oily,hybrid,1.3,3.4,0.6520881886359191
mask,0.0,4,Oily,hybrid,2.0,3.2,0.7312625444731049
mask,0.0,4,Sensitive,oracle,0.0,12.1,0.8630152897016883
mask,0.0,4,Sensitive,oracle,0.2,3.6,0.9052116356304493
mask,0.0,4,Sensitive,oracle,0.4,3.4,0.8611375561264455
mask,0.0,4,Sensitive,oracle,0.6,3.3,0.8611375561264455
mask,0.0,4,Sensitive,oracle,0.9,3.1,0.8611375561264455
mask,0.0,4,Sensitive,oracle,1.3,3.0,0.8611375561264455
mask,0.0,4,Sensitive,oracle,2.0,3.0,0.8611375561264455
mask,0.0,4,Sensitive,rule,0.0,12.1,0.8630152897016883
mask,0.0,4,Sensitive,rule,0.2,3.6,0.9052116356304493
mask,0.0,4,Sensitive,rule,0.4,3.4,0.8611375561264455
mask,0.0,4,Sensitive,rule,0.6,3.3,0.8611375561264455
mask,0.0,4,Sensitive,rule,0.9,3.1,0.8611375561264455
mask,0.0,4,Sensitive,rule,1.3,3.0,0.8611375561264455
mask,0.0,4,Sensitive,rule,2.0,3.0,0.8611375561264455
mask,0.0,4,Sensitive,learned,0.0,12.1,0.8630152897016883
mask,0.0,4,Sensitive,learned,0.2,3.8,0.8899541168509599
mask,0.0,4,Sensitive,learned,0.4,4.0,0.7799082337019198
mask,0.0,4,Sensitive,learned,0.6,3.5,0.7799082337019198
mask,0.0,4,Sensitive,learned,0.9,3.4,0.7799082337019198
mask,0.0,4,Sensitive,learned,1.3,3.1,0.7917063341896682
mask,0.0,4,Sensitive,learned,2.0,3.1,0.7315449642824575
mask,0.0,4,Sensitive,hybrid,0.0,12.1,0.8630152897016883
mask,0.0,4,Sensitive,hybrid,0.2,3.7,0.7975167679274938
mask,0.0,4,Sensitive,hybrid,0.4,3.5,0.7799082337019198
mask,0.0,4,Sensitive,hybrid,0.6,3.2,0.7799082337019198
mask,0.0,4,Sensitive,hybrid,0.9,3.2,0.7799082337019198
mask,0.0,4,Sensitive,hybrid,1.3,3.1,0.7104770117651424
mask,0.0,4,Sensitive,hybrid,2.0,3.0,0.6378891765242928
mask,0.25,0,Combination,oracle,0.0,6.9,1.0
mask,0.25,0,Combination,oracle,0.2,3.0,0.8553475075669357
mask,0.25,0,Combination,oracle,0.4,3.0,0.8553475075669357
mask,0.25,0,Combination,oracle,0.6,3.0,0.8553475075669357
mask,0.25,0,Combination,oracle,0.9,3.0,0.8553475075669357
mask,0.25,0,Combination,oracle,1.3,3.0,0.8553475075669357
mask,0.25,0,Combination,oracle,2.0,3.0,0.8553475075669357
mask,0.25,0,Combination,rule,0.0,6.9,1.0
mask,0.25,0,Combination,rule,0.2,3.6,0.7791714369672127
mask,0.25,0,Combination,rule,0.4,3.6,0.7019727018777485
mask,0.25,0,Combination,rule,0.6,3.4,0.7655934900767002
mask,0.25,0,Combination,rule,0.9,3.4,0.750637296052051
mask,0.25,0,Combination,rule,1.3,3.3,0.7564477297898765
mask,0.25,0,Combination,rule,2.0,3.3,0.7564477297898765
mask,0.25,0,Combination,learned,0.0,6.9,1.0
mask,0.25,0,Combination,learned,0.2,3.9,0.8553475075669357
mask,0.25,0,Combination,learned,0.4,3.6,0.7788065869851872
mask,0.25,0,Combination,learned,0.6,3.6,0.7846170207230129
mask,0.25,0,Combination,learned,0.9,3.6,0.7529694065526481
mask,0.25,0,Combination,learned,1.3,3.6,0.7529694065526481
mask,0.25,0,Combination,learned,2.0,3.4,0.7759944384848245
mask,0.25,0,Combination,hybrid,0.0,6.9,1.0
mask,0.25,0,Combination,hybrid,0.2,3.2,0.8389574121760602
mask,0.25,0,Combination,hybrid,0.4,3.2,0.8268133666517739
mask,0.25,0,Combination,hybrid,0.6,3.2,0.8200685179888283
mask,0.25,0,Combination,hybrid,0.9,3.2,0.7951657524814092
mask,0.25,0,Combination,hybrid,1.3,3.2,0.6410457898283652
mask,0.25,0,Combination,hybrid,2.0,3.2,0.6698623505528797
mask,0.25,0,Dry,oracle,0.0,12.4,0.914856882358379
mask,0.25,0,Dry,oracle,0.2,3.0,0.8572048559638626
mask,0.25,0,Dry,oracle,0.4,3.0,0.8572048559638626
mask,0.25,0,Dry,oracle,0.6,3.0,0.8572048559638626
mask,0.25,0,Dry,oracle,0.9,3.0,0.8572048559638626
mask,0.25,0,Dry,oracle,1.3,3.0,0.8572048559638626
mask,0.25,0,Dry,oracle,2.0,3.0,0.8572048559638626
mask,0.25,0,Dry,rule,0.0,12.4,0.914856882358379
mask,0.25,0,Dry,rule,0.2,3.3,0.8611375561264455
mask,0.25,0,Dry,rule,0.4,3.4,0.8611375561264455
mask,0.25,0,Dry,rule,0.6,3.7,0.7975167679274938
mask,0.25,0,Dry,rule,0.9,3.5,0.8611375561264455
mask,0.25,0,Dry,rule,1.3,3.5,0.8611375561264455
mask,0.25,0,Dry,rule,2.0,3.5,0.8611375561264455
mask,0.25,0,Dry,learned,0.0,12.4,0.914856882358379
mask,0.25,0,Dry,learned,0.2,3.8,0.7136540102475308
mask,0.25,0,Dry,learned,0.4,3.7,0.7799082337019198
mask,0.25,0,Dry,learned,0.6,3.7,0.7799082337019198
mask,0.25,0,Dry,learned,0.9,3.9,0.7136540102475308
mask,0.25,0,Dry,learned,1.3,3.9,0.642923523403608
mask,0.25,0,Dry,learned,2.0,3.6,0.6253338941235215
mask,0.25,0,Dry,hybrid,0.0,12.4,0.914856882358379
mask,0.25,0,Dry,hybrid,0.2,3.4,0.7799082337019198
mask,0.25,0,Dry,hybrid,0.4,3.3,0.7799082337019198
mask,0.25,0,Dry,hybrid,0.6,3.4,0.7162874455029681
mask,0.25,0,Dry,hybrid,0.9,3.6,0.6468562235661908
mask,0.25,0,Dry,hybrid,1.3,3.6,0.5658245193320781
mask,0.25,0,Dry,hybrid,2.0,3.6,0.5590796706691326
mask,0.25,0,Normal,oracle,0.0,12.1,0.7827392871477701
mask,0.25,0,Normal,oracle,0.2,3.0,0.8521705090845473
mask,0.25,0,Normal,oracle,0.4,3.0,0.8521705090845473
mask,0.25,0,Normal,oracle,0.6,3.0,0.8521705090845473
mask,0.25,0,Normal,oracle,0.9,3.0,0.8521705090845473
mask,0.25,0,Normal,oracle,1.3,3.0,0.8521705090845473
mask,0.25,0,Normal,oracle,2.0,3.0,0.8521705090845473
mask,0.25,0,Normal,rule,0.0,12.1,0.7827392871477701
mask,0.25,0,Normal,rule,0.2,4.1,0.5577804057619871
mask,0.25,0,Normal,rule,0.4,4.1,0.5806020001118019
mask,0.25,0,Normal,rule,0.6,4.1,0.5648901044069582
mask,0.25,0,Normal,rule,0.9,4.1,0.5648901044069582
mask,0.25,0,Normal,rule,1.3,4.1,0.5648901044069582
mask,0.25,0,Normal,rule,2.0,4.1,0.5648901044069582
mask,0.25,0,Normal,learned,0.0,12.1,0.7827392871477701
mask,0.25,0,Normal,learned,0.2,3.2,0.8611375561264455
mask,0.25,0,Normal,learned,0.4,3.5,0.8263333286520083
mask,0.25,0,Normal,learned,0.6,3.8,0.7542686714597936
mask,0.25,0,Normal,learned,0.9,3.8,0.7471589728148225
mask,0.25,0,Normal,learned,1.3,3.8,0.6867151830982592
mask,0.25,0,Normal,learned,2.0,3.8,0.6816808362189439
mask,0.25,0,Normal,hybrid,0.0,12.1,0.7827392871477701
mask,0.25,0,Normal,hybrid,0.2,3.2,0.7799082337019198
mask,0.25,0,Normal,hybrid,0.4,3.5,0.7065443116025597
mask,0.25,0,Normal,hybrid,0.6,3.5,0.7877736340270853
mask,0.25,0,Normal,hybrid,0.9,3.5,0.7877736340270853
mask,0.25,0,Normal,hybrid,1.3,3.5,0.718342412090308
mask,0.25,0,Normal,hybrid,2.0,3.7,0.6547216238913564
mask,0.25,0,Oily,oracle,0.0,7.8,0.8611375561264455
mask,0.25,0,Oily,oracle,0.2,3.2,0.7183627972686238
mask,0.25,0,Oily,oracle,0.4,3.2,0.7183627972686238
mask,0.25,0,Oily,oracle,0.6,3.0,0.7846170207230129
mask,0.25,0,Oily,oracle,0.9,3.0,0.7846170207230129
mask,0.25,0,Oily,oracle,1.3,3.0,0.7846170207230129
mask,0.25,0,Oily,oracle,2.0,3.0,0.7846170207230129
mask,0.25,0,Oily,rule,0.0,7.8,0.8611375561264455
mask,0.25,0,Oily,rule,0.2,3.4,0.6947651160602988
mask,0.25,0,Oily,rule,0.4,3.7,0.5022037311331264
mask,0.25,0,Oily,rule,0.6,3.5,0.5618918191694954
mask,0.25,0,Oily,rule,0.9,3.5,0.5455017237786199
mask,0.25,0,Oily,rule,1.3,3.5,0.55206785919664
mask,0.25,0,Oily,rule,2.0,3.5,0.55206785919664
mask,0.25,0,Oily,learned,0.0,7.8,0.8611375561264455
mask,0.25,0,Oily,learned,0.2,3.3,0.5658245193320781
mask,0.25,0,Oily,learned,0.4,3.3,0.4736695902179647
mask,0.25,0,Oily,learned,0.6,3.3,0.5483327772244703
mask,0.25,0,Oily,learned,0.9,3.6,0.5365535816822093
mask,0.25,0,Oily,learned,1.3,3.6,0.5415879285615247
mask,0.25,0,Oily,learned,2.0,3.6,0.545155778742082
mask,0.25,0,Oily,hybrid,0.0,7.8,0.8611375561264455
mask,0.25,0,Oily,hybrid,0.2,3.3,0.5658245193320781
mask,0.25,0,Oily,hybrid,0.4,3.3,0.44202197604759996
mask,0.25,0,Oily,hybrid,0.6,3.3,0.423676645087319
mask,0.25,0,Oily,hybrid,0.9,3.3,0.5049059675118447
mask,0.25,0,Oily,hybrid,1.3,3.4,0.5711601909662336
mask,0.25,0,Oily,hybrid,2.0,3.4,0.5779050396291793
mask,0.25,0,Sensitive,oracle,0.0,10.1,0.77523873680463
mask,0.25,0,Sensitive,oracle,0.2,3.7,0.7788065869851872
mask,0.25,0,Sensitive,oracle,0.4,3.2,0.8482378089219645
mask,0.25,0,Sensitive,oracle,0.6,3.1,0.8364586133797036
mask,0.25,0,Sensitive,oracle,0.9,3.1,0.8364586133797036
mask,0.25,0,Sensitive,oracle,1.3,3.0,0.8364586133797036
mask,0.25,0,Sensitive,oracle,2.0,3.0,0.8364586133797036
mask,0.25,0,Sensitive,rule,0.0,10.1,0.77523873680463
mask,0.25,0,Sensitive,rule,0.2,3.8,0.8482378089219645
mask,0.25,0,Sensitive,rule,0.4,3.4,0.9052116356304493
mask,0.25,0,Sensitive,rule,0.6,3.4,0.914856882358379
mask,0.25,0,Sensitive,rule,0.9,3.4,0.9216017310213245
mask,0.25,0,Sensitive,rule,1.3,3.7,0.8553475075669357
mask,0.25,0,Sensitive,rule,2.0,3.7,0.8579809428223729
mask,0.25,0,Sensitive,learned,0.0,10.1,0.77523873680463
mask,0.25,0,Sensitive,learned,0.2,4.0,0.8572048559638626
mask,0.25,0,Sensitive,learned,0.4,4.0,0.866947989864271
mask,0.25,0,Sensitive,learned,0.6,3.6,0.9266360779006398
mask,0.25,0,Sensitive,learned,0.9,3.6,0.9266360779006398
mask,0.25,0,Sensitive,learned,1.3,3.6,0.9216017310213245
mask,0.25,0,Sensitive,learned,2.0,3.8,0.8579809428223729
mask,0.25,0,Sensitive,hybrid,0.0,10.1,0.77523873680463
mask,0.25,0,Sensitive,hybrid,0.2,3.7,0.7849818707050383
mask,0.25,0,Sensitive,hybrid,0.4,3.7,0.793584067764911
mask,0.25,0,Sensitive,hybrid,0.6,3.3,0.8415908474314976
mask,0.25,0,Sensitive,hybrid,0.9,3.5,0.8415908474314976
mask,0.25,0,Sensitive,hybrid,1.3,3.5,0.84860265890399
mask,0.25,0,Sensitive,hybrid,2.0,3.5,0.8414929602590189
mask,0.25,1,Combination,oracle,0.0,9.3,0.8318477135310891
mask,0.25,1,Combination,oracle,0.2,3.0,0.9216017310213245
mask,0.25,1,Combination,oracle,0.4,3.0,0.9216017310213245
mask,0.25,1,Combination,oracle,0.6,3.0,0.9216017310213245
mask,0.25,1,Combination,oracle,0.9,3.0,0.9216017310213245
mask,0.25,1,Combination,oracle,1.3,3.0,0.9216017310213245
mask,0.25,1,Combination,oracle,2.0,3.0,0.9216017310213245
mask,0.25,1,Combination,rule,0.0,9.3,0.8318477135310891
mask,0.25,1,Combination,rule,0.2,4.3,0.7791714369672127
mask,0.25,1,Combination,rule,0.4,4.2,0.7254521107352793
mask,0.25,1,Combination,rule,0.6,4.2,0.7312625444731049
mask,0.25,1,Combination,rule,0.9,4.1,0.7123736502858729
mask,0.25,1,Combination,rule,1.3,4.3,0.7759944384848245
mask,0.25,1,Combination,rule,2.0,4.3,0.7759944384848245
mask,0.25,1,Combination,learned,0.0,9.3,0.8318477135310891
mask,0.25,1,Combination,learned,0.2,4.7,0.8512360941594274
mask,0.25,1,Combination,learned,0.4,4.4,0.9216017310213245
mask,0.25,1,Combination,learned,0.6,4.4,0.9216017310213245
mask,0.25,1,Combination,learned,0.9,4.3,0.8521705090845473
mask,0.25,1,Combination,learned,1.3,4.3,0.835780413693672
mask,0.25,1,Combination,learned,2.0,4.5,0.8165901947515998
mask,0.25,1,Combination,hybrid,0.0,9.3,0.8318477135310891
mask,0.25,1,Combination,hybrid,0.2,4.0,0.914856882358379
mask,0.25,1,Combination,hybrid,0.4,4.4,0.914856882358379
mask,0.25,1,Combination,hybrid,0.6,4.4,0.914856882358379
mask,0.25,1,Combination,hybrid,0.9,4.5,0.914856882358379
mask,0.25,1,Combination,hybrid,1.3,4.5,0.914856882358379
mask,0.25,1,Combination,hybrid,2.0,4.5,0.914856882358379
mask,0.25,1,Dry,oracle,0.0,9.9,1.0
mask,0.25,1,Dry,oracle,0.2,3.4,0.8579809428223729
mask,0.25,1,Dry,oracle,0.4,3.1,0.8482378089219645
mask,0.25,1,Dry,oracle,0.6,3.0,0.8482378089219645
mask,0.25,1,Dry,oracle,0.9,3.0,0.8482378089219645
mask,0.25,1,Dry,oracle,1.3,3.0,0.8482378089219645
mask,0.25,1,Dry,oracle,2.0,3.0,0.8482378089219645
mask,0.25,1,Dry,rule,0.0,9.9,1.0
mask,0.25,1,Dry,rule,0.2,4.5,1.0
mask,0.25,1,Dry,rule,0.4,4.7,1.0
mask,0.25,1,Dry,rule,0.6,4.7,1.0
mask,0.25,1,Dry,rule,0.9,4.7,1.0
mask,0.25,1,Dry,rule,1.3,4.7,1.0
mask,0.25,1,Dry,rule,2.0,4.7,1.0
mask,0.25,1,Dry,learned,0.0,9.9,1.0
mask,0.25,1,Dry,learned,0.2,4.5,1.0
mask,0.25,1,Dry,learned,0.4,4.2,1.0
mask,0.25,1,Dry,learned,0.6,4.5,1.0
mask,0.25,1,Dry,learned,0.9,4.5,1.0
mask,0.25,1,Dry,learned,1.3,4.5,1.0
mask,0.25,1,Dry,learned,2.0,4.5,1.0
mask,0.25,1,Dry,hybrid,0.0,9.9,1.0
mask,0.25,1,Dry,hybrid,0.2,4.8,1.0
mask,0.25,1,Dry,hybrid,0.4,4.5,1.0
mask,0.25,1,Dry,hybrid,0.6,4.5,1.0
mask,0.25,1,Dry,hybrid,0.9,4.5,1.0
mask,0.25,1,Dry,hybrid,1.3,4.5,1.0
mask,0.25,1,Dry,hybrid,2.0,4.7,1.0
mask,0.25,1,Normal,oracle,0.0,11.3,0.7799082337019198
mask,0.25,1,Normal,oracle,0.2,3.0,0.8643145546088338
mask,0.25,1,Normal,oracle,0.4,3.0,0.8643145546088338
mask,0.25,1,Normal,oracle,0.6,3.0,0.8643145546088338
mask,0.25,1,Normal,oracle,0.9,3.0,0.8643145546088338
mask,0.25,1,Normal,oracle,1.3,3.0,0.8643145546088338
mask,0.25,1,Normal,oracle,2.0,3.0,0.8643145546088338
mask,0.25,1,Normal,rule,0.0,11.3,0.7799082337019198
mask,0.25,1,Normal,rule,0.2,4.0,0.8603818544462509
mask,0.25,1,Normal,rule,0.4,4.0,0.8603818544462509
mask,0.25,1,Normal,rule,0.6,4.0,0.8603818544462509
mask,0.25,1,Normal,rule,0.9,4.0,0.8603818544462509
mask,0.25,1,Normal,rule,1.3,4.0,0.8603818544462509
mask,0.25,1,Normal,rule,2.0,4.0,0.8603818544462509
mask,0.25,1,Normal,learned,0.0,11.3,0.7799082337019198
mask,0.25,1,Normal,learned,0.2,4.5,0.9305687780632227
mask,0.25,1,Normal,learned,0.4,4.5,0.933745776545611
mask,0.25,1,Normal,learned,0.6,4.6,0.8701249883466594
mask,0.25,1,Normal,learned,0.9,4.6,0.866947989864271
mask,0.25,1,Normal,learned,1.3,4.6,0.8512360941594274
mask,0.25,1,Normal,learned,2.0,4.6,0.8415908474314976
mask,0.25,1,Normal,hybrid,0.0,11.3,0.7799082337019198
mask,0.25,1,Normal,hybrid,0.2,3.7,1.0
mask,0.25,1,Normal,hybrid,0.4,4.1,1.0
mask,0.25,1,Normal,hybrid,0.6,4.1,1.0
mask,0.25,1,Normal,hybrid,0.9,4.6,1.0
mask,0.25,1,Normal,hybrid,1.3,4.6,1.0
mask,0.25,1,Normal,hybrid,2.0,4.6,1.0
mask,0.25,1,Oily,oracle,0.0,11.8,0.9363792118010483
mask,0.25,1,Oily,oracle,0.2,3.4,0.6678262889110271
mask,0.25,1,Oily,oracle,0.4,3.3,0.6620158551732015
mask,0.25,1,Oily,oracle,0.6,3.0,0.7314470771099788
mask,0.25,1,Oily,oracle,0.9,3.0,0.7314470771099788
mask,0.25,1,Oily,oracle,1.3,3.0,0.7314470771099788
mask,0.25,1,Oily,oracle,2.0,3.0,0.7314470771099788
mask,0.25,1,Oily,rule,0.0,11.8,0.9363792118010483
mask,0.25,1,Oily,rule,0.2,4.8,0.4775044032080689
mask,0.25,1,Oily,rule,0.4,4.6,0.5309999066793252
mask,0.25,1,Oily,rule,0.6,4.6,0.575073986183329
mask,0.25,1,Oily,rule,0.9,4.6,0.599976751690748
mask,0.25,1,Oily,rule,1.3,4.6,0.599976751690748
mask,0.25,1,Oily,rule,2.0,4.8,0.5215784827120726
mask,0.25,1,Oily,learned,0.0,11.8,0.9363792118010483
mask,0.25,1,Oily,learned,0.2,4.5,0.7799082337019198
mask,0.25,1,Oily,learned,0.4,4.2,0.7015099647232445
mask,0.25,1,Oily,learned,0.6,4.6,0.7191184989488184
mask,0.25,1,Oily,learned,0.9,4.6,0.7191184989488184
mask,0.25,1,Oily,learned,1.3,4.6,0.7164850636933812
mask,0.25,1,Oily,learned,2.0,4.8,0.7191184989488184
mask,0.25,1,Oily,hybrid,0.0,11.8,0.9363792118010483
mask,0.25,1,Oily,hybrid,0.2,4.5,0.7162874455029681
mask,0.25,1,Oily,hybrid,0.4,4.5,0.7015099647232445
mask,0.25,1,Oily,hybrid,0.6,4.4,0.6378891765242928
mask,0.25,1,Oily,hybrid,0.9,4.4,0.6311443278613471
mask,0.25,1,Oily,hybrid,1.3,4.4,0.7123736502858729
mask,0.25,1,Oily,hybrid,2.0,4.5,0.7827392871477701
mask,0.25,1,Sensitive,oracle,0.0,9.8,0.914856882358379
mask,0.25,1,Sensitive,oracle,0.2,3.5,1.0
mask,0.25,1,Sensitive,oracle,0.4,3.4,1.0
mask,0.25,1,Sensitive,oracle,0.6,3.3,1.0
mask,0.25,1,Sensitive,oracle,0.9,3.2,0.9305687780632227
mask,0.25,1,Sensitive,oracle,1.3,3.1,0.9305687780632227
mask,0.25,1,Sensitive,oracle,2.0,3.0,0.9305687780632227
mask,0.25,1,Sensitive,rule,0.0,9.8,0.914856882358379
mask,0.25,1,Sensitive,rule,0.2,4.0,1.0
mask,0.25,1,Sensitive,rule,0.4,3.8,0.9266360779006398
mask,0.25,1,Sensitive,rule,0.6,3.9,0.914856882358379
mask,0.25,1,Sensitive,rule,0.9,4.3,0.8415908474314976
mask,0.25,1,Sensitive,rule,1.3,4.3,0.8512360941594274
mask,0.25,1,Sensitive,rule,2.0,4.1,0.914856882358379
mask,0.25,1,Sensitive,learned,0.0,9.8,0.914856882358379
mask,0.25,1,Sensitive,learned,0.2,3.8,0.9363792118010483
mask,0.25,1,Sensitive,learned,0.4,4.2,0.8454256604216017
mask,0.25,1,Sensitive,learned,0.6,4.2,0.8364586133797036
mask,0.25,1,Sensitive,learned,0.9,4.6,0.772837825180752
mask,0.25,1,Sensitive,learned,1.3,4.6,0.7630946912803435
mask,0.25,1,Sensitive,learned,2.0,4.6,0.772837825180752
mask,0.25,1,Sensitive,hybrid,0.0,9.8,0.914856882358379
mask,0.25,1,Sensitive,hybrid,0.2,3.8,0.9363792118010483
mask,0.25,1,Sensitive,hybrid,0.4,3.8,0.9052116356304493
mask,0.25,1,Sensitive,hybrid,0.6,3.9,0.9052116356304493
mask,0.25,1,Sensitive,hybrid,0.9,3.9,0.9052116356304493
mask,0.25,1,Sensitive,hybrid,1.3,4.2,0.8389574121760602
mask,0.25,1,Sensitive,hybrid,2.0,4.3,0.835780413693672
mask,0.25,2,Combination,oracle,0.0,10.7,0.933745776545611
mask,0.25,2,Combination,oracle,0.2,3.0,0.6969179698201174
mask,0.25,2,Combination,oracle,0.4,3.0,0.6969179698201174
mask,0.25,2,Combination,oracle,0.6,3.0,0.6969179698201174
mask,0.25,2,Combination,oracle,0.9,3.0,0.6969179698201174
mask,0.25,2,Combination,oracle,1.3,3.0,0.6969179698201174
mask,0.25,2,Combination,oracle,2.0,3.0,0.6969179698201174
mask,0.25,2,Combination,rule,0.0,10.7,0.933745776545611
mask,0.25,2,Combination,rule,0.2,4.3,0.9216017310213245
mask,0.25,2,Combination,rule,0.4,4.1,0.9216017310213245
mask,0.25,2,Combination,rule,0.6,3.5,0.8553475075669357
mask,0.25,2,Combination,rule,0.9,3.5,0.8482378089219645
mask,0.25,2,Combination,rule,1.3,3.5,0.8414929602590189
mask,0.25,2,Combination,rule,2.0,3.4,0.7670273914429263
mask,0.25,2,Combination,learned,0.0,10.7,0.933745776545611
mask,0.25,2,Combination,learned,0.2,4.4,0.8048109992093389
mask,0.25,2,Combination,learned,0.4,4.4,0.7385567757549499
mask,0.25,2,Combination,learned,0.6,4.4,0.7503359712972109
mask,0.25,2,Combination,learned,0.9,4.4,0.7695261902392829
mask,0.25,2,Combination,learned,1.3,4.4,0.715550648768261
mask,0.25,2,Combination,learned,2.0,4.4,0.715550648768261
mask,0.25,2,Combination,hybrid,0.0,10.7,0.933745776545611
mask,0.25,2,Combination,hybrid,0.2,3.6,0.8236998933965709
mask,0.25,2,Combination,hybrid,0.4,3.4,0.8263333286520083
mask,0.25,2,Combination,hybrid,0.6,3.5,0.8205228949141826
mask,0.25,2,Combination,hybrid,0.9,3.5,0.7695261902392829
mask,0.25,2,Combination,hybrid,1.3,3.5,0.7630946912803435
mask,0.25,2,Combination,hybrid,2.0,3.5,0.7534494445524138
mask,0.25,2,Dry,oracle,0.0,9.4,0.8364586133797036
mask,0.25,2,Dry,oracle,0.2,3.7,0.8611375561264455
mask,0.25,2,Dry,oracle,0.4,3.4,0.7759944384848245
mask,0.25,2,Dry,oracle,0.6,3.3,0.7759944384848245
mask,0.25,2,Dry,oracle,0.9,3.1,0.7759944384848245
mask,0.25,2,Dry,oracle,1.3,3.0,0.7759944384848245
mask,0.25,2,Dry,oracle,2.0,3.0,0.7759944384848245
mask,0.25,2,Dry,rule,0.0,9.4,0.8364586133797036
mask,0.25,2,Dry,rule,0.2,4.7,1.0
mask,0.25,2,Dry,rule,0.4,5.1,1.0
mask,0.25,2,Dry,rule,0.6,4.2,0.8603818544462509
mask,0.25,2,Dry,rule,0.9,4.0,0.7849818707050383
mask,0.25,2,Dry,rule,1.3,4.2,0.7164850636933812
mask,0.25,2,Dry,rule,2.0,4.2,0.6563033086078547
mask,0.25,2,Dry,learned,0.0,9.4,0.8364586133797036
mask,0.25,2,Dry,learned,0.2,5.1,1.0
mask,0.25,2,Dry,learned,0.4,5.0,0.9305687780632227
mask,0.25,2,Dry,learned,0.6,4.9,0.8512360941594274
mask,0.25,2,Dry,learned,0.9,4.9,0.8414929602590189
mask,0.25,2,Dry,learned,1.3,4.4,0.77523873680463
mask,0.25,2,Dry,learned,2.0,4.2,0.7471589728148225
mask,0.25,2,Dry,hybrid,0.0,9.4,0.8364586133797036
mask,0.25,2,Dry,hybrid,0.2,4.4,0.933745776545611
mask,0.25,2,Dry,hybrid,0.4,4.4,0.8521705090845473
mask,0.25,2,Dry,hybrid,0.6,4.4,0.8318477135310891
mask,0.25,2,Dry,hybrid,0.9,4.3,0.7538142945344393
mask,0.25,2,Dry,hybrid,1.3,4.3,0.7416702490101529
mask,0.25,2,Dry,hybrid,2.0,3.8,0.6975961695061491
mask,0.25,2,Normal,oracle,0.0,9.6,0.8643145546088338
mask,0.25,2,Normal,oracle,0.2,3.3,0.685119869332369
mask,0.25,2,Normal,oracle,0.4,3.1,0.6188656458779801
mask,0.25,2,Normal,oracle,0.6,3.0,0.6188656458779801
mask,0.25,2,Normal,oracle,0.9,3.0,0.6188656458779801
mask,0.25,2,Normal,oracle,1.3,3.0,0.6188656458779801
mask,0.25,2,Normal,oracle,2.0,3.0,0.6188656458779801
mask,0.25,2,Normal,rule,0.0,9.6,0.8643145546088338
mask,0.25,2,Normal,rule,0.2,4.6,0.7975167679274938
mask,0.25,2,Normal,rule,0.4,4.5,0.7241528458281337
mask,0.25,2,Normal,rule,0.6,4.4,0.6848374495230164
mask,0.25,2,Normal,rule,0.9,4.4,0.6188656458779801
mask,0.25,2,Normal,rule,1.3,4.2,0.685119869332369
mask,0.25,2,Normal,rule,2.0,4.2,0.7015099647232445
mask,0.25,2,Normal,learned,0.0,9.6,0.8643145546088338
mask,0.25,2,Normal,learned,0.2,4.8,0.84860265890399
mask,0.25,2,Normal,learned,0.4,4.8,0.8414929602590189
mask,0.25,2,Normal,learned,0.6,4.7,0.8414929602590189
mask,0.25,2,Normal,learned,0.9,4.5,0.8414929602590189
mask,0.25,2,Normal,learned,1.3,5.1,0.84860265890399
mask,0.25,2,Normal,learned,2.0,5.1,0.8603818544462509
mask,0.25,2,Normal,hybrid,0.0,9.6,0.8643145546088338
mask,0.25,2,Normal,hybrid,0.2,4.6,0.9266360779006398
mask,0.25,2,Normal,hybrid,0.4,4.6,0.8899541168509599
mask,0.25,2,Normal,hybrid,0.6,4.1,0.8899541168509599
mask,0.25,2,Normal,hybrid,0.9,4.1,0.8899541168509599
mask,0.25,2,Normal,hybrid,1.3,4.1,0.914856882358379
mask,0.25,2,Normal,hybrid,2.0,4.1,0.914856882358379
mask,0.25,2,Oily,oracle,0.0,11.1,0.7917063341896682
mask,0.25,2,Oily,oracle,0.2,3.2,0.7909506325094736
mask,0.25,2,Oily,oracle,0.4,3.0,0.8572048559638626
mask,0.25,2,Oily,oracle,0.6,3.0,0.8572048559638626
mask,0.25,2,Oily,oracle,0.9,3.0,0.8572048559638626
mask,0.25,2,Oily,oracle,1.3,3.0,0.8572048559638626
mask,0.25,2,Oily,oracle,2.0,3.0,0.8572048559638626
mask,0.25,2,Oily,rule,0.0,11.1,0.7917063341896682
mask,0.25,2,Oily,rule,0.2,4.2,0.8048109992093389
mask,0.25,2,Oily,rule,0.4,4.2,0.8048109992093389
mask,0.25,2,Oily,rule,0.6,4.0,0.8048109992093389
mask,0.25,2,Oily,rule,0.9,3.9,0.7453016244178956
mask,0.25,2,Oily,rule,1.3,3.9,0.7453016244178956
mask,0.25,2,Oily,rule,2.0,3.7,0.7453016244178956
mask,0.25,2,Oily,learned,0.0,11.1,0.7917063341896682
mask,0.25,2,Oily,learned,0.2,4.1,0.8899541168509599
mask,0.25,2,Oily,learned,0.4,4.4,0.7951657524814092
mask,0.25,2,Oily,learned,0.6,4.4,0.7951657524814092
mask,0.25,2,Oily,learned,0.9,3.9,0.7951657524814092
mask,0.25,2,Oily,learned,1.3,3.9,0.7951657524814092
mask,0.25,2,Oily,learned,2.0,4.0,0.7951657524814092
mask,0.25,2,Oily,hybrid,0.0,11.1,0.7917063341896682
mask,0.25,2,Oily,hybrid,0.2,4.1,0.8899541168509599
mask,0.25,2,Oily,hybrid,0.4,3.9,0.8899541168509599
mask,0.25,2,Oily,hybrid,0.6,3.9,0.8899541168509599
mask,0.25,2,Oily,hybrid,0.9,3.9,0.8899541168509599
mask,0.25,2,Oily,hybrid,1.3,4.0,0.8899541168509599
mask,0.25,2,Oily,hybrid,2.0,4.0,0.8165901947515998
mask,0.25,2,Sensitive,oracle,0.0,8.4,0.8415908474314976
mask,0.25,2,Sensitive,oracle,0.2,3.2,1.0
mask,0.25,2,Sensitive,oracle,0.4,3.2,1.0
mask,0.25,2,Sensitive,oracle,0.6,3.2,1.0
mask,0.25,2,Sensitive,oracle,0.9,3.0,0.8701249883466594
mask,0.25,2,Sensitive,oracle,1.3,3.0,0.8701249883466594
mask,0.25,2,Sensitive,oracle,2.0,3.0,0.8701249883466594
mask,0.25,2,Sensitive,rule,0.0,8.4,0.8415908474314976
mask,0.25,2,Sensitive,rule,0.2,3.5,1.0
mask,0.25,2,Sensitive,rule,0.4,3.6,1.0
mask,0.25,2,Sensitive,rule,0.6,3.7,1.0
mask,0.25,2,Sensitive,rule,0.9,3.7,1.0
mask,0.25,2,Sensitive,rule,1.3,3.7,1.0
mask,0.25,2,Sensitive,rule,2.0,3.6,0.9363792118010483
mask,0.25,2,Sensitive,learned,0.0,8.4,0.8415908474314976
mask,0.25,2,Sensitive,learned,0.2,3.8,1.0
mask,0.25,2,Sensitive,learned,0.4,3.8,1.0
mask,0.25,2,Sensitive,learned,0.6,3.9,1.0
mask,0.25,2,Sensitive,learned,0.9,3.9,1.0
mask,0.25,2,Sensitive,learned,1.3,3.9,1.0
mask,0.25,2,Sensitive,learned,2.0,3.9,1.0
mask,0.25,2,Sensitive,hybrid,0.0,8.4,0.8415908474314976
mask,0.25,2,Sensitive,hybrid,0.2,3.5,1.0
mask,0.25,2,Sensitive,hybrid,0.4,3.6,1.0
mask,0.25,2,Sensitive,hybrid,0.6,3.6,1.0
mask,0.25,2,Sensitive,hybrid,0.9,3.6,1.0
mask,0.25,2,Sensitive,hybrid,1.3,3.6,1.0
mask,0.25,2,Sensitive,hybrid,2.0,3.6,1.0
mask,0.25,3,Combination,oracle,0.0,11.5,0.756902106715231
mask,0.25,3,Combination,oracle,0.2,3.0,0.866947989864271
mask,0.25,3,Combination,oracle,0.4,3.0,0.866947989864271
mask,0.25,3,Combination,oracle,0.6,3.0,0.866947989864271
mask,0.25,3,Combination,oracle,0.9,3.0,0.866947989864271
mask,0.25,3,Combination,oracle,1.3,3.0,0.866947989864271
mask,0.25,3,Combination,oracle,2.0,3.0,0.866947989864271
mask,0.25,3,Combination,rule,0.0,11.5,0.756902106715231
mask,0.25,3,Combination,rule,0.2,4.0,0.6156886473955917
mask,0.25,3,Combination,rule,0.4,4.0,0.5399873388995391
mask,0.25,3,Combination,rule,0.6,4.2,0.6004311286161024
mask,0.25,3,Combination,rule,0.9,4.2,0.575073986183329
mask,0.25,3,Combination,rule,1.3,4.2,0.575073986183329
mask,0.25,3,Combination,rule,2.0,4.2,0.575073986183329
mask,0.25,3,Combination,learned,0.0,11.5,0.756902106715231
mask,0.25,3,Combination,learned,0.2,5.0,0.7799082337019198
mask,0.25,3,Combination,learned,0.4,4.4,0.7799082337019198
mask,0.25,3,Combination,learned,0.6,4.8,0.7104770117651424
mask,0.25,3,Combination,learned,0.9,4.8,0.7015099647232445
mask,0.25,3,Combination,learned,1.3,5.0,0.6311443278613471
mask,0.25,3,Combination,learned,2.0,5.0,0.6214011939609387
mask,0.25,3,Combination,hybrid,0.0,11.5,0.756902106715231
mask,0.25,3,Combination,hybrid,0.2,4.2,0.7799082337019198
mask,0.25,3,Combination,hybrid,0.4,4.1,0.6320787427864671
mask,0.25,3,Combination,hybrid,0.6,4.1,0.6253338941235215
mask,0.25,3,Combination,hybrid,0.9,4.3,0.6004311286161024
mask,0.25,3,Combination,hybrid,1.3,4.4,0.5964984284535196
mask,0.25,3,Combination,hybrid,2.0,4.4,0.6004311286161024
mask,0.25,3,Dry,oracle,0.0,8.6,0.7136540102475308
mask,0.25,3,Dry,oracle,0.2,3.5,0.8611375561264455
mask,0.25,3,Dry,oracle,0.4,3.2,0.7877736340270853
mask,0.25,3,Dry,oracle,0.6,3.1,0.7877736340270853
mask,0.25,3,Dry,oracle,0.9,3.0,0.7877736340270853
mask,0.25,3,Dry,oracle,1.3,3.0,0.7877736340270853
mask,0.25,3,Dry,oracle,2.0,3.0,0.7877736340270853
mask,0.25,3,Dry,rule,0.0,8.6,0.7136540102475308
mask,0.25,3,Dry,rule,0.2,4.4,0.7885497208855956
mask,0.25,3,Dry,rule,0.4,4.0,0.7116179486056783
mask,0.25,3,Dry,rule,0.6,4.0,0.6867151830982592
mask,0.25,3,Dry,rule,0.9,3.9,0.7503359712972109
mask,0.25,3,Dry,rule,1.3,3.9,0.8165901947515998
mask,0.25,3,Dry,rule,2.0,3.9,0.8165901947515998
mask,0.25,3,Dry,learned,0.0,8.6,0.7136540102475308
mask,0.25,3,Dry,learned,0.2,4.9,0.8115558478722845
mask,0.25,3,Dry,learned,0.4,5.7,0.685119869332369
mask,0.25,3,Dry,learned,0.6,5.3,0.685119869332369
mask,0.25,3,Dry,learned,0.9,4.4,0.685119869332369
mask,0.25,3,Dry,learned,1.3,4.8,0.685119869332369
mask,0.25,3,Dry,learned,2.0,4.8,0.6947651160602988
mask,0.25,3,Dry,hybrid,0.0,8.6,0.7136540102475308
mask,0.25,3,Dry,hybrid,0.2,4.5,0.9216017310213245
mask,0.25,3,Dry,hybrid,0.4,4.5,0.8899541168509599
mask,0.25,3,Dry,hybrid,0.6,4.6,0.8611375561264455
mask,0.25,3,Dry,hybrid,0.9,4.6,0.8611375561264455
mask,0.25,3,Dry,hybrid,1.3,4.1,0.8611375561264455
mask,0.25,3,Dry,hybrid,2.0,4.1,0.8611375561264455
mask,0.25,3,Normal,oracle,0.0,8.5,0.8611375561264455
mask,0.25,3,Normal,oracle,0.2,3.0,0.8630152897016883
mask,0.25,3,Normal,oracle,0.4,3.0,0.8630152897016883
mask,0.25,3,Normal,oracle,0.6,3.0,0.8630152897016883
mask,0.25,3,Normal,oracle,0.9,3.0,0.8630152897016883
mask,0.25,3,Normal,oracle,1.3,3.0,0.8630152897016883
mask,0.25,3,Normal,oracle,2.0,3.0,0.8630152897016883
mask,0.25,3,Normal,rule,0.0,8.5,0.8611375561264455
mask,0.25,3,Normal,rule,0.2,3.7,0.7975167679274938
mask,0.25,3,Normal,rule,0.4,3.7,0.7975167679274938
mask,0.25,3,Normal,rule,0.6,3.7,0.7975167679274938
mask,0.25,3,Normal,rule,0.9,3.7,0.7975167679274938
mask,0.25,3,Normal,rule,1.3,3.7,0.7975167679274938
mask,0.25,3,Normal,rule,2.0,3.7,0.7975167679274938
mask,0.25,3,Normal,learned,0.0,8.5,0.8611375561264455
mask,0.25,3,Normal,learned,0.2,4.3,0.7015099647232445
mask,0.25,3,Normal,learned,0.4,4.3,0.6378891765242928
mask,0.25,3,Normal,learned,0.6,4.3,0.6320787427864671
mask,0.25,3,Normal,learned,0.9,4.3,0.6281460426238843
mask,0.25,3,Normal,learned,1.3,4.6,0.6281460426238843
mask,0.25,3,Normal,learned,2.0,4.6,0.6214011939609387
mask,0.25,3,Normal,hybrid,0.0,8.5,0.8611375561264455
mask,0.25,3,Normal,hybrid,0.2,3.8,0.6947651160602988
mask,0.25,3,Normal,hybrid,0.4,3.6,0.6947651160602988
mask,0.25,3,Normal,hybrid,0.6,3.8,0.6947651160602988
mask,0.25,3,Normal,hybrid,0.9,4.1,0.6947651160602988
mask,0.25,3,Normal,hybrid,1.3,4.1,0.6947651160602988
mask,0.25,3,Normal,hybrid,2.0,4.1,0.6947651160602988
mask,0.25,3,Oily,oracle,0.0,11.3,0.8236998933965709
mask,0.25,3,Oily,oracle,0.2,3.2,0.5806020001118019
mask,0.25,3,Oily,oracle,0.4,3.0,0.7104770117651424
mask,0.25,3,Oily,oracle,0.6,3.0,0.7104770117651424
mask,0.25,3,Oily,oracle,0.9,3.0,0.7104770117651424
mask,0.25,3,Oily,oracle,1.3,3.0,0.7104770117651424
mask,0.25,3,Oily,oracle,2.0,3.0,0.7104770117651424
mask,0.25,3,Oily,rule,0.0,11.3,0.8236998933965709
mask,0.25,3,Oily,rule,0.2,4.0,0.5309999066793252
mask,0.25,3,Oily,rule,0.4,3.7,0.47682620352203725
mask,0.25,3,Oily,rule,0.6,3.7,0.48253875008738417
mask,0.25,3,Oily,rule,0.9,3.8,0.42302937529594087
mask,0.25,3,Oily,rule,1.3,3.8,0.3562315886146008
mask,0.25,3,Oily,rule,2.0,3.7,0.3562315886146008
mask,0.25,3,Oily,learned,0.0,11.3,0.8236998933965709
mask,0.25,3,Oily,learned,0.2,4.9,0.6410457898283652
mask,0.25,3,Oily,learned,0.4,5.2,0.5252098581198154
mask,0.25,3,Oily,learned,0.6,5.0,0.4553242592576837
mask,0.25,3,Oily,learned,0.9,5.0,0.4329570418332232
mask,0.25,3,Oily,learned,1.3,5.0,0.4272444952678763
mask,0.25,3,Oily,learned,2.0,4.4,0.36680070555131294
mask,0.25,3,Oily,hybrid,0.0,11.3,0.8236998933965709
mask,0.25,3,Oily,hybrid,0.2,3.8,0.5747915663739763
mask,0.25,3,Oily,hybrid,0.4,3.9,0.5462574254588145
mask,0.25,3,Oily,hybrid,0.6,3.8,0.575073986183329
mask,0.25,3,Oily,hybrid,0.9,3.8,0.575073986183329
mask,0.25,3,Oily,hybrid,1.3,3.9,0.4899308685417079
mask,0.25,3,Oily,hybrid,2.0,4.2,0.4899308685417079
mask,0.25,3,Sensitive,oracle,0.0,7.6,0.914856882358379
mask,0.25,3,Sensitive,oracle,0.2,3.2,0.8572048559638626
mask,0.25,3,Sensitive,oracle,0.4,3.1,0.8482378089219645
mask,0.25,3,Sensitive,oracle,0.6,3.1,0.8482378089219645
mask,0.25,3,Sensitive,oracle,0.9,3.1,0.8482378089219645
mask,0.25,3,Sensitive,oracle,1.3,3.0,0.8482378089219645
mask,0.25,3,Sensitive,oracle,2.0,3.0,0.8482378089219645
mask,0.25,3,Sensitive,rule,0.0,7.6,0.914856882358379
mask,0.25,3,Sensitive,rule,0.2,4.0,0.6410457898283652
mask,0.25,3,Sensitive,rule,0.4,4.2,0.606241562353928
mask,0.25,3,Sensitive,rule,0.6,4.3,0.6163668470816234
mask,0.25,3,Sensitive,rule,0.9,4.3,0.6214011939609387
mask,0.25,3,Sensitive,rule,1.3,4.0,0.558714820687107
mask,0.25,3,Sensitive,rule,2.0,4.0,0.5618918191694954
mask,0.25,3,Sensitive,learned,0.0,7.6,0.914856882358379
mask,0.25,3,Sensitive,learned,0.2,4.7,0.7015099647232445
mask,0.25,3,Sensitive,learned,0.4,4.7,0.7065443116025597
mask,0.25,3,Sensitive,learned,0.6,4.7,0.7104770117651424
mask,0.25,3,Sensitive,learned,0.9,4.8,0.7162874455029681
mask,0.25,3,Sensitive,learned,1.3,5.0,0.7104770117651424
mask,0.25,3,Sensitive,learned,2.0,5.0,0.7015099647232445
mask,0.25,3,Sensitive,hybrid,0.0,7.6,0.914856882358379
mask,0.25,3,Sensitive,hybrid,0.2,4.4,0.685119869332369
mask,0.25,3,Sensitive,hybrid,0.4,4.3,0.685119869332369
mask,0.25,3,Sensitive,hybrid,0.6,4.1,0.6947651160602988
mask,0.25,3,Sensitive,hybrid,0.9,4.1,0.7015099647232445
mask,0.25,3,Sensitive,hybrid,1.3,4.1,0.7015099647232445
mask,0.25,3,Sensitive,hybrid,2.0,4.2,0.7015099647232445
mask,0.25,4,Combination,oracle,0.0,11.2,0.685119869332369
mask,0.25,4,Combination,oracle,0.2,3.0,0.6871952210980248
mask,0.25,4,Combination,oracle,0.4,3.0,0.6871952210980248
mask,0.25,4,Combination,oracle,0.6,3.0,0.6871952210980248
mask,0.25,4,Combination,oracle,0.9,3.0,0.6871952210980248
mask,0.25,4,Combination,oracle,1.3,3.0,0.6871952210980248
mask,0.25,4,Combination,oracle,2.0,3.0,0.6871952210980248
mask,0.25,4,Combination,rule,0.0,11.2,0.685119869332369
mask,0.25,4,Combination,rule,0.2,4.0,0.9363792118010483
mask,0.25,4,Combination,rule,0.4,4.0,0.933745776545611
mask,0.25,4,Combination,rule,0.6,4.0,0.933745776545611
mask,0.25,4,Combination,rule,0.9,3.8,0.933745776545611
mask,0.25,4,Combination,rule,1.3,3.8,0.9363792118010483
mask,0.25,4,Combination,rule,2.0,3.8,0.9363792118010483
mask,0.25,4,Combination,learned,0.0,11.2,0.685119869332369
mask,0.25,4,Combination,learned,0.2,3.7,0.866947989864271
mask,0.25,4,Combination,learned,0.4,4.0,0.8630152897016883
mask,0.25,4,Combination,learned,0.6,4.0,0.9216017310213245
mask,0.25,4,Combination,learned,0.9,3.8,0.914856882358379
mask,0.25,4,Combination,learned,1.3,4.7,0.914856882358379
mask,0.25,4,Combination,learned,2.0,4.7,0.914856882358379
mask,0.25,4,Combination,hybrid,0.0,11.2,0.685119869332369
mask,0.25,4,Combination,hybrid,0.2,3.7,0.8603818544462509
mask,0.25,4,Combination,hybrid,0.4,3.9,0.866947989864271
mask,0.25,4,Combination,hybrid,0.6,3.9,0.866947989864271
mask,0.25,4,Combination,hybrid,0.9,5.1,0.933745776545611
mask,0.25,4,Combination,hybrid,1.3,5.1,0.9305687780632227
mask,0.25,4,Combination,hybrid,2.0,5.1,0.9305687780632227
mask,0.25,4,Dry,oracle,0.0,7.5,0.8482378089219645
mask,0.25,4,Dry,oracle,0.2,3.3,0.8643145546088338
mask,0.25,4,Dry,oracle,0.4,3.0,0.9305687780632227
mask,0.25,4,Dry,oracle,0.6,3.0,0.9305687780632227
mask,0.25,4,Dry,oracle,0.9,3.0,0.9305687780632227
mask,0.25,4,Dry,oracle,1.3,3.0,0.9305687780632227
mask,0.25,4,Dry,oracle,2.0,3.0,0.9305687780632227
mask,0.25,4,Dry,rule,0.0,7.5,0.8482378089219645
mask,0.25,4,Dry,rule,0.2,4.0,0.7975167679274938
mask,0.25,4,Dry,rule,0.4,4.0,0.8415908474314976
mask,0.25,4,Dry,rule,0.6,3.8,0.9052116356304493
mask,0.25,4,Dry,rule,0.9,4.4,0.9052116356304493
mask,0.25,4,Dry,rule,1.3,4.4,0.914856882358379
mask,0.25,4,Dry,rule,2.0,4.4,0.9216017310213245
mask,0.25,4,Dry,learned,0.0,7.5,0.8482378089219645
mask,0.25,4,Dry,learned,0.2,3.8,0.8899541168509599
mask,0.25,4,Dry,learned,0.4,4.8,0.8899541168509599
mask,0.25,4,Dry,learned,0.6,4.6,0.8899541168509599
mask,0.25,4,Dry,learned,0.9,4.6,0.8899541168509599
mask,0.25,4,Dry,learned,1.3,4.8,0.8899541168509599
mask,0.25,4,Dry,learned,2.0,4.8,0.8899541168509599
mask,0.25,4,Dry,hybrid,0.0,7.5,0.8482378089219645
mask,0.25,4,Dry,hybrid,0.2,3.8,0.9052116356304493
mask,0.25,4,Dry,hybrid,0.4,4.8,0.9052116356304493
mask,0.25,4,Dry,hybrid,0.6,4.8,0.9052116356304493
mask,0.25,4,Dry,hybrid,0.9,4.8,0.9216017310213245
mask,0.25,4,Dry,hybrid,1.3,5.0,0.9216017310213245
mask,0.25,4,Dry,hybrid,2.0,5.0,0.9216017310213245
mask,0.25,4,Normal,oracle,0.0,7.6,0.7917063341896682
mask,0.25,4,Normal,oracle,0.2,3.0,1.0
mask,0.25,4,Normal,oracle,0.4,3.0,1.0
mask,0.25,4,Normal,oracle,0.6,3.0,1.0
mask,0.25,4,Normal,oracle,0.9,3.0,1.0
mask,0.25,4,Normal,oracle,1.3,3.0,1.0
mask,0.25,4,Normal,oracle,2.0,3.0,1.0
mask,0.25,4,Normal,rule,0.0,7.6,0.7917063341896682
mask,0.25,4,Normal,rule,0.2,4.1,0.9305687780632227
mask,0.25,4,Normal,rule,0.4,4.5,0.9363792118010483
mask,0.25,4,Normal,rule,0.6,4.4,0.9363792118010483
mask,0.25,4,Normal,rule,0.9,4.4,0.9363792118010483
mask,0.25,4,Normal,rule,1.3,4.4,0.9363792118010483
mask,0.25,4,Normal,rule,2.0,4.4,0.9363792118010483
mask,0.25,4,Normal,learned,0.0,7.6,0.7917063341896682
mask,0.25,4,Normal,learned,0.2,3.5,0.914856882358379
mask,0.25,4,Normal,learned,0.4,4.5,0.914856882358379
mask,0.25,4,Normal,learned,0.6,4.5,0.914856882358379
mask,0.25,4,Normal,learned,0.9,4.5,0.914856882358379
mask,0.25,4,Normal,learned,1.3,4.5,0.914856882358379
mask,0.25,4,Normal,learned,2.0,4.8,0.914856882358379
mask,0.25,4,Normal,hybrid,0.0,7.6,0.7917063341896682
mask,0.25,4,Normal,hybrid,0.2,4.3,0.9052116356304493
mask,0.25,4,Normal,hybrid,0.4,4.4,0.914856882358379
mask,0.25,4,Normal,hybrid,0.6,4.4,0.9216017310213245
mask,0.25,4,Normal,hybrid,0.9,4.8,0.9216017310213245
mask,0.25,4,Normal,hybrid,1.3,5.0,0.9216017310213245
mask,0.25,4,Normal,hybrid,2.0,4.9,0.9216017310213245
mask,0.25,4,Oily,oracle,0.0,12.7,0.5309999066793252
mask,0.25,4,Oily,oracle,0.2,3.2,0.727329844310522
mask,0.25,4,Oily,oracle,0.4,3.1,0.793584067764911
mask,0.25,4,Oily,oracle,0.6,3.0,0.8572048559638626
mask,0.25,4,Oily,oracle,0.9,3.0,0.8572048559638626
mask,0.25,4,Oily,oracle,1.3,3.0,0.8572048559638626
mask,0.25,4,Oily,oracle,2.0,3.0,0.8572048559638626
mask,0.25,4,Oily,rule,0.0,12.7,0.5309999066793252
mask,0.25,4,Oily,rule,0.2,4.3,0.8572048559638626
mask,0.25,4,Oily,rule,0.4,4.3,0.8512360941594274
mask,0.25,4,Oily,rule,0.6,4.3,0.8512360941594274
mask,0.25,4,Oily,rule,0.9,4.3,0.8512360941594274
mask,0.25,4,Oily,rule,1.3,4.3,0.8512360941594274
mask,0.25,4,Oily,rule,2.0,4.3,0.8512360941594274
mask,0.25,4,Oily,learned,0.0,12.7,0.5309999066793252
mask,0.25,4,Oily,learned,0.2,4.1,0.9052116356304493
mask,0.25,4,Oily,learned,0.4,4.2,0.9052116356304493
mask,0.25,4,Oily,learned,0.6,4.2,0.9052116356304493
mask,0.25,4,Oily,learned,0.9,4.2,0.9052116356304493
mask,0.25,4,Oily,learned,1.3,4.2,0.9052116356304493
mask,0.25,4,Oily,learned,2.0,5.0,0.9052116356304493
mask,0.25,4,Oily,hybrid,0.0,12.7,0.5309999066793252
mask,0.25,4,Oily,hybrid,0.2,4.4,0.8899541168509599
mask,0.25,4,Oily,hybrid,0.4,4.4,0.8899541168509599
mask,0.25,4,Oily,hybrid,0.6,4.4,0.8899541168509599
mask,0.25,4,Oily,hybrid,0.9,4.4,0.9052116356304493
mask,0.25,4,Oily,hybrid,1.3,5.1,0.9052116356304493
mask,0.25,4,Oily,hybrid,2.0,5.1,0.9052116356304493
mask,0.25,4,Sensitive,oracle,0.0,10.2,0.6722390270733756
mask,0.25,4,Sensitive,oracle,0.2,3.4,0.914856882358379
mask,0.25,4,Sensitive,oracle,0.4,3.2,0.914856882358379
mask,0.25,4,Sensitive,oracle,0.6,3.0,0.914856882358379
mask,0.25,4,Sensitive,oracle,0.9,3.0,0.914856882358379
mask,0.25,4,Sensitive,oracle,1.3,3.0,0.914856882358379
mask,0.25,4,Sensitive,oracle,2.0,3.0,0.914856882358379
mask,0.25,4,Sensitive,rule,0.0,10.2,0.6722390270733756
mask,0.25,4,Sensitive,rule,0.2,4.4,0.8364586133797036
mask,0.25,4,Sensitive,rule,0.4,4.2,0.8364586133797036
mask,0.25,4,Sensitive,rule,0.6,5.3,0.8572048559638626
mask,0.25,4,Sensitive,rule,0.9,5.3,0.8643145546088338
mask,0.25,4,Sensitive,rule,1.3,5.1,0.9363792118010483
mask,0.25,4,Sensitive,rule,2.0,5.0,1.0
mask,0.25,4,Sensitive,learned,0.0,10.2,0.6722390270733756
mask,0.25,4,Sensitive,learned,0.2,4.3,0.7264127302306636
mask,0.25,4,Sensitive,learned,0.4,4.8,0.7421246259355072
mask,0.25,4,Sensitive,learned,0.6,4.8,0.7503359712972109
mask,0.25,4,Sensitive,learned,0.9,4.9,0.7215194105726964
mask,0.25,4,Sensitive,learned,1.3,4.9,0.7503359712972109
mask,0.25,4,Sensitive,learned,2.0,4.9,0.7529694065526481
mask,0.25,4,Sensitive,hybrid,0.0,10.2,0.6722390270733756
mask,0.25,4,Sensitive,hybrid,0.2,4.3,0.7264127302306636
mask,0.25,4,Sensitive,hybrid,0.4,4.9,0.7353797772725615
mask,0.25,4,Sensitive,hybrid,0.6,4.9,0.7421246259355072
mask,0.25,4,Sensitive,hybrid,0.9,4.9,0.7573821447149965
mask,0.25,4,Sensitive,hybrid,1.3,5.0,0.7670273914429263
mask,0.25,4,Sensitive,hybrid,2.0,5.0,0.7702043899253147
mask,0.5,0,Combination,oracle,0.0,8.1,1.0
mask,0.5,0,Combination,oracle,0.2,3.0,0.9363792118010483
mask,0.5,0,Combination,oracle,0.4,3.0,0.9363792118010483
mask,0.5,0,Combination,oracle,0.6,3.0,0.9363792118010483
mask,0.5,0,Combination,oracle,0.9,3.0,0.9363792118010483
mask,0.5,0,Combination,oracle,1.3,3.0,0.9363792118010483
mask,0.5,0,Combination,oracle,2.0,3.0,0.9363792118010483
mask,0.5,0,Combination,rule,0.0,8.1,1.0
mask,0.5,0,Combination,rule,0.2,5.4,0.8701249883466594
mask,0.5,0,Combination,rule,0.4,5.3,0.9266360779006398
mask,0.5,0,Combination,rule,0.6,5.1,0.7967610662472993
mask,0.5,0,Combination,rule,0.9,5.1,0.7967610662472993
mask,0.5,0,Combination,rule,1.3,5.1,0.7967610662472993
mask,0.5,0,Combination,rule,2.0,5.1,0.7967610662472993
mask,0.5,0,Combination,learned,0.0,8.1,1.0
mask,0.5,0,Combination,learned,0.2,3.6,0.8521705090845473
mask,0.5,0,Combination,learned,0.4,3.5,0.7467045958894681
mask,0.5,0,Combination,learned,0.6,3.5,0.7264127302306636
mask,0.5,0,Combination,learned,0.9,3.4,0.6067216003536937
mask,0.5,0,Combination,learned,1.3,3.4,0.5626475208496899
mask,0.5,0,Combination,learned,2.0,3.4,0.5014276442746162
mask,0.5,0,Combination,hybrid,0.0,8.1,1.0
mask,0.5,0,Combination,hybrid,0.2,3.5,0.914856882358379
mask,0.5,0,Combination,hybrid,0.4,3.5,0.7264127302306636
mask,0.5,0,Combination,hybrid,0.6,3.5,0.6405914129030108
mask,0.5,0,Combination,hybrid,0.9,3.3,0.6437684113853992
mask,0.5,0,Combination,hybrid,1.3,3.5,0.6405914129030108
mask,0.5,0,Combination,hybrid,2.0,3.5,0.6434035614033736
mask,0.5,0,Dry,oracle,0.0,12.6,0.8165901947515998
mask,0.5,0,Dry,oracle,0.2,3.0,0.9266360779006398
mask,0.5,0,Dry,oracle,0.4,3.0,0.9266360779006398
mask,0.5,0,Dry,oracle,0.6,3.0,0.9266360779006398
mask,0.5,0,Dry,oracle,0.9,3.0,0.9266360779006398
mask,0.5,0,Dry,oracle,1.3,3.0,0.9266360779006398
mask,0.5,0,Dry,oracle,2.0,3.0,0.9266360779006398
mask,0.5,0,Dry,rule,0.0,12.6,0.8165901947515998
mask,0.5,0,Dry,rule,0.2,4.7,0.9052116356304493
mask,0.5,0,Dry,rule,0.4,5.1,0.7753366239771086
mask,0.5,0,Dry,rule,0.6,5.1,0.7753366239771086
mask,0.5,0,Dry,rule,0.9,5.1,0.7753366239771086
mask,0.5,0,Dry,rule,1.3,5.1,0.7753366239771086
mask,0.5,0,Dry,rule,2.0,5.1,0.7753366239771086
mask,0.5,0,Dry,learned,0.0,12.6,0.8165901947515998
mask,0.5,0,Dry,learned,0.2,4.7,0.8415908474314976
mask,0.5,0,Dry,learned,0.4,3.4,0.6754160255557639
mask,0.5,0,Dry,learned,0.6,3.3,0.5988751049740154
mask,0.5,0,Dry,learned,0.9,3.3,0.5988751049740154
mask,0.5,0,Dry,learned,1.3,3.4,0.49118023727106
mask,0.5,0,Dry,learned,2.0,3.4,0.38241471408367794
mask,0.5,0,Dry,hybrid,0.0,12.6,0.8165901947515998
mask,0.5,0,Dry,hybrid,0.2,3.5,0.8205228949141826
mask,0.5,0,Dry,hybrid,0.4,3.6,0.721801830382049
mask,0.5,0,Dry,hybrid,0.6,3.4,0.6366587127404281
mask,0.5,0,Dry,hybrid,0.9,3.4,0.5653701424067238
mask,0.5,0,Dry,hybrid,1.3,3.4,0.5582604437617527
mask,0.5,0,Dry,hybrid,2.0,3.4,0.5582604437617527
mask,0.5,0,Normal,oracle,0.0,10.2,0.8611375561264455
mask,0.5,0,Normal,oracle,0.2,3.0,0.7600791051976192
mask,0.5,0,Normal,oracle,0.4,3.0,0.7600791051976192
mask,0.5,0,Normal,oracle,0.6,3.0,0.7600791051976192
mask,0.5,0,Normal,oracle,0.9,3.0,0.7600791051976192
mask,0.5,0,Normal,oracle,1.3,3.0,0.7600791051976192
mask,0.5,0,Normal,oracle,2.0,3.0,0.7600791051976192
mask,0.5,0,Normal,rule,0.0,10.2,0.8611375561264455
mask,0.5,0,Normal,rule,0.2,4.8,0.5305455297539707
mask,0.5,0,Normal,rule,0.4,4.9,0.46035860613699897
mask,0.5,0,Normal,rule,0.6,5.4,0.3967378179380473
mask,0.5,0,Normal,rule,0.9,5.4,0.3967378179380473
mask,0.5,0,Normal,rule,1.3,5.4,0.3967378179380473
mask,0.5,0,Normal,rule,2.0,5.4,0.3967378179380473
mask,0.5,0,Normal,learned,0.0,10.2,0.8611375561264455
mask,0.5,0,Normal,learned,0.2,3.9,0.7100226348397881
mask,0.5,0,Normal,learned,0.4,3.7,0.5337225282363591
mask,0.5,0,Normal,learned,0.6,3.9,0.48331483694589444
mask,0.5,0,Normal,learned,0.9,3.4,0.48331483694589444
mask,0.5,0,Normal,learned,1.3,3.4,0.47938213678331165
mask,0.5,0,Normal,learned,2.0,3.4,0.4857157485697724
mask,0.5,0,Normal,hybrid,0.0,10.2,0.8611375561264455
mask,0.5,0,Normal,hybrid,0.2,3.9,0.6563033086078547
mask,0.5,0,Normal,hybrid,0.4,4.1,0.5232512984721257
mask,0.5,0,Normal,hybrid,0.6,3.9,0.5263304097820353
mask,0.5,0,Normal,hybrid,0.9,3.9,0.544221363816962
mask,0.5,0,Normal,hybrid,1.3,3.8,0.4818998405251558
mask,0.5,0,Normal,hybrid,2.0,3.8,0.49118023727106
mask,0.5,0,Oily,oracle,0.0,7.8,0.6145870006788593
mask,0.5,0,Oily,oracle,0.2,3.2,0.7059054020403313
mask,0.5,0,Oily,oracle,0.4,3.0,0.7695261902392829
mask,0.5,0,Oily,oracle,0.6,3.0,0.7695261902392829
mask,0.5,0,Oily,oracle,0.9,3.0,0.7695261902392829
mask,0.5,0,Oily,oracle,1.3,3.0,0.7695261902392829
mask,0.5,0,Oily,oracle,2.0,3.0,0.7695261902392829
mask,0.5,0,Oily,rule,0.0,7.8,0.6145870006788593
mask,0.5,0,Oily,rule,0.2,4.1,0.5730379245414764
mask,0.5,0,Oily,rule,0.4,4.1,0.579782773204422
mask,0.5,0,Oily,rule,0.6,4.0,0.6523706084452717
mask,0.5,0,Oily,rule,0.9,3.8,0.6594803070902429
mask,0.5,0,Oily,rule,1.3,3.9,0.7289115290270202
mask,0.5,0,Oily,rule,2.0,3.9,0.7289115290270202
mask,0.5,0,Oily,learned,0.0,7.8,0.6145870006788593
mask,0.5,0,Oily,learned,0.2,3.8,0.4440973278132557
mask,0.5,0,Oily,learned,0.4,3.8,0.4323181322709948
mask,0.5,0,Oily,learned,0.6,3.8,0.4323181322709948
mask,0.5,0,Oily,learned,0.9,3.7,0.4920062203073637
mask,0.5,0,Oily,learned,1.3,3.7,0.494639655562801
mask,0.5,0,Oily,learned,2.0,3.7,0.47479014188018465
mask,0.5,0,Oily,hybrid,0.0,7.8,0.6145870006788593
mask,0.5,0,Oily,hybrid,0.2,3.8,0.2719144540092835
mask,0.5,0,Oily,hybrid,0.4,3.8,0.3531437764338092
mask,0.5,0,Oily,hybrid,0.6,3.8,0.3531437764338092
mask,0.5,0,Oily,hybrid,0.9,3.9,0.3621108234757073
mask,0.5,0,Oily,hybrid,1.3,3.9,0.3688556721386529
mask,0.5,0,Oily,hybrid,2.0,3.9,0.3963918729015093
mask,0.5,0,Sensitive,oracle,0.0,10.7,0.9363792118010483
mask,0.5,0,Sensitive,oracle,0.2,4.2,0.8630152897016883
mask,0.5,0,Sensitive,oracle,0.4,3.4,0.8572048559638626
mask,0.5,0,Sensitive,oracle,0.6,3.2,0.9266360779006398
mask,0.5,0,Sensitive,oracle,0.9,3.2,0.9216017310213245
mask,0.5,0,Sensitive,oracle,1.3,3.1,0.9216017310213245
mask,0.5,0,Sensitive,oracle,2.0,3.1,0.9216017310213245
mask,0.5,0,Sensitive,rule,0.0,10.7,0.9363792118010483
mask,0.5,0,Sensitive,rule,0.2,5.6,0.933745776545611
mask,0.5,0,Sensitive,rule,0.4,5.8,0.8603818544462509
mask,0.5,0,Sensitive,rule,0.6,5.2,0.8512360941594274
mask,0.5,0,Sensitive,rule,0.9,5.2,0.8512360941594274
mask,0.5,0,Sensitive,rule,1.3,5.1,0.914856882358379
mask,0.5,0,Sensitive,rule,2.0,5.0,0.914856882358379
mask,0.5,0,Sensitive,learned,0.0,10.7,0.9363792118010483
mask,0.5,0,Sensitive,learned,0.2,5.0,0.8701249883466594
mask,0.5,0,Sensitive,learned,0.4,4.2,0.8236998933965709
mask,0.5,0,Sensitive,learned,0.6,3.7,0.8048109992093389
mask,0.5,0,Sensitive,learned,0.9,3.7,0.8048109992093389
mask,0.5,0,Sensitive,learned,1.3,3.8,0.7381919257729244
mask,0.5,0,Sensitive,learned,2.0,3.7,0.6651928536555898
mask,0.5,0,Sensitive,hybrid,0.0,10.7,0.9363792118010483
mask,0.5,0,Sensitive,hybrid,0.2,4.6,0.8572048559638626
mask,0.5,0,Sensitive,hybrid,0.4,4.1,0.756902106715231
mask,0.5,0,Sensitive,hybrid,0.6,4.1,0.7759944384848245
mask,0.5,0,Sensitive,hybrid,0.9,3.8,0.7000949683025057
mask,0.5,0,Sensitive,hybrid,1.3,3.8,0.6812060741152737
mask,0.5,0,Sensitive,hybrid,2.0,3.8,0.6812060741152737
mask,0.5,1,Combination,oracle,0.0,10.2,0.8205228949141826
mask,0.5,1,Combination,oracle,0.2,3.0,0.9266360779006398
mask,0.5,1,Combination,oracle,0.4,3.0,0.9266360779006398
mask,0.5,1,Combination,oracle,0.6,3.0,0.9266360779006398
mask,0.5,1,Combination,oracle,0.9,3.0,0.9266360779006398
mask,0.5,1,Combination,oracle,1.3,3.0,0.9266360779006398
mask,0.5,1,Combination,oracle,2.0,3.0,0.9266360779006398
mask,0.5,1,Combination,rule,0.0,10.2,0.8205228949141826
mask,0.5,1,Combination,rule,0.2,3.7,0.8415908474314976
mask,0.5,1,Combination,rule,0.4,3.5,0.8389574121760602
mask,0.5,1,Combination,rule,0.6,3.7,0.835780413693672
mask,0.5,1,Combination,rule,0.9,3.6,0.835780413693672
mask,0.5,1,Combination,rule,1.3,3.6,0.835780413693672
mask,0.5,1,Combination,rule,2.0,3.6,0.835780413693672
mask,0.5,1,Combination,learned,0.0,10.2,0.8205228949141826
mask,0.5,1,Combination,learned,0.2,4.1,0.9305687780632227
mask,0.5,1,Combination,learned,0.4,5.3,0.9305687780632227
mask,0.5,1,Combination,learned,0.6,5.2,0.8643145546088338
mask,0.5,1,Combination,learned,0.9,5.4,0.8630152897016883
mask,0.5,1,Combination,learned,1.3,5.8,0.7975167679274938
mask,0.5,1,Combination,learned,2.0,5.8,0.7948833326720566
mask,0.5,1,Combination,hybrid,0.0,10.2,0.8205228949141826
mask,0.5,1,Combination,hybrid,0.2,4.1,0.9266360779006398
mask,0.5,1,Combination,hybrid,0.4,5.1,0.8579809428223729
mask,0.5,1,Combination,hybrid,0.6,5.1,0.8521705090845473
mask,0.5,1,Combination,hybrid,0.9,5.3,0.7909506325094736
mask,0.5,1,Combination,hybrid,1.3,5.6,0.7542686714597936
mask,0.5,1,Combination,hybrid,2.0,5.6,0.6402900881481708
mask,0.5,1,Dry,oracle,0.0,9.9,0.7948833326720566
mask,0.5,1,Dry,oracle,0.2,3.2,1.0
mask,0.5,1,Dry,oracle,0.4,3.0,0.9363792118010483
mask,0.5,1,Dry,oracle,0.6,3.0,0.9363792118010483
mask,0.5,1,Dry,oracle,0.9,3.0,0.9363792118010483
mask,0.5,1,Dry,oracle,1.3,3.0,0.9363792118010483
mask,0.5,1,Dry,oracle,2.0,3.0,0.9363792118010483
mask,0.5,1,Dry,rule,0.0,9.9,0.7948833326720566
mask,0.5,1,Dry,rule,0.2,6.6,0.9305687780632227
mask,0.5,1,Dry,rule,0.4,6.4,0.9216017310213245
mask,0.5,1,Dry,rule,0.6,6.4,0.9216017310213245
mask,0.5,1,Dry,rule,0.9,6.3,0.9216017310213245
mask,0.5,1,Dry,rule,1.3,4.9,0.8521705090845473
mask,0.5,1,Dry,rule,2.0,3.6,0.8521705090845473
mask,0.5,1,Dry,learned,0.0,9.9,0.7948833326720566
mask,0.5,1,Dry,learned,0.2,5.9,0.9305687780632227
mask,0.5,1,Dry,learned,0.4,5.8,0.866947989864271
mask,0.5,1,Dry,learned,0.6,5.8,0.866947989864271
mask,0.5,1,Dry,learned,0.9,5.8,0.8603818544462509
mask,0.5,1,Dry,learned,1.3,5.8,0.8603818544462509
mask,0.5,1,Dry,learned,2.0,5.8,0.8572048559638626
mask,0.5,1,Dry,hybrid,0.0,9.9,0.7948833326720566
mask,0.5,1,Dry,hybrid,0.2,5.9,0.9305687780632227
mask,0.5,1,Dry,hybrid,0.4,5.8,0.8630152897016883
mask,0.5,1,Dry,hybrid,0.6,5.8,0.8630152897016883
mask,0.5,1,Dry,hybrid,0.9,5.8,0.8521705090845473
mask,0.5,1,Dry,hybrid,1.3,5.6,0.8521705090845473
mask,0.5,1,Dry,hybrid,2.0,5.6,0.8482378089219645
mask,0.5,1,Normal,oracle,0.0,11.6,0.8611375561264455
mask,0.5,1,Normal,oracle,0.2,3.2,1.0
mask,0.5,1,Normal,oracle,0.4,3.0,0.9363792118010483
mask,0.5,1,Normal,oracle,0.6,3.0,0.9363792118010483
mask,0.5,1,Normal,oracle,0.9,3.0,0.9363792118010483
mask,0.5,1,Normal,oracle,1.3,3.0,0.9363792118010483
mask,0.5,1,Normal,oracle,2.0,3.0,0.9363792118010483
mask,0.5,1,Normal,rule,0.0,11.6,0.8611375561264455
mask,0.5,1,Normal,rule,0.2,5.2,0.866947989864271
mask,0.5,1,Normal,rule,0.4,5.0,0.8415908474314976
mask,0.5,1,Normal,rule,0.6,3.7,0.8268133666517739
mask,0.5,1,Normal,rule,0.9,3.9,0.8268133666517739
mask,0.5,1,Normal,rule,1.3,3.9,0.8268133666517739
mask,0.5,1,Normal,rule,2.0,3.9,0.8268133666517739
mask,0.5,1,Normal,learned,0.0,11.6,0.8611375561264455
mask,0.5,1,Normal,learned,0.2,4.8,0.8572048559638626
mask,0.5,1,Normal,learned,0.4,5.1,0.8236998933965709
mask,0.5,1,Normal,learned,0.6,4.6,0.7948833326720566
mask,0.5,1,Normal,learned,0.9,4.6,0.7948833326720566
mask,0.5,1,Normal,learned,1.3,4.5,0.7312625444731049
mask,0.5,1,Normal,learned,2.0,4.6,0.7280855459907165
mask,0.5,1,Normal,hybrid,0.0,11.6,0.8611375561264455
mask,0.5,1,Normal,hybrid,0.2,5.0,0.793584067764911
mask,0.5,1,Normal,hybrid,0.4,4.7,0.8115558478722845
mask,0.5,1,Normal,hybrid,0.6,4.2,0.6402900881481708
mask,0.5,1,Normal,hybrid,0.9,4.4,0.642923523403608
mask,0.5,1,Normal,hybrid,1.3,4.4,0.6402900881481708
mask,0.5,1,Normal,hybrid,2.0,4.4,0.6352557412688554
mask,0.5,1,Oily,oracle,0.0,11.7,0.9305687780632227
mask,0.5,1,Oily,oracle,0.2,3.5,0.618519700841442
mask,0.5,1,Oily,oracle,0.4,3.3,0.6929852696575346
mask,0.5,1,Oily,oracle,0.6,3.2,0.7027284035579431
mask,0.5,1,Oily,oracle,0.9,3.0,0.7027284035579431
mask,0.5,1,Oily,oracle,1.3,3.0,0.7027284035579431
mask,0.5,1,Oily,oracle,2.0,3.0,0.7027284035579431
mask,0.5,1,Oily,rule,0.0,11.7,0.9305687780632227
mask,0.5,1,Oily,rule,0.2,4.4,0.8268133666517739
mask,0.5,1,Oily,rule,0.4,4.2,0.8521705090845473
mask,0.5,1,Oily,rule,0.6,3.9,0.7034066032439746
mask,0.5,1,Oily,rule,0.9,3.7,0.7630946912803435
mask,0.5,1,Oily,rule,1.3,3.9,0.6994739030813918
mask,0.5,1,Oily,rule,2.0,3.9,0.6994739030813918
mask,0.5,1,Oily,learned,0.0,11.7,0.9305687780632227
mask,0.5,1,Oily,learned,0.2,5.2,0.7015099647232445
mask,0.5,1,Oily,learned,0.4,5.5,0.6500332220485792
mask,0.5,1,Oily,learned,0.6,5.5,0.6947651160602988
mask,0.5,1,Oily,learned,0.9,5.8,0.6698623505528797
mask,0.5,1,Oily,learned,1.3,5.8,0.6410457898283652
mask,0.5,1,Oily,learned,2.0,5.8,0.6410457898283652
mask,0.5,1,Oily,hybrid,0.0,11.7,0.9305687780632227
mask,0.5,1,Oily,hybrid,0.2,5.1,0.6214990811334173
mask,0.5,1,Oily,hybrid,0.4,5.2,0.6320787427864671
mask,0.5,1,Oily,hybrid,0.6,5.0,0.5399873388995391
mask,0.5,1,Oily,hybrid,0.9,5.0,0.5111707781750247
mask,0.5,1,Oily,hybrid,1.3,5.3,0.5774250016294136
mask,0.5,1,Oily,hybrid,2.0,5.3,0.6188656458779801
mask,0.5,1,Sensitive,oracle,0.0,10.8,0.9363792118010483
mask,0.5,1,Sensitive,oracle,0.2,3.6,0.866947989864271
mask,0.5,1,Sensitive,oracle,0.4,3.5,0.933745776545611
mask,0.5,1,Sensitive,oracle,0.6,3.4,0.9363792118010483
mask,0.5,1,Sensitive,oracle,0.9,3.4,0.9363792118010483
mask,0.5,1,Sensitive,oracle,1.3,3.3,1.0
mask,0.5,1,Sensitive,oracle,2.0,3.2,0.9305687780632227
mask,0.5,1,Sensitive,rule,0.0,10.8,0.9363792118010483
mask,0.5,1,Sensitive,rule,0.2,3.8,0.9216017310213245
mask,0.5,1,Sensitive,rule,0.4,3.9,0.8630152897016883
mask,0.5,1,Sensitive,rule,0.6,3.9,0.8572048559638626
mask,0.5,1,Sensitive,rule,0.9,3.9,0.835780413693672
mask,0.5,1,Sensitive,rule,1.3,3.9,0.835780413693672
mask,0.5,1,Sensitive,rule,2.0,3.9,0.835780413693672
mask,0.5,1,Sensitive,learned,0.0,10.8,0.9363792118010483
mask,0.5,1,Sensitive,learned,0.2,4.1,0.9052116356304493
mask,0.5,1,Sensitive,learned,0.4,4.1,0.8389574121760602
mask,0.5,1,Sensitive,learned,0.6,4.4,0.7849818707050383
mask,0.5,1,Sensitive,learned,0.9,4.4,0.7791714369672127
mask,0.5,1,Sensitive,learned,1.3,4.4,0.7819835854675755
mask,0.5,1,Sensitive,learned,2.0,5.0,0.7116179486056783
mask,0.5,1,Sensitive,hybrid,0.0,10.8,0.9363792118010483
mask,0.5,1,Sensitive,hybrid,0.2,4.1,0.9052116356304493
mask,0.5,1,Sensitive,hybrid,0.4,4.1,0.8389574121760602
mask,0.5,1,Sensitive,hybrid,0.6,4.1,0.8389574121760602
mask,0.5,1,Sensitive,hybrid,0.9,4.4,0.78180487222265
mask,0.5,1,Sensitive,hybrid,1.3,4.4,0.7819835854675755
mask,0.5,1,Sensitive,hybrid,2.0,5.0,0.7151857987862356
mask,0.5,2,Combination,oracle,0.0,10.2,1.0
mask,0.5,2,Combination,oracle,0.2,3.0,0.7104770117651424
mask,0.5,2,Combination,oracle,0.4,3.0,0.7104770117651424
mask,0.5,2,Combination,oracle,0.6,3.0,0.7104770117651424
mask,0.5,2,Combination,oracle,0.9,3.0,0.7104770117651424
mask,0.5,2,Combination,oracle,1.3,3.0,0.7104770117651424
mask,0.5,2,Combination,oracle,2.0,3.0,0.7104770117651424
mask,0.5,2,Combination,rule,0.0,10.2,1.0
mask,0.5,2,Combination,rule,0.2,3.4,0.558714820687107
mask,0.5,2,Combination,rule,0.4,3.6,0.558714820687107
mask,0.5,2,Combination,rule,0.6,3.6,0.558714820687107
mask,0.5,2,Combination,rule,0.9,3.6,0.558714820687107
mask,0.5,2,Combination,rule,1.3,3.6,0.558714820687107
mask,0.5,2,Combination,rule,2.0,3.6,0.558714820687107
mask,0.5,2,Combination,learned,0.0,10.2,1.0
mask,0.5,2,Combination,learned,0.2,3.5,0.6036081270984908
mask,0.5,2,Combination,learned,0.4,3.5,0.606241562353928
mask,0.5,2,Combination,learned,0.6,3.8,0.6698623505528797
mask,0.5,2,Combination,learned,0.9,3.5,0.5747915663739763
mask,0.5,2,Combination,learned,1.3,3.5,0.5716145678915879
mask,0.5,2,Combination,learned,2.0,3.5,0.5716145678915879
mask,0.5,2,Combination,hybrid,0.0,10.2,1.0
mask,0.5,2,Combination,hybrid,0.2,3.5,0.5747915663739763
mask,0.5,2,Combination,hybrid,0.4,3.5,0.6410457898283652
mask,0.5,2,Combination,hybrid,0.6,3.8,0.6410457898283652
mask,0.5,2,Combination,hybrid,0.9,3.6,0.5716145678915879
mask,0.5,2,Combination,hybrid,1.3,4.0,0.5676818677290052
mask,0.5,2,Combination,hybrid,2.0,3.3,0.4990267326507382
mask,0.5,2,Dry,oracle,0.0,9.3,0.8553475075669357
mask,0.5,2,Dry,oracle,0.2,3.5,0.5914640815742043
mask,0.5,2,Dry,oracle,0.4,3.4,0.5847192329112587
mask,0.5,2,Dry,oracle,0.6,3.2,0.5847192329112587
mask,0.5,2,Dry,oracle,0.9,3.1,0.5847192329112587
mask,0.5,2,Dry,oracle,1.3,3.1,0.5847192329112587
mask,0.5,2,Dry,oracle,2.0,3.0,0.5847192329112587
mask,0.5,2,Dry,rule,0.0,9.3,0.8553475075669357
mask,0.5,2,Dry,rule,0.2,6.1,0.6698623505528797
mask,0.5,2,Dry,rule,0.4,6.2,0.575073986183329
mask,0.5,2,Dry,rule,0.6,5.4,0.575073986183329
mask,0.5,2,Dry,rule,0.9,5.4,0.575073986183329
mask,0.5,2,Dry,rule,1.3,5.4,0.575073986183329
mask,0.5,2,Dry,rule,2.0,5.5,0.575073986183329
mask,0.5,2,Dry,learned,0.0,9.3,0.8553475075669357
mask,0.5,2,Dry,learned,0.2,5.2,0.7799082337019198
mask,0.5,2,Dry,learned,0.4,5.5,0.7799082337019198
mask,0.5,2,Dry,learned,0.6,5.4,0.7799082337019198
mask,0.5,2,Dry,learned,0.9,4.4,0.7799082337019198
mask,0.5,2,Dry,learned,1.3,4.4,0.7799082337019198
mask,0.5,2,Dry,learned,2.0,4.3,0.7015099647232445
mask,0.5,2,Dry,hybrid,0.0,9.3,0.8553475075669357
mask,0.5,2,Dry,hybrid,0.2,5.6,0.7162874455029681
mask,0.5,2,Dry,hybrid,0.4,5.4,0.7799082337019198
mask,0.5,2,Dry,hybrid,0.6,5.4,0.7799082337019198
mask,0.5,2,Dry,hybrid,0.9,5.1,0.7162874455029681
mask,0.5,2,Dry,hybrid,1.3,4.3,0.7136540102475308
mask,0.5,2,Dry,hybrid,2.0,3.8,0.6311443278613471
mask,0.5,2,Normal,oracle,0.0,9.9,0.7702043899253147
mask,0.5,2,Normal,oracle,0.2,3.0,0.685119869332369
mask,0.5,2,Normal,oracle,0.4,3.0,0.685119869332369
mask,0.5,2,Normal,oracle,0.6,3.0,0.685119869332369
mask,0.5,2,Normal,oracle,0.9,3.0,0.685119869332369
mask,0.5,2,Normal,oracle,1.3,3.0,0.685119869332369
mask,0.5,2,Normal,oracle,2.0,3.0,0.685119869332369
mask,0.5,2,Normal,rule,0.0,9.9,0.7702043899253147
mask,0.5,2,Normal,rule,0.2,4.9,0.7799082337019198
mask,0.5,2,Normal,rule,0.4,4.6,0.7799082337019198
mask,0.5,2,Normal,rule,0.6,5.0,0.6500332220485792
mask,0.5,2,Normal,rule,0.9,5.0,0.6371130896657824
mask,0.5,2,Normal,rule,1.3,4.2,0.5734923014668307
mask,0.5,2,Normal,rule,2.0,4.2,0.5734923014668307
mask,0.5,2,Normal,learned,0.0,9.9,0.7702043899253147
mask,0.5,2,Normal,learned,0.2,4.2,0.8611375561264455
mask,0.5,2,Normal,learned,0.4,4.3,0.7975167679274938
mask,0.5,2,Normal,learned,0.6,4.3,0.7975167679274938
mask,0.5,2,Normal,learned,0.9,4.3,0.7975167679274938
mask,0.5,2,Normal,learned,1.3,4.3,0.7975167679274938
mask,0.5,2,Normal,learned,2.0,4.5,0.8611375561264455
mask,0.5,2,Normal,hybrid,0.0,9.9,0.7702043899253147
mask,0.5,2,Normal,hybrid,0.2,3.9,0.7136540102475308
mask,0.5,2,Normal,hybrid,0.4,3.9,0.7104770117651424
mask,0.5,2,Normal,hybrid,0.6,4.0,0.7065443116025597
mask,0.5,2,Normal,hybrid,0.9,4.0,0.7065443116025597
mask,0.5,2,Normal,hybrid,1.3,4.1,0.7065443116025597
mask,0.5,2,Normal,hybrid,2.0,4.2,0.7136540102475308
mask,0.5,2,Oily,oracle,0.0,11.7,0.7877736340270853
mask,0.5,2,Oily,oracle,0.2,3.2,0.8553475075669357
mask,0.5,2,Oily,oracle,0.4,3.0,0.791726719367984
mask,0.5,2,Oily,oracle,0.6,3.0,0.791726719367984
mask,0.5,2,Oily,oracle,0.9,3.0,0.791726719367984
mask,0.5,2,Oily,oracle,1.3,3.0,0.791726719367984
mask,0.5,2,Oily,oracle,2.0,3.0,0.791726719367984
mask,0.5,2,Oily,rule,0.0,11.7,0.7877736340270853
mask,0.5,2,Oily,rule,0.2,4.2,0.6051399156371955
mask,0.5,2,Oily,rule,0.4,4.0,0.6083169141195838
mask,0.5,2,Oily,rule,0.6,4.0,0.6083169141195838
mask,0.5,2,Oily,rule,0.9,3.9,0.6719377023185354
mask,0.5,2,Oily,rule,1.3,3.9,0.6719377023185354
mask,0.5,2,Oily,rule,2.0,3.9,0.6719377023185354
mask,0.5,2,Oily,learned,0.0,11.7,0.7877736340270853
mask,0.5,2,Oily,learned,0.2,3.5,0.6620158551732015
mask,0.5,2,Oily,learned,0.4,3.7,0.6691255538181726
mask,0.5,2,Oily,learned,0.6,4.1,0.7065632165480472
mask,0.5,2,Oily,learned,0.9,4.1,0.6352557412688554
mask,0.5,2,Oily,learned,1.3,4.1,0.6378891765242928
mask,0.5,2,Oily,learned,2.0,4.1,0.7065443116025597
mask,0.5,2,Oily,hybrid,0.0,11.7,0.7877736340270853
mask,0.5,2,Oily,hybrid,0.2,3.4,0.6399441431116327
mask,0.5,2,Oily,hybrid,0.4,3.7,0.6306637463657284
mask,0.5,2,Oily,hybrid,0.6,3.7,0.6390097281865127
mask,0.5,2,Oily,hybrid,0.9,3.7,0.6253338941235215
mask,0.5,2,Oily,hybrid,1.3,3.8,0.6352557412688554
mask,0.5,2,Oily,hybrid,2.0,3.7,0.7065443116025597
mask,0.5,2,Sensitive,oracle,0.0,8.5,0.7948833326720566
mask,0.5,2,Sensitive,oracle,0.2,3.5,1.0
mask,0.5,2,Sensitive,oracle,0.4,3.2,0.8701249883466594
mask,0.5,2,Sensitive,oracle,0.6,3.2,0.866947989864271
mask,0.5,2,Sensitive,oracle,0.9,3.0,0.7909506325094736
mask,0.5,2,Sensitive,oracle,1.3,3.0,0.7909506325094736
mask,0.5,2,Sensitive,oracle,2.0,3.0,0.7909506325094736
mask,0.5,2,Sensitive,rule,0.0,8.5,0.7948833326720566
mask,0.5,2,Sensitive,rule,0.2,5.3,0.7573821447149965
mask,0.5,2,Sensitive,rule,0.4,5.0,0.7058075148678526
mask,0.5,2,Sensitive,rule,0.6,5.0,0.7019727018777485
mask,0.5,2,Sensitive,rule,0.9,5.0,0.7019727018777485
mask,0.5,2,Sensitive,rule,1.3,4.3,0.7721596254947203
mask,0.5,2,Sensitive,rule,2.0,3.9,0.7695261902392829
mask,0.5,2,Sensitive,learned,0.0,8.5,0.7948833326720566
mask,0.5,2,Sensitive,learned,0.2,5.2,0.933745776545611
mask,0.5,2,Sensitive,learned,0.4,3.9,1.0
mask,0.5,2,Sensitive,learned,0.6,4.0,1.0
mask,0.5,2,Sensitive,learned,0.9,4.0,1.0
mask,0.5,2,Sensitive,learned,1.3,4.0,0.933745776545611
mask,0.5,2,Sensitive,learned,2.0,4.1,0.9052116356304493
mask,0.5,2,Sensitive,hybrid,0.0,8.5,0.7948833326720566
mask,0.5,2,Sensitive,hybrid,0.2,4.1,0.9305687780632227
mask,0.5,2,Sensitive,hybrid,0.4,4.0,0.9363792118010483
mask,0.5,2,Sensitive,hybrid,0.6,4.0,0.9363792118010483
mask,0.5,2,Sensitive,hybrid,0.9,3.7,1.0
mask,0.5,2,Sensitive,hybrid,1.3,4.1,0.933745776545611
mask,0.5,2,Sensitive,hybrid,2.0,4.1,0.9216017310213245
mask,0.5,3,Combination,oracle,0.0,9.6,0.9216017310213245
mask,0.5,3,Combination,oracle,0.2,3.0,0.9216017310213245
mask,0.5,3,Combination,oracle,0.4,3.0,0.9216017310213245
mask,0.5,3,Combination,oracle,0.6,3.0,0.9216017310213245
mask,0.5,3,Combination,oracle,0.9,3.0,0.9216017310213245
mask,0.5,3,Combination,oracle,1.3,3.0,0.9216017310213245
mask,0.5,3,Combination,oracle,2.0,3.0,0.9216017310213245
mask,0.5,3,Combination,rule,0.0,9.6,0.9216017310213245
mask,0.5,3,Combination,rule,0.2,5.2,0.8236998933965709
mask,0.5,3,Combination,rule,0.4,5.2,0.8263333286520083
mask,0.5,3,Combination,rule,0.6,4.8,0.8165901947515998
mask,0.5,3,Combination,rule,0.9,4.5,0.6809047493604335
mask,0.5,3,Combination,rule,1.3,4.5,0.6809047493604335
mask,0.5,3,Combination,rule,2.0,4.5,0.6809047493604335
mask,0.5,3,Combination,learned,0.0,9.6,0.9216017310213245
mask,0.5,3,Combination,learned,0.2,6.4,0.8553475075669357
mask,0.5,3,Combination,learned,0.4,5.9,0.835780413693672
mask,0.5,3,Combination,learned,0.6,5.9,0.8389574121760602
mask,0.5,3,Combination,learned,0.9,5.9,0.7948833326720566
mask,0.5,3,Combination,learned,1.3,5.8,0.7975167679274938
mask,0.5,3,Combination,learned,2.0,6.1,0.7162874455029681
mask,0.5,3,Combination,hybrid,0.0,9.6,0.9216017310213245
mask,0.5,3,Combination,hybrid,0.2,6.1,0.8553475075669357
mask,0.5,3,Combination,hybrid,0.4,5.5,0.8454256604216017
mask,0.5,3,Combination,hybrid,0.6,5.5,0.7948833326720566
mask,0.5,3,Combination,hybrid,0.9,5.5,0.7948833326720566
mask,0.5,3,Combination,hybrid,1.3,5.8,0.7948833326720566
mask,0.5,3,Combination,hybrid,2.0,6.1,0.7975167679274938
mask,0.5,3,Dry,oracle,0.0,9.7,0.7759944384848245
mask,0.5,3,Dry,oracle,0.2,3.4,0.8165901947515998
mask,0.5,3,Dry,oracle,0.4,3.4,0.8048109992093389
mask,0.5,3,Dry,oracle,0.6,3.3,0.8048109992093389
mask,0.5,3,Dry,oracle,0.9,3.1,0.8048109992093389
mask,0.5,3,Dry,oracle,1.3,3.0,0.8048109992093389
mask,0.5,3,Dry,oracle,2.0,3.0,0.8048109992093389
mask,0.5,3,Dry,rule,0.0,9.7,0.7759944384848245
mask,0.5,3,Dry,rule,0.2,5.8,0.7948833326720566
mask,0.5,3,Dry,rule,0.4,6.2,0.7663491917568948
mask,0.5,3,Dry,rule,0.6,6.3,0.6969179698201174
mask,0.5,3,Dry,rule,0.9,6.3,0.6929852696575346
mask,0.5,3,Dry,rule,1.3,5.6,0.6235540477207573
mask,0.5,3,Dry,rule,2.0,5.1,0.6235540477207573
mask,0.5,3,Dry,learned,0.0,9.7,0.7759944384848245
mask,0.5,3,Dry,learned,0.2,6.4,0.914856882358379
mask,0.5,3,Dry,learned,0.4,5.9,0.8553475075669357
mask,0.5,3,Dry,learned,0.6,5.9,0.8482378089219645
mask,0.5,3,Dry,learned,0.9,6.0,0.8414929602590189
mask,0.5,3,Dry,learned,1.3,6.3,0.8165901947515998
mask,0.5,3,Dry,learned,2.0,6.3,0.7917063341896682
mask,0.5,3,Dry,hybrid,0.0,9.7,0.7759944384848245
mask,0.5,3,Dry,hybrid,0.2,6.8,0.914856882358379
mask,0.5,3,Dry,hybrid,0.4,6.2,0.84860265890399
mask,0.5,3,Dry,hybrid,0.6,6.2,0.8482378089219645
mask,0.5,3,Dry,hybrid,0.9,5.7,0.8414929602590189
mask,0.5,3,Dry,hybrid,1.3,6.3,0.7877736340270853
mask,0.5,3,Dry,hybrid,2.0,6.1,0.7877736340270853
mask,0.5,3,Normal,oracle,0.0,9.4,1.0
mask,0.5,3,Normal,oracle,0.2,3.0,0.7529694065526481
mask,0.5,3,Normal,oracle,0.4,3.0,0.7529694065526481
mask,0.5,3,Normal,oracle,0.6,3.0,0.7529694065526481
mask,0.5,3,Normal,oracle,0.9,3.0,0.7529694065526481
mask,0.5,3,Normal,oracle,1.3,3.0,0.7529694065526481
mask,0.5,3,Normal,oracle,2.0,3.0,0.7529694065526481
mask,0.5,3,Normal,rule,0.0,9.4,1.0
mask,0.5,3,Normal,rule,0.2,5.8,0.8205228949141826
mask,0.5,3,Normal,rule,0.4,5.8,0.8205228949141826
mask,0.5,3,Normal,rule,0.6,5.8,0.8205228949141826
mask,0.5,3,Normal,rule,0.9,6.0,0.8205228949141826
mask,0.5,3,Normal,rule,1.3,6.0,0.8205228949141826
mask,0.5,3,Normal,rule,2.0,6.0,0.8205228949141826
mask,0.5,3,Normal,learned,0.0,9.4,1.0
mask,0.5,3,Normal,learned,0.2,5.2,0.7065443116025597
mask,0.5,3,Normal,learned,0.4,5.0,0.7065443116025597
mask,0.5,3,Normal,learned,0.6,5.4,0.7104770117651424
mask,0.5,3,Normal,learned,0.9,5.4,0.7136540102475308
mask,0.5,3,Normal,learned,1.3,5.0,0.6468562235661908
mask,0.5,3,Normal,learned,2.0,6.0,0.7015099647232445
mask,0.5,3,Normal,hybrid,0.0,9.4,1.0
mask,0.5,3,Normal,hybrid,0.2,5.1,0.7065443116025597
mask,0.5,3,Normal,hybrid,0.4,5.7,0.7065443116025597
mask,0.5,3,Normal,hybrid,0.6,5.7,0.7065443116025597
mask,0.5,3,Normal,hybrid,0.9,5.6,0.6442227883107535
mask,0.5,3,Normal,hybrid,1.3,5.6,0.6442227883107535
mask,0.5,3,Normal,hybrid,2.0,5.6,0.6214990811334173
mask,0.5,3,Oily,oracle,0.0,11.4,0.7670273914429263
mask,0.5,3,Oily,oracle,0.2,3.0,0.7104770117651424
mask,0.5,3,Oily,oracle,0.4,3.0,0.7104770117651424
mask,0.5,3,Oily,oracle,0.6,3.0,0.7104770117651424
mask,0.5,3,Oily,oracle,0.9,3.0,0.7104770117651424
mask,0.5,3,Oily,oracle,1.3,3.0,0.7104770117651424
mask,0.5,3,Oily,oracle,2.0,3.0,0.7104770117651424
mask,0.5,3,Oily,rule,0.0,11.4,0.7670273914429263
mask,0.5,3,Oily,rule,0.2,6.6,0.48331483694589444
mask,0.5,3,Oily,rule,0.4,6.6,0.473571703045486
mask,0.5,3,Oily,rule,0.6,6.2,0.473571703045486
mask,0.5,3,Oily,rule,0.9,6.1,0.47938213678331165
mask,0.5,3,Oily,rule,1.3,6.1,0.47938213678331165
mask,0.5,3,Oily,rule,2.0,5.1,0.5430029249822633
mask,0.5,3,Oily,learned,0.0,11.4,0.7670273914429263
mask,0.5,3,Oily,learned,0.2,5.9,0.8263333286520083
mask,0.5,3,Oily,learned,0.4,6.1,0.7215194105726964
mask,0.5,3,Oily,learned,0.6,5.8,0.6578986223737447
mask,0.5,3,Oily,learned,0.9,6.1,0.718342412090308
mask,0.5,3,Oily,learned,1.3,6.1,0.6371130896657824
mask,0.5,3,Oily,learned,2.0,5.8,0.6378891765242928
mask,0.5,3,Oily,hybrid,0.0,11.4,0.7670273914429263
mask,0.5,3,Oily,hybrid,0.2,5.5,0.8389574121760602
mask,0.5,3,Oily,hybrid,0.4,5.8,0.7827392871477701
mask,0.5,3,Oily,hybrid,0.6,5.5,0.70937536504841
mask,0.5,3,Oily,hybrid,0.9,6.2,0.7133080652109928
mask,0.5,3,Oily,hybrid,1.3,6.2,0.718342412090308
mask,0.5,3,Oily,hybrid,2.0,5.8,0.7215194105726964
mask,0.5,3,Sensitive,oracle,0.0,10.3,1.0
mask,0.5,3,Sensitive,oracle,0.2,3.4,1.0
mask,0.5,3,Sensitive,oracle,0.4,3.3,1.0
mask,0.5,3,Sensitive,oracle,0.6,3.2,0.933745776545611
mask,0.5,3,Sensitive,oracle,0.9,3.1,0.9305687780632227
mask,0.5,3,Sensitive,oracle,1.3,3.0,0.866947989864271
mask,0.5,3,Sensitive,oracle,2.0,3.0,0.866947989864271
mask,0.5,3,Sensitive,rule,0.0,10.3,1.0
mask,0.5,3,Sensitive,rule,0.2,6.2,0.7909506325094736
mask,0.5,3,Sensitive,rule,0.4,6.0,0.8521705090845473
mask,0.5,3,Sensitive,rule,0.6,5.2,0.7600791051976192
mask,0.5,3,Sensitive,rule,0.9,5.2,0.7264127302306636
mask,0.5,3,Sensitive,rule,1.3,5.2,0.7264127302306636
mask,0.5,3,Sensitive,rule,2.0,5.4,0.7264127302306636
mask,0.5,3,Sensitive,learned,0.0,10.3,1.0
mask,0.5,3,Sensitive,learned,0.2,5.8,0.9266360779006398
mask,0.5,3,Sensitive,learned,0.4,5.8,0.8482378089219645
mask,0.5,3,Sensitive,learned,0.6,6.1,0.7019727018777485
mask,0.5,3,Sensitive,learned,0.9,6.1,0.6758704024811183
mask,0.5,3,Sensitive,learned,1.3,5.9,0.6719377023185354
mask,0.5,3,Sensitive,learned,2.0,6.0,0.576323354912681
mask,0.5,3,Sensitive,hybrid,0.0,10.3,1.0
mask,0.5,3,Sensitive,hybrid,0.2,5.5,0.914856882358379
mask,0.5,3,Sensitive,hybrid,0.4,5.1,0.7702043899253147
mask,0.5,3,Sensitive,hybrid,0.6,5.2,0.7630946912803435
mask,0.5,3,Sensitive,hybrid,0.9,5.3,0.7381919257729244
mask,0.5,3,Sensitive,hybrid,1.3,5.3,0.70937536504841
mask,0.5,3,Sensitive,hybrid,2.0,5.5,0.643121141594021
mask,0.5,4,Combination,oracle,0.0,13.8,0.7759944384848245
mask,0.5,4,Combination,oracle,0.2,3.0,0.7312625444731049
mask,0.5,4,Combination,oracle,0.4,3.0,0.7312625444731049
mask,0.5,4,Combination,oracle,0.6,3.0,0.7312625444731049
mask,0.5,4,Combination,oracle,0.9,3.0,0.7312625444731049
mask,0.5,4,Combination,oracle,1.3,3.0,0.7312625444731049
mask,0.5,4,Combination,oracle,2.0,3.0,0.7312625444731049
mask,0.5,4,Combination,rule,0.0,13.8,0.7759944384848245
mask,0.5,4,Combination,rule,0.2,4.2,0.8579809428223729
mask,0.5,4,Combination,rule,0.4,4.2,0.8579809428223729
mask,0.5,4,Combination,rule,0.6,4.2,0.8579809428223729
mask,0.5,4,Combination,rule,0.9,4.2,0.8579809428223729
mask,0.5,4,Combination,rule,1.3,4.2,0.8579809428223729
mask,0.5,4,Combination,rule,2.0,4.2,0.8579809428223729
mask,0.5,4,Combination,learned,0.0,13.8,0.7759944384848245
mask,0.5,4,Combination,learned,0.2,5.5,0.9266360779006398
mask,0.5,4,Combination,learned,0.4,6.2,0.9266360779006398
mask,0.5,4,Combination,learned,0.6,5.3,0.8630152897016883
mask,0.5,4,Combination,learned,0.9,5.3,0.8630152897016883
mask,0.5,4,Combination,learned,1.3,5.3,0.8630152897016883
mask,0.5,4,Combination,learned,2.0,5.3,0.8630152897016883
mask,0.5,4,Combination,hybrid,0.0,13.8,0.7759944384848245
mask,0.5,4,Combination,hybrid,0.2,4.7,0.9363792118010483
mask,0.5,4,Combination,hybrid,0.4,4.7,0.9216017310213245
mask,0.5,4,Combination,hybrid,0.6,4.7,0.914856882358379
mask,0.5,4,Combination,hybrid,0.9,5.2,0.914856882358379
mask,0.5,4,Combination,hybrid,1.3,5.2,0.914856882358379
mask,0.5,4,Combination,hybrid,2.0,5.9,0.914856882358379
mask,0.5,4,Dry,oracle,0.0,9.0,0.9266360779006398
mask,0.5,4,Dry,oracle,0.2,3.3,0.7791714369672127
mask,0.5,4,Dry,oracle,0.4,3.1,0.8512360941594274
mask,0.5,4,Dry,oracle,0.6,3.0,0.914856882358379
mask,0.5,4,Dry,oracle,0.9,3.0,0.914856882358379
mask,0.5,4,Dry,oracle,1.3,3.0,0.914856882358379
mask,0.5,4,Dry,oracle,2.0,3.0,0.914856882358379
mask,0.5,4,Dry,rule,0.0,9.0,0.9266360779006398
mask,0.5,4,Dry,rule,0.2,5.0,0.8364586133797036
mask,0.5,4,Dry,rule,0.4,5.0,0.8482378089219645
mask,0.5,4,Dry,rule,0.6,4.9,0.8482378089219645
mask,0.5,4,Dry,rule,0.9,4.8,0.8572048559638626
mask,0.5,4,Dry,rule,1.3,5.0,0.8643145546088338
mask,0.5,4,Dry,rule,2.0,4.9,0.9363792118010483
mask,0.5,4,Dry,learned,0.0,9.0,0.9266360779006398
mask,0.5,4,Dry,learned,0.2,5.4,0.9052116356304493
mask,0.5,4,Dry,learned,0.4,5.5,0.835780413693672
mask,0.5,4,Dry,learned,0.6,5.6,0.8318477135310891
mask,0.5,4,Dry,learned,0.9,6.0,0.8268133666517739
mask,0.5,4,Dry,learned,1.3,6.5,0.8268133666517739
mask,0.5,4,Dry,learned,2.0,6.4,0.8318477135310891
mask,0.5,4,Dry,hybrid,0.0,9.0,0.9266360779006398
mask,0.5,4,Dry,hybrid,0.2,5.3,0.8899541168509599
mask,0.5,4,Dry,hybrid,0.4,5.1,0.8415908474314976
mask,0.5,4,Dry,hybrid,0.6,5.3,0.914856882358379
mask,0.5,4,Dry,hybrid,0.9,5.4,0.8512360941594274
mask,0.5,4,Dry,hybrid,1.3,5.2,0.9216017310213245
mask,0.5,4,Dry,hybrid,2.0,6.7,0.8630152897016883
mask,0.5,4,Normal,oracle,0.0,8.0,0.5399873388995391
mask,0.5,4,Normal,oracle,0.2,3.0,0.933745776545611
mask,0.5,4,Normal,oracle,0.4,3.0,0.933745776545611
mask,0.5,4,Normal,oracle,0.6,3.0,0.933745776545611
mask,0.5,4,Normal,oracle,0.9,3.0,0.933745776545611
mask,0.5,4,Normal,oracle,1.3,3.0,0.933745776545611
mask,0.5,4,Normal,oracle,2.0,3.0,0.933745776545611
mask,0.5,4,Normal,rule,0.0,8.0,0.5399873388995391
mask,0.5,4,Normal,rule,0.2,4.8,0.933745776545611
mask,0.5,4,Normal,rule,0.4,4.8,0.933745776545611
mask,0.5,4,Normal,rule,0.6,4.8,0.933745776545611
mask,0.5,4,Normal,rule,0.9,4.8,0.933745776545611
mask,0.5,4,Normal,rule,1.3,4.8,0.933745776545611
mask,0.5,4,Normal,rule,2.0,4.8,0.933745776545611
mask,0.5,4,Normal,learned,0.0,8.0,0.5399873388995391
mask,0.5,4,Normal,learned,0.2,5.8,0.8572048559638626
mask,0.5,4,Normal,learned,0.4,5.8,0.8364586133797036
mask,0.5,4,Normal,learned,0.6,6.7,0.8364586133797036
mask,0.5,4,Normal,learned,0.9,6.7,0.8364586133797036
mask,0.5,4,Normal,learned,1.3,6.0,0.8364586133797036
mask,0.5,4,Normal,learned,2.0,6.0,0.8454256604216017
mask,0.5,4,Normal,hybrid,0.0,8.0,0.5399873388995391
mask,0.5,4,Normal,hybrid,0.2,6.1,0.9216017310213245
mask,0.5,4,Normal,hybrid,0.4,6.1,0.9052116356304493
mask,0.5,4,Normal,hybrid,0.6,6.1,0.9052116356304493
mask,0.5,4,Normal,hybrid,0.9,6.1,0.9052116356304493
mask,0.5,4,Normal,hybrid,1.3,6.4,0.9052116356304493
mask,0.5,4,Normal,hybrid,2.0,6.4,0.9052116356304493
mask,0.5,4,Oily,oracle,0.0,6.4,0.7695261902392829
mask,0.5,4,Oily,oracle,0.2,3.2,0.715550648768261
mask,0.5,4,Oily,oracle,0.4,3.0,0.8454256604216017
mask,0.5,4,Oily,oracle,0.6,3.0,0.8454256604216017
mask,0.5,4,Oily,oracle,0.9,3.0,0.8454256604216017
mask,0.5,4,Oily,oracle,1.3,3.0,0.8454256604216017
mask,0.5,4,Oily,oracle,2.0,3.0,0.8454256604216017
mask,0.5,4,Oily,rule,0.0,6.4,0.7695261902392829
mask,0.5,4,Oily,rule,0.2,4.0,0.8482378089219645
mask,0.5,4,Oily,rule,0.4,4.0,0.8572048559638626
mask,0.5,4,Oily,rule,0.6,5.0,0.8006937664098821
mask,0.5,4,Oily,rule,0.9,5.0,0.8006937664098821
mask,0.5,4,Oily,rule,1.3,4.8,0.8643145546088338
mask,0.5,4,Oily,rule,2.0,4.8,0.8643145546088338
mask,0.5,4,Oily,learned,0.0,6.4,0.7695261902392829
mask,0.5,4,Oily,learned,0.2,4.6,0.9216017310213245
mask,0.5,4,Oily,learned,0.4,4.5,0.9216017310213245
mask,0.5,4,Oily,learned,0.6,4.5,0.9216017310213245
mask,0.5,4,Oily,learned,0.9,5.2,0.9216017310213245
mask,0.5,4,Oily,learned,1.3,5.4,0.9216017310213245
mask,0.5,4,Oily,learned,2.0,5.4,0.9266360779006398
mask,0.5,4,Oily,hybrid,0.0,6.4,0.7695261902392829
mask,0.5,4,Oily,hybrid,0.2,3.8,0.9266360779006398
mask,0.5,4,Oily,hybrid,0.4,4.0,0.9266360779006398
mask,0.5,4,Oily,hybrid,0.6,4.3,0.9266360779006398
mask,0.5,4,Oily,hybrid,0.9,4.3,0.9305687780632227
mask,0.5,4,Oily,hybrid,1.3,5.1,0.933745776545611
mask,0.5,4,Oily,hybrid,2.0,5.8,1.0
mask,0.5,4,Sensitive,oracle,0.0,11.6,1.0
mask,0.5,4,Sensitive,oracle,0.2,3.4,0.9052116356304493
mask,0.5,4,Sensitive,oracle,0.4,3.2,0.9052116356304493
mask,0.5,4,Sensitive,oracle,0.6,3.1,0.9052116356304493
mask,0.5,4,Sensitive,oracle,0.9,3.0,0.9052116356304493
mask,0.5,4,Sensitive,oracle,1.3,3.0,0.9052116356304493
mask,0.5,4,Sensitive,oracle,2.0,3.0,0.9052116356304493
mask,0.5,4,Sensitive,rule,0.0,11.6,1.0
mask,0.5,4,Sensitive,rule,0.2,4.3,0.9305687780632227
mask,0.5,4,Sensitive,rule,0.4,4.2,1.0
mask,0.5,4,Sensitive,rule,0.6,4.1,1.0
mask,0.5,4,Sensitive,rule,0.9,5.0,0.9266360779006398
mask,0.5,4,Sensitive,rule,1.3,5.2,0.9216017310213245
mask,0.5,4,Sensitive,rule,2.0,5.1,0.8579809428223729
mask,0.5,4,Sensitive,learned,0.0,11.6,1.0
mask,0.5,4,Sensitive,learned,0.2,4.7,0.6816604510406281
mask,0.5,4,Sensitive,learned,0.4,5.4,0.7315449642824575
mask,0.5,4,Sensitive,learned,0.6,5.5,0.7951657524814092
mask,0.5,4,Sensitive,learned,0.9,4.9,0.8200685179888283
mask,0.5,4,Sensitive,learned,1.3,5.3,0.8200685179888283
mask,0.5,4,Sensitive,learned,2.0,5.2,0.8200685179888283
mask,0.5,4,Sensitive,hybrid,0.0,11.6,1.0
mask,0.5,4,Sensitive,hybrid,0.2,4.5,0.6293644814585829
mask,0.5,4,Sensitive,hybrid,0.4,4.2,0.7289115290270202
mask,0.5,4,Sensitive,hybrid,0.6,4.2,0.7315449642824575
mask,0.5,4,Sensitive,hybrid,0.9,4.7,0.7951657524814092
mask,0.5,4,Sensitive,hybrid,1.3,4.7,0.8200685179888283
mask,0.5,4,Sensitive,hybrid,2.0,4.7,0.8482378089219645
mask,0.75,0,Combination,oracle,0.0,10.8,1.0
mask,0.75,0,Combination,oracle,0.2,3.0,0.8643145546088338
mask,0.75,0,Combination,oracle,0.4,3.0,0.8643145546088338
mask,0.75,0,Combination,oracle,0.6,3.0,0.8643145546088338
mask,0.75,0,Combination,oracle,0.9,3.0,0.8643145546088338
mask,0.75,0,Combination,oracle,1.3,3.0,0.8643145546088338
mask,0.75,0,Combination,oracle,2.0,3.0,0.8643145546088338
mask,0.75,0,Combination,rule,0.0,10.8,1.0
mask,0.75,0,Combination,rule,0.2,4.8,0.8643145546088338
mask,0.75,0,Combination,rule,0.4,4.8,0.8643145546088338
mask,0.75,0,Combination,rule,0.6,4.8,0.8643145546088338
mask,0.75,0,Combination,rule,0.9,4.8,0.8643145546088338
mask,0.75,0,Combination,rule,1.3,4.8,0.8643145546088338
mask,0.75,0,Combination,rule,2.0,4.8,0.8643145546088338
mask,0.75,0,Combination,learned,0.0,10.8,1.0
mask,0.75,0,Combination,learned,0.2,4.6,0.685119869332369
mask,0.75,0,Combination,learned,0.4,4.7,0.5481351590340573
mask,0.75,0,Combination,learned,0.6,5.4,0.4990267326507382
mask,0.75,0,Combination,learned,0.9,5.4,0.4228506620510153
mask,0.75,0,Combination,learned,1.3,5.4,0.41310752815060686
mask,0.75,0,Combination,learned,2.0,5.4,0.41310752815060686
mask,0.75,0,Combination,hybrid,0.0,10.8,1.0
mask,0.75,0,Combination,hybrid,0.2,4.6,0.6749359875559983
mask,0.75,0,Combination,hybrid,0.4,4.5,0.5619107241149829
mask,0.75,0,Combination,hybrid,0.6,4.4,0.4886446891881014
mask,0.75,0,Combination,hybrid,0.9,4.4,0.4662774717636409
mask,0.75,0,Combination,hybrid,1.3,5.1,0.4595326231006953
mask,0.75,0,Combination,hybrid,2.0,5.1,0.4595326231006953
mask,0.75,0,Dry,oracle,0.0,11.9,0.8572048559638626
mask,0.75,0,Dry,oracle,0.2,3.0,0.84860265890399
mask,0.75,0,Dry,oracle,0.4,3.0,0.84860265890399
mask,0.75,0,Dry,oracle,0.6,3.0,0.84860265890399
mask,0.75,0,Dry,oracle,0.9,3.0,0.84860265890399
mask,0.75,0,Dry,oracle,1.3,3.0,0.84860265890399
mask,0.75,0,Dry,oracle,2.0,3.0,0.84860265890399
mask,0.75,0,Dry,rule,0.0,11.9,0.8572048559638626
mask,0.75,0,Dry,rule,0.2,5.1,0.7538142945344393
mask,0.75,0,Dry,rule,0.4,5.1,0.7538142945344393
mask,0.75,0,Dry,rule,0.6,5.1,0.7538142945344393
mask,0.75,0,Dry,rule,0.9,5.1,0.7538142945344393
mask,0.75,0,Dry,rule,1.3,5.1,0.7538142945344393
mask,0.75,0,Dry,rule,2.0,5.1,0.7538142945344393
mask,0.75,0,Dry,learned,0.0,11.9,0.8572048559638626
mask,0.75,0,Dry,learned,0.2,4.2,0.5469356251448461
mask,0.75,0,Dry,learned,0.4,4.1,0.4295955107139609
mask,0.75,0,Dry,learned,0.6,4.0,0.42696207545852366
mask,0.75,0,Dry,learned,0.9,4.0,0.42696207545852366
mask,0.75,0,Dry,learned,1.3,4.0,0.42302937529594087
mask,0.75,0,Dry,learned,2.0,4.1,0.4256628105513781
mask,0.75,0,Dry,hybrid,0.0,11.9,0.8572048559638626
mask,0.75,0,Dry,hybrid,0.2,4.4,0.6812060741152737
mask,0.75,0,Dry,hybrid,0.4,4.1,0.5365535816822093
mask,0.75,0,Dry,hybrid,0.6,4.0,0.5333765831998211
mask,0.75,0,Dry,hybrid,0.9,4.0,0.44821456061271253
mask,0.75,0,Dry,hybrid,1.3,4.0,0.436889741995806
mask,0.75,0,Dry,hybrid,2.0,4.0,0.44006674047819433
mask,0.75,0,Normal,oracle,0.0,12.1,0.685119869332369
mask,0.75,0,Normal,oracle,0.2,3.0,0.8701249883466594
mask,0.75,0,Normal,oracle,0.4,3.0,0.8701249883466594
mask,0.75,0,Normal,oracle,0.6,3.0,0.8701249883466594
mask,0.75,0,Normal,oracle,0.9,3.0,0.8701249883466594
mask,0.75,0,Normal,oracle,1.3,3.0,0.8701249883466594
mask,0.75,0,Normal,oracle,2.0,3.0,0.8701249883466594
mask,0.75,0,Normal,rule,0.0,12.1,0.685119869332369
mask,0.75,0,Normal,rule,0.2,3.6,0.6840182226156365
mask,0.75,0,Normal,rule,0.4,3.6,0.6840182226156365
mask,0.75,0,Normal,rule,0.6,3.6,0.6840182226156365
mask,0.75,0,Normal,rule,0.9,3.6,0.6840182226156365
mask,0.75,0,Normal,rule,1.3,3.6,0.6840182226156365
mask,0.75,0,Normal,rule,2.0,3.6,0.6840182226156365
mask,0.75,0,Normal,learned,0.0,12.1,0.685119869332369
mask,0.75,0,Normal,learned,0.2,4.2,0.48647145024996696
mask,0.75,0,Normal,learned,0.4,4.2,0.4932162989129126
mask,0.75,0,Normal,learned,0.6,4.2,0.4932162989129126
mask,0.75,0,Normal,learned,0.9,4.4,0.4295955107139609
mask,0.75,0,Normal,learned,1.3,4.4,0.4256628105513781
mask,0.75,0,Normal,learned,2.0,4.4,0.4189179618884325
mask,0.75,0,Normal,hybrid,0.0,12.1,0.685119869332369
mask,0.75,0,Normal,hybrid,0.2,4.3,0.6028078051365984
mask,0.75,0,Normal,hybrid,0.4,4.3,0.6028078051365984
mask,0.75,0,Normal,hybrid,0.6,4.9,0.544221363816962
mask,0.75,0,Normal,hybrid,0.9,4.4,0.477967140362573
mask,0.75,0,Normal,hybrid,1.3,4.4,0.477967140362573
mask,0.75,0,Normal,hybrid,2.0,4.4,0.5415879285615247
mask,0.75,0,Oily,oracle,0.0,9.3,0.6410457898283652
mask,0.75,0,Oily,oracle,0.2,3.2,0.7479350596733328
mask,0.75,0,Oily,oracle,0.4,3.2,0.7479350596733328
mask,0.75,0,Oily,oracle,0.6,3.1,0.8115558478722845
mask,0.75,0,Oily,oracle,0.9,3.0,0.7479350596733328
mask,0.75,0,Oily,oracle,1.3,3.0,0.7479350596733328
mask,0.75,0,Oily,oracle,2.0,3.0,0.7479350596733328
mask,0.75,0,Oily,rule,0.0,9.3,0.6410457898283652
mask,0.75,0,Oily,rule,0.2,3.7,0.4705561169627618
mask,0.75,0,Oily,rule,0.4,3.9,0.5399873388995391
mask,0.75,0,Oily,rule,0.6,3.7,0.5341769051617135
mask,0.75,0,Oily,rule,0.9,3.6,0.5341769051617135
mask,0.75,0,Oily,rule,1.3,3.6,0.5341769051617135
mask,0.75,0,Oily,rule,2.0,3.6,0.5341769051617135
mask,0.75,0,Oily,learned,0.0,9.3,0.6410457898283652
mask,0.75,0,Oily,learned,0.2,4.7,0.20248323207250618
mask,0.75,0,Oily,learned,0.4,4.8,0.1388624438735545
mask,0.75,0,Oily,learned,0.6,4.7,0.1388624438735545
mask,0.75,0,Oily,learned,0.9,4.8,0.26873745552689515
mask,0.75,0,Oily,learned,1.3,4.5,0.2808815010511816
mask,0.75,0,Oily,learned,2.0,4.3,0.3125291152215463
mask,0.75,0,Oily,hybrid,0.0,9.3,0.6410457898283652
mask,0.75,0,Oily,hybrid,0.2,4.3,0.20323893375270075
mask,0.75,0,Oily,hybrid,0.4,4.5,0.19930623359011795
mask,0.75,0,Oily,hybrid,0.6,4.9,0.13305201013572898
mask,0.75,0,Oily,hybrid,0.9,4.5,0.15176219107803549
mask,0.75,0,Oily,hybrid,1.3,4.8,0.2940945979596687
mask,0.75,0,Oily,hybrid,2.0,4.3,0.35294615824339615
mask,0.75,0,Sensitive,oracle,0.0,13.7,0.8899541168509599
mask,0.75,0,Sensitive,oracle,0.2,3.7,0.835780413693672
mask,0.75,0,Sensitive,oracle,0.4,3.3,0.835780413693672
mask,0.75,0,Sensitive,oracle,0.6,3.1,0.8415908474314976
mask,0.75,0,Sensitive,oracle,0.9,3.1,0.8415908474314976
mask,0.75,0,Sensitive,oracle,1.3,3.0,0.7753366239771086
mask,0.75,0,Sensitive,oracle,2.0,3.0,0.7753366239771086
mask,0.75,0,Sensitive,rule,0.0,13.7,0.8899541168509599
mask,0.75,0,Sensitive,rule,0.2,7.7,0.8236998933965709
mask,0.75,0,Sensitive,rule,0.4,7.2,0.8899541168509599
mask,0.75,0,Sensitive,rule,0.6,8.3,0.8899541168509599
mask,0.75,0,Sensitive,rule,0.9,6.6,0.7600791051976192
mask,0.75,0,Sensitive,rule,1.3,6.6,0.7600791051976192
mask,0.75,0,Sensitive,rule,2.0,6.6,0.7600791051976192
mask,0.75,0,Sensitive,learned,0.0,13.7,0.8899541168509599
mask,0.75,0,Sensitive,learned,0.2,4.6,0.6378891765242928
mask,0.75,0,Sensitive,learned,0.4,4.2,0.5404673768993047
mask,0.75,0,Sensitive,learned,0.6,3.6,0.4228506620510153
mask,0.75,0,Sensitive,learned,0.9,4.2,0.48253875008738417
mask,0.75,0,Sensitive,learned,1.3,3.6,0.4526016377006498
mask,0.75,0,Sensitive,learned,2.0,3.6,0.4526016377006498
mask,0.75,0,Sensitive,hybrid,0.0,13.7,0.8899541168509599
mask,0.75,0,Sensitive,hybrid,0.2,4.6,0.7015099647232445
mask,0.75,0,Sensitive,hybrid,0.4,4.2,0.6371130896657824
mask,0.75,0,Sensitive,hybrid,0.6,4.2,0.5501126236272345
mask,0.75,0,Sensitive,hybrid,0.9,4.2,0.5337225282363591
mask,0.75,0,Sensitive,hybrid,1.3,3.6,0.521098444712307
mask,0.75,0,Sensitive,hybrid,2.0,3.6,0.50881976272894
mask,0.75,1,Combination,oracle,0.0,9.1,0.8115558478722845
mask,0.75,1,Combination,oracle,0.2,3.0,0.933745776545611
mask,0.75,1,Combination,oracle,0.4,3.0,0.933745776545611
mask,0.75,1,Combination,oracle,0.6,3.0,0.933745776545611
mask,0.75,1,Combination,oracle,0.9,3.0,0.933745776545611
mask,0.75,1,Combination,oracle,1.3,3.0,0.933745776545611
mask,0.75,1,Combination,oracle,2.0,3.0,0.933745776545611
mask,0.75,1,Combination,rule,0.0,9.1,0.8115558478722845
mask,0.75,1,Combination,rule,0.2,4.2,0.9363792118010483
mask,0.75,1,Combination,rule,0.4,4.2,0.9363792118010483
mask,0.75,1,Combination,rule,0.6,4.2,0.9363792118010483
mask,0.75,1,Combination,rule,0.9,4.2,0.9363792118010483
mask,0.75,1,Combination,rule,1.3,4.2,0.9363792118010483
mask,0.75,1,Combination,rule,2.0,4.2,0.9363792118010483
mask,0.75,1,Combination,learned,0.0,9.1,0.8115558478722845
mask,0.75,1,Combination,learned,0.2,6.0,1.0
mask,0.75,1,Combination,learned,0.4,5.8,0.914856882358379
mask,0.75,1,Combination,learned,0.6,5.8,0.7799082337019198
mask,0.75,1,Combination,learned,0.9,6.4,0.7136540102475308
mask,0.75,1,Combination,learned,1.3,6.3,0.6500332220485792
mask,0.75,1,Combination,learned,2.0,6.3,0.6500332220485792
mask,0.75,1,Combination,hybrid,0.0,9.1,0.8115558478722845
mask,0.75,1,Combination,hybrid,0.2,6.0,1.0
mask,0.75,1,Combination,hybrid,0.4,5.8,0.933745776545611
mask,0.75,1,Combination,hybrid,0.6,5.8,0.914856882358379
mask,0.75,1,Combination,hybrid,0.9,6.4,0.7136540102475308
mask,0.75,1,Combination,hybrid,1.3,6.3,0.6500332220485792
mask,0.75,1,Combination,hybrid,2.0,6.3,0.6500332220485792
mask,0.75,1,Dry,oracle,0.0,9.6,1.0
mask,0.75,1,Dry,oracle,0.2,3.2,0.8454256604216017
mask,0.75,1,Dry,oracle,0.4,3.0,0.8454256604216017
mask,0.75,1,Dry,oracle,0.6,3.0,0.8454256604216017
mask,0.75,1,Dry,oracle,0.9,3.0,0.8454256604216017
mask,0.75,1,Dry,oracle,1.3,3.0,0.8454256604216017
mask,0.75,1,Dry,oracle,2.0,3.0,0.8454256604216017
mask,0.75,1,Dry,rule,0.0,9.6,1.0
mask,0.75,1,Dry,rule,0.2,7.4,0.8521705090845473
mask,0.75,1,Dry,rule,0.4,7.2,0.8521705090845473
mask,0.75,1,Dry,rule,0.6,7.2,0.8521705090845473
mask,0.75,1,Dry,rule,0.9,7.2,0.8521705090845473
mask,0.75,1,Dry,rule,1.3,7.2,0.8521705090845473
mask,0.75,1,Dry,rule,2.0,7.2,0.8521705090845473
mask,0.75,1,Dry,learned,0.0,9.6,1.0
mask,0.75,1,Dry,learned,0.2,5.0,0.7162874455029681
mask,0.75,1,Dry,learned,0.4,4.8,0.7799082337019198
mask,0.75,1,Dry,learned,0.6,5.5,0.7799082337019198
mask,0.75,1,Dry,learned,0.9,5.5,0.7799082337019198
mask,0.75,1,Dry,learned,1.3,5.5,0.7799082337019198
mask,0.75,1,Dry,learned,2.0,5.5,0.7799082337019198
mask,0.75,1,Dry,hybrid,0.0,9.6,1.0
mask,0.75,1,Dry,hybrid,0.2,5.0,0.7162874455029681
mask,0.75,1,Dry,hybrid,0.4,4.8,0.7799082337019198
mask,0.75,1,Dry,hybrid,0.6,5.5,0.7799082337019198
mask,0.75,1,Dry,hybrid,0.9,5.5,0.7799082337019198
mask,0.75,1,Dry,hybrid,1.3,5.5,0.7799082337019198
mask,0.75,1,Dry,hybrid,2.0,5.5,0.7799082337019198
mask,0.75,1,Normal,oracle,0.0,9.6,0.7799082337019198
mask,0.75,1,Normal,oracle,0.2,3.0,0.9266360779006398
mask,0.75,1,Normal,oracle,0.4,3.0,0.9266360779006398
mask,0.75,1,Normal,oracle,0.6,3.0,0.9266360779006398
mask,0.75,1,Normal,oracle,0.9,3.0,0.9266360779006398
mask,0.75,1,Normal,oracle,1.3,3.0,0.9266360779006398
mask,0.75,1,Normal,oracle,2.0,3.0,0.9266360779006398
mask,0.75,1,Normal,rule,0.0,9.6,0.7799082337019198
mask,0.75,1,Normal,rule,0.2,4.8,0.8553475075669357
mask,0.75,1,Normal,rule,0.4,4.8,0.8553475075669357
mask,0.75,1,Normal,rule,0.6,4.8,0.8553475075669357
mask,0.75,1,Normal,rule,0.9,4.8,0.8553475075669357
mask,0.75,1,Normal,rule,1.3,4.8,0.8553475075669357
mask,0.75,1,Normal,rule,2.0,4.8,0.8553475075669357
mask,0.75,1,Normal,learned,0.0,9.6,0.7799082337019198
mask,0.75,1,Normal,learned,0.2,5.6,0.7136540102475308
mask,0.75,1,Normal,learned,0.4,5.7,0.7104770117651424
mask,0.75,1,Normal,learned,0.6,5.8,0.6371130896657824
mask,0.75,1,Normal,learned,0.9,5.8,0.5716145678915879
mask,0.75,1,Normal,learned,1.3,6.0,0.5716145678915879
mask,0.75,1,Normal,learned,2.0,6.1,0.505360344437199
mask,0.75,1,Normal,hybrid,0.0,9.6,0.7799082337019198
mask,0.75,1,Normal,hybrid,0.2,5.6,0.84860265890399
mask,0.75,1,Normal,hybrid,0.4,5.6,0.7104770117651424
mask,0.75,1,Normal,hybrid,0.6,5.6,0.7065443116025597
mask,0.75,1,Normal,hybrid,0.9,5.8,0.6371130896657824
mask,0.75,1,Normal,hybrid,1.3,5.8,0.6004311286161024
mask,0.75,1,Normal,hybrid,2.0,6.1,0.5716145678915879
mask,0.75,1,Oily,oracle,0.0,9.7,0.7721596254947203
mask,0.75,1,Oily,oracle,0.2,3.3,0.7479350596733328
mask,0.75,1,Oily,oracle,0.4,3.3,0.756902106715231
mask,0.75,1,Oily,oracle,0.6,3.1,0.7600791051976192
mask,0.75,1,Oily,oracle,0.9,3.0,0.8236998933965709
mask,0.75,1,Oily,oracle,1.3,3.0,0.8236998933965709
mask,0.75,1,Oily,oracle,2.0,3.0,0.8236998933965709
mask,0.75,1,Oily,rule,0.0,9.7,0.7721596254947203
mask,0.75,1,Oily,rule,0.2,7.8,0.7100226348397881
mask,0.75,1,Oily,rule,0.4,7.8,0.7100226348397881
mask,0.75,1,Oily,rule,0.6,7.8,0.7100226348397881
mask,0.75,1,Oily,rule,0.9,7.8,0.7100226348397881
mask,0.75,1,Oily,rule,1.3,7.8,0.7100226348397881
mask,0.75,1,Oily,rule,2.0,7.8,0.7100226348397881
mask,0.75,1,Oily,learned,0.0,9.7,0.7721596254947203
mask,0.75,1,Oily,learned,0.2,5.5,0.7917063341896682
mask,0.75,1,Oily,learned,0.4,5.5,0.8454256604216017
mask,0.75,1,Oily,learned,0.6,5.9,0.8454256604216017
mask,0.75,1,Oily,learned,0.9,5.4,0.84860265890399
mask,0.75,1,Oily,learned,1.3,5.6,0.7846170207230129
mask,0.75,1,Oily,learned,2.0,5.6,0.642923523403608
mask,0.75,1,Oily,hybrid,0.0,9.7,0.7721596254947203
mask,0.75,1,Oily,hybrid,0.2,5.5,0.7917063341896682
mask,0.75,1,Oily,hybrid,0.4,5.5,0.8454256604216017
mask,0.75,1,Oily,hybrid,0.6,5.4,0.8454256604216017
mask,0.75,1,Oily,hybrid,0.9,5.4,0.84860265890399
mask,0.75,1,Oily,hybrid,1.3,5.6,0.791726719367984
mask,0.75,1,Oily,hybrid,2.0,5.6,0.7846170207230129
mask,0.75,1,Sensitive,oracle,0.0,11.8,0.7411902110103872
mask,0.75,1,Sensitive,oracle,0.2,3.6,0.8364586133797036
mask,0.75,1,Sensitive,oracle,0.4,3.5,0.8572048559638626
mask,0.75,1,Sensitive,oracle,0.6,3.4,0.7859162856301584
mask,0.75,1,Sensitive,oracle,0.9,3.1,0.9216017310213245
mask,0.75,1,Sensitive,oracle,1.3,3.0,0.8579809428223729
mask,0.75,1,Sensitive,oracle,2.0,3.0,0.8579809428223729
mask,0.75,1,Sensitive,rule,0.0,11.8,0.7411902110103872
mask,0.75,1,Sensitive,rule,0.2,8.0,0.9363792118010483
mask,0.75,1,Sensitive,rule,0.4,8.7,0.9363792118010483
mask,0.75,1,Sensitive,rule,0.6,8.7,0.9363792118010483
mask,0.75,1,Sensitive,rule,0.9,8.7,0.9363792118010483
mask,0.75,1,Sensitive,rule,1.3,8.7,0.9363792118010483
mask,0.75,1,Sensitive,rule,2.0,8.7,0.9363792118010483
mask,0.75,1,Sensitive,learned,0.0,11.8,0.7411902110103872
mask,0.75,1,Sensitive,learned,0.2,4.8,0.9363792118010483
mask,0.75,1,Sensitive,learned,0.4,5.9,1.0
mask,0.75,1,Sensitive,learned,0.6,4.7,1.0
mask,0.75,1,Sensitive,learned,0.9,4.7,1.0
mask,0.75,1,Sensitive,learned,1.3,4.7,1.0
mask,0.75,1,Sensitive,learned,2.0,5.0,0.9363792118010483
mask,0.75,1,Sensitive,hybrid,0.0,11.8,0.7411902110103872
mask,0.75,1,Sensitive,hybrid,0.2,4.8,0.9363792118010483
mask,0.75,1,Sensitive,hybrid,0.4,5.9,1.0
mask,0.75,1,Sensitive,hybrid,0.6,4.7,1.0
mask,0.75,1,Sensitive,hybrid,0.9,4.7,1.0
mask,0.75,1,Sensitive,hybrid,1.3,4.7,1.0
mask,0.75,1,Sensitive,hybrid,2.0,5.0,0.9363792118010483
mask,0.75,2,Combination,oracle,0.0,12.8,0.8643145546088338
mask,0.75,2,Combination,oracle,0.2,3.0,0.6281460426238843
mask,0.75,2,Combination,oracle,0.4,3.0,0.6281460426238843
mask,0.75,2,Combination,oracle,0.6,3.0,0.6281460426238843
mask,0.75,2,Combination,oracle,0.9,3.0,0.6281460426238843
mask,0.75,2,Combination,oracle,1.3,3.0,0.6281460426238843
mask,0.75,2,Combination,oracle,2.0,3.0,0.6281460426238843
mask,0.75,2,Combination,rule,0.0,12.8,0.8643145546088338
mask,0.75,2,Combination,rule,0.2,6.3,0.7381919257729244
mask,0.75,2,Combination,rule,0.4,6.3,0.7381919257729244
mask,0.75,2,Combination,rule,0.6,6.3,0.7381919257729244
mask,0.75,2,Combination,rule,0.9,6.3,0.7381919257729244
mask,0.75,2,Combination,rule,1.3,6.3,0.7381919257729244
mask,0.75,2,Combination,rule,2.0,6.3,0.7381919257729244
mask,0.75,2,Combination,learned,0.0,12.8,0.8643145546088338
mask,0.75,2,Combination,learned,0.2,6.2,0.6366587127404281
mask,0.75,2,Combination,learned,0.4,6.1,0.6078421520159136
mask,0.75,2,Combination,learned,0.6,6.4,0.5925846332364243
mask,0.75,2,Combination,learned,0.9,6.3,0.5925846332364243
mask,0.75,2,Combination,learned,1.3,6.3,0.5996943318813954
mask,0.75,2,Combination,learned,2.0,6.0,0.6114735274236563
mask,0.75,2,Combination,hybrid,0.0,12.8,0.8643145546088338
mask,0.75,2,Combination,hybrid,0.2,5.8,0.5925846332364243
mask,0.75,2,Combination,hybrid,0.4,6.1,0.587550286357109
mask,0.75,2,Combination,hybrid,0.6,7.3,0.52129606290272
mask,0.75,2,Combination,hybrid,0.9,5.8,0.5357086937004182
mask,0.75,2,Combination,hybrid,1.3,5.7,0.47842151728792737
mask,0.75,2,Combination,hybrid,2.0,5.3,0.46945447024602927
mask,0.75,2,Dry,oracle,0.0,10.1,0.9363792118010483
mask,0.75,2,Dry,oracle,0.2,3.7,0.7759944384848245
mask,0.75,2,Dry,oracle,0.4,3.5,0.6929852696575346
mask,0.75,2,Dry,oracle,0.6,3.4,0.6929852696575346
mask,0.75,2,Dry,oracle,0.9,3.2,0.6293644814585829
mask,0.75,2,Dry,oracle,1.3,3.1,0.6929852696575346
mask,0.75,2,Dry,oracle,2.0,3.0,0.6929852696575346
mask,0.75,2,Dry,rule,0.0,10.1,0.9363792118010483
mask,0.75,2,Dry,rule,0.2,10.8,0.7759944384848245
mask,0.75,2,Dry,rule,0.4,10.8,0.7759944384848245
mask,0.75,2,Dry,rule,0.6,10.8,0.7759944384848245
mask,0.75,2,Dry,rule,0.9,10.8,0.7759944384848245
mask,0.75,2,Dry,rule,1.3,10.8,0.7759944384848245
mask,0.75,2,Dry,rule,2.0,10.8,0.7759944384848245
mask,0.75,2,Dry,learned,0.0,10.1,0.9363792118010483
mask,0.75,2,Dry,learned,0.2,9.3,0.9052116356304493
mask,0.75,2,Dry,learned,0.4,9.3,0.9216017310213245
mask,0.75,2,Dry,learned,0.6,9.1,0.8521705090845473
mask,0.75,2,Dry,learned,0.9,9.1,0.8482378089219645
mask,0.75,2,Dry,learned,1.3,7.6,0.8482378089219645
mask,0.75,2,Dry,learned,2.0,7.0,0.835780413693672
mask,0.75,2,Dry,hybrid,0.0,10.1,0.9363792118010483
mask,0.75,2,Dry,hybrid,0.2,9.3,0.8611375561264455
mask,0.75,2,Dry,hybrid,0.4,9.4,0.8611375561264455
mask,0.75,2,Dry,hybrid,0.6,8.4,0.8611375561264455
mask,0.75,2,Dry,hybrid,0.9,8.2,0.8263333286520083
mask,0.75,2,Dry,hybrid,1.3,7.7,0.7753366239771086
mask,0.75,2,Dry,hybrid,2.0,7.7,0.77523873680463
mask,0.75,2,Normal,oracle,0.0,9.9,0.9363792118010483
mask,0.75,2,Normal,oracle,0.2,3.2,0.7917063341896682
mask,0.75,2,Normal,oracle,0.4,3.0,0.7280855459907165
mask,0.75,2,Normal,oracle,0.6,3.0,0.7280855459907165
mask,0.75,2,Normal,oracle,0.9,3.0,0.7280855459907165
mask,0.75,2,Normal,oracle,1.3,3.0,0.7280855459907165
mask,0.75,2,Normal,oracle,2.0,3.0,0.7280855459907165
mask,0.75,2,Normal,rule,0.0,9.9,0.9363792118010483
mask,0.75,2,Normal,rule,0.2,10.2,0.9052116356304493
mask,0.75,2,Normal,rule,0.4,10.2,0.9052116356304493
mask,0.75,2,Normal,rule,0.6,10.2,0.9052116356304493
mask,0.75,2,Normal,rule,0.9,10.2,0.9052116356304493
mask,0.75,2,Normal,rule,1.3,10.2,0.9052116356304493
mask,0.75,2,Normal,rule,2.0,10.2,0.9052116356304493
mask,0.75,2,Normal,learned,0.0,9.9,0.9363792118010483
mask,0.75,2,Normal,learned,0.2,7.0,0.8048109992093389
mask,0.75,2,Normal,learned,0.4,7.1,0.7479350596733328
mask,0.75,2,Normal,learned,0.6,7.1,0.8115558478722845
mask,0.75,2,Normal,learned,0.9,7.1,0.8115558478722845
mask,0.75,2,Normal,learned,1.3,7.1,0.8205228949141826
mask,0.75,2,Normal,learned,2.0,7.1,0.835780413693672
mask,0.75,2,Normal,hybrid,0.0,9.9,0.9363792118010483
mask,0.75,2,Normal,hybrid,0.2,7.7,0.6848374495230164
mask,0.75,2,Normal,hybrid,0.4,7.7,0.7167674835027338
mask,0.75,2,Normal,hybrid,0.6,7.6,0.7167674835027338
mask,0.75,2,Normal,hybrid,0.9,7.6,0.7100226348397881
mask,0.75,2,Normal,hybrid,1.3,7.6,0.5769706247040591
mask,0.75,2,Normal,hybrid,2.0,8.1,0.5621931439243355
mask,0.75,2,Oily,oracle,0.0,13.2,0.7624164915943118
mask,0.75,2,Oily,oracle,0.2,3.2,0.8415908474314976
mask,0.75,2,Oily,oracle,0.4,3.1,0.8389574121760602
mask,0.75,2,Oily,oracle,0.6,3.0,0.7753366239771086
mask,0.75,2,Oily,oracle,0.9,3.0,0.7753366239771086
mask,0.75,2,Oily,oracle,1.3,3.0,0.7753366239771086
mask,0.75,2,Oily,oracle,2.0,3.0,0.7753366239771086
mask,0.75,2,Oily,rule,0.0,13.2,0.7624164915943118
mask,0.75,2,Oily,rule,0.2,8.1,0.8899541168509599
mask,0.75,2,Oily,rule,0.4,8.1,0.8899541168509599
mask,0.75,2,Oily,rule,0.6,8.1,0.8899541168509599
mask,0.75,2,Oily,rule,0.9,8.1,0.8899541168509599
mask,0.75,2,Oily,rule,1.3,8.1,0.8899541168509599
mask,0.75,2,Oily,rule,2.0,8.1,0.8899541168509599
mask,0.75,2,Oily,learned,0.0,13.2,0.7624164915943118
mask,0.75,2,Oily,learned,0.2,6.2,0.618519700841442
mask,0.75,2,Oily,learned,0.4,6.2,0.596517333399007
mask,0.75,2,Oily,learned,0.6,6.2,0.5996943318813954
mask,0.75,2,Oily,learned,0.9,5.7,0.6090726157997783
mask,0.75,2,Oily,learned,1.3,5.6,0.6032621820619527
mask,0.75,2,Oily,learned,2.0,5.6,0.5993294818993699
mask,0.75,2,Oily,hybrid,0.0,13.2,0.7624164915943118
mask,0.75,2,Oily,hybrid,0.2,5.9,0.6316243658611127
mask,0.75,2,Oily,hybrid,0.4,6.0,0.6028078051365984
mask,0.75,2,Oily,hybrid,0.6,6.0,0.6078421520159136
mask,0.75,2,Oily,hybrid,0.9,6.0,0.6149518506608848
mask,0.75,2,Oily,hybrid,1.3,5.9,0.624232247406789
mask,0.75,2,Oily,hybrid,2.0,5.9,0.6145870006788593
mask,0.75,2,Sensitive,oracle,0.0,8.5,0.8414929602590189
mask,0.75,2,Sensitive,oracle,0.2,3.2,1.0
mask,0.75,2,Sensitive,oracle,0.4,3.2,1.0
mask,0.75,2,Sensitive,oracle,0.6,3.2,1.0
mask,0.75,2,Sensitive,oracle,0.9,3.0,0.8701249883466594
mask,0.75,2,Sensitive,oracle,1.3,3.0,0.8701249883466594
mask,0.75,2,Sensitive,oracle,2.0,3.0,0.8701249883466594
mask,0.75,2,Sensitive,rule,0.0,8.5,0.8414929602590189
mask,0.75,2,Sensitive,rule,0.2,8.9,0.8701249883466594
mask,0.75,2,Sensitive,rule,0.4,8.9,0.8701249883466594
mask,0.75,2,Sensitive,rule,0.6,8.5,0.8701249883466594
mask,0.75,2,Sensitive,rule,0.9,8.1,0.933745776545611
mask,0.75,2,Sensitive,rule,1.3,8.1,0.933745776545611
mask,0.75,2,Sensitive,rule,2.0,8.1,0.933745776545611
mask,0.75,2,Sensitive,learned,0.0,8.5,0.8414929602590189
mask,0.75,2,Sensitive,learned,0.2,6.9,0.8899541168509599
mask,0.75,2,Sensitive,learned,0.4,6.9,0.8899541168509599
mask,0.75,2,Sensitive,learned,0.6,6.9,0.8899541168509599
mask,0.75,2,Sensitive,learned,0.9,7.4,0.8899541168509599
mask,0.75,2,Sensitive,learned,1.3,8.0,0.8899541168509599
mask,0.75,2,Sensitive,learned,2.0,8.3,0.8512360941594274
mask,0.75,2,Sensitive,hybrid,0.0,8.5,0.8414929602590189
mask,0.75,2,Sensitive,hybrid,0.2,6.9,0.8899541168509599
mask,0.75,2,Sensitive,hybrid,0.4,6.9,0.8899541168509599
mask,0.75,2,Sensitive,hybrid,0.6,6.9,0.8899541168509599
mask,0.75,2,Sensitive,hybrid,0.9,7.0,0.8263333286520083
mask,0.75,2,Sensitive,hybrid,1.3,7.4,0.7600791051976192
mask,0.75,2,Sensitive,hybrid,2.0,7.4,0.7695261902392829
mask,0.75,3,Combination,oracle,0.0,9.5,0.7381919257729244
mask,0.75,3,Combination,oracle,0.2,3.0,1.0
mask,0.75,3,Combination,oracle,0.4,3.0,1.0
mask,0.75,3,Combination,oracle,0.6,3.0,1.0
mask,0.75,3,Combination,oracle,0.9,3.0,1.0
mask,0.75,3,Combination,oracle,1.3,3.0,1.0
mask,0.75,3,Combination,oracle,2.0,3.0,1.0
mask,0.75,3,Combination,rule,0.0,9.5,0.7381919257729244
mask,0.75,3,Combination,rule,0.2,5.4,1.0
mask,0.75,3,Combination,rule,0.4,5.4,1.0
mask,0.75,3,Combination,rule,0.6,5.4,1.0
mask,0.75,3,Combination,rule,0.9,5.4,1.0
mask,0.75,3,Combination,rule,1.3,5.4,1.0
mask,0.75,3,Combination,rule,2.0,5.4,1.0
mask,0.75,3,Combination,learned,0.0,9.5,0.7381919257729244
mask,0.75,3,Combination,learned,0.2,5.6,0.866947989864271
mask,0.75,3,Combination,learned,0.4,5.4,0.8630152897016883
mask,0.75,3,Combination,learned,0.6,5.0,0.914856882358379
mask,0.75,3,Combination,learned,0.9,4.5,0.9052116356304493
mask,0.75,3,Combination,learned,1.3,4.1,0.8236998933965709
mask,0.75,3,Combination,learned,2.0,4.1,0.8165901947515998
mask,0.75,3,Combination,hybrid,0.0,9.5,0.7381919257729244
mask,0.75,3,Combination,hybrid,0.2,4.7,0.8521705090845473
mask,0.75,3,Combination,hybrid,0.4,4.5,0.8482378089219645
mask,0.75,3,Combination,hybrid,0.6,4.5,0.84860265890399
mask,0.75,3,Combination,hybrid,0.9,4.5,0.8263333286520083
mask,0.75,3,Combination,hybrid,1.3,4.1,0.7917063341896682
mask,0.75,3,Combination,hybrid,2.0,4.1,0.7877736340270853
mask,0.75,3,Dry,oracle,0.0,8.7,0.8579809428223729
mask,0.75,3,Dry,oracle,0.2,3.4,0.9216017310213245
mask,0.75,3,Dry,oracle,0.4,3.3,0.8318477135310891
mask,0.75,3,Dry,oracle,0.6,3.0,0.8318477135310891
mask,0.75,3,Dry,oracle,0.9,3.0,0.8318477135310891
mask,0.75,3,Dry,oracle,1.3,3.0,0.8318477135310891
mask,0.75,3,Dry,oracle,2.0,3.0,0.8318477135310891
mask,0.75,3,Dry,rule,0.0,8.7,0.8579809428223729
mask,0.75,3,Dry,rule,0.2,5.9,0.8643145546088338
mask,0.75,3,Dry,rule,0.4,5.7,0.866947989864271
mask,0.75,3,Dry,rule,0.6,5.7,0.866947989864271
mask,0.75,3,Dry,rule,0.9,5.7,0.866947989864271
mask,0.75,3,Dry,rule,1.3,5.7,0.866947989864271
mask,0.75,3,Dry,rule,2.0,5.7,0.866947989864271
mask,0.75,3,Dry,learned,0.0,8.7,0.8579809428223729
mask,0.75,3,Dry,learned,0.2,5.4,0.8630152897016883
mask,0.75,3,Dry,learned,0.4,4.8,0.8701249883466594
mask,0.75,3,Dry,learned,0.6,4.8,0.84860265890399
mask,0.75,3,Dry,learned,0.9,4.8,0.8318477135310891
mask,0.75,3,Dry,learned,1.3,5.3,0.8205228949141826
mask,0.75,3,Dry,learned,2.0,5.0,0.7312625444731049
mask,0.75,3,Dry,hybrid,0.0,8.7,0.8579809428223729
mask,0.75,3,Dry,hybrid,0.2,4.2,0.8630152897016883
mask,0.75,3,Dry,hybrid,0.4,4.1,0.84860265890399
mask,0.75,3,Dry,hybrid,0.6,5.2,0.8263333286520083
mask,0.75,3,Dry,hybrid,0.9,5.2,0.8205228949141826
mask,0.75,3,Dry,hybrid,1.3,5.2,0.7948833326720566
mask,0.75,3,Dry,hybrid,2.0,5.2,0.7948833326720566
mask,0.75,3,Normal,oracle,0.0,8.4,0.933745776545611
mask,0.75,3,Normal,oracle,0.2,3.1,0.933745776545611
mask,0.75,3,Normal,oracle,0.4,3.0,0.8701249883466594
mask,0.75,3,Normal,oracle,0.6,3.0,0.8701249883466594
mask,0.75,3,Normal,oracle,0.9,3.0,0.8701249883466594
mask,0.75,3,Normal,oracle,1.3,3.0,0.8701249883466594
mask,0.75,3,Normal,oracle,2.0,3.0,0.8701249883466594
mask,0.75,3,Normal,rule,0.0,8.4,0.933745776545611
mask,0.75,3,Normal,rule,0.2,5.1,1.0
mask,0.75,3,Normal,rule,0.4,5.1,1.0
mask,0.75,3,Normal,rule,0.6,5.1,1.0
mask,0.75,3,Normal,rule,0.9,5.1,1.0
mask,0.75,3,Normal,rule,1.3,5.1,1.0
mask,0.75,3,Normal,rule,2.0,5.1,1.0
mask,0.75,3,Normal,learned,0.0,8.4,0.933745776545611
mask,0.75,3,Normal,learned,0.2,5.0,0.9216017310213245
mask,0.75,3,Normal,learned,0.4,5.0,0.8521705090845473
mask,0.75,3,Normal,learned,0.6,5.2,0.77523873680463
mask,0.75,3,Normal,learned,0.9,5.0,0.7605591431973849
mask,0.75,3,Normal,learned,1.3,5.0,0.6758704024811183
mask,0.75,3,Normal,learned,2.0,5.0,0.6651928536555898
mask,0.75,3,Normal,hybrid,0.0,8.4,0.933745776545611
mask,0.75,3,Normal,hybrid,0.2,4.7,1.0
mask,0.75,3,Normal,hybrid,0.4,4.3,0.8521705090845473
mask,0.75,3,Normal,hybrid,0.6,4.3,0.8268133666517739
mask,0.75,3,Normal,hybrid,0.9,4.6,0.8268133666517739
mask,0.75,3,Normal,hybrid,1.3,4.6,0.70937536504841
mask,0.75,3,Normal,hybrid,2.0,4.7,0.7026305163854644
mask,0.75,3,Oily,oracle,0.0,11.3,0.8611375561264455
mask,0.75,3,Oily,oracle,0.2,3.0,0.7948833326720566
mask,0.75,3,Oily,oracle,0.4,3.0,0.7948833326720566
mask,0.75,3,Oily,oracle,0.6,3.0,0.7948833326720566
mask,0.75,3,Oily,oracle,0.9,3.0,0.7948833326720566
mask,0.75,3,Oily,oracle,1.3,3.0,0.7948833326720566
mask,0.75,3,Oily,oracle,2.0,3.0,0.7948833326720566
mask,0.75,3,Oily,rule,0.0,11.3,0.8611375561264455
mask,0.75,3,Oily,rule,0.2,6.0,0.7917063341896682
mask,0.75,3,Oily,rule,0.4,6.0,0.7917063341896682
mask,0.75,3,Oily,rule,0.6,6.0,0.7917063341896682
mask,0.75,3,Oily,rule,0.9,6.0,0.7917063341896682
mask,0.75,3,Oily,rule,1.3,6.0,0.7917063341896682
mask,0.75,3,Oily,rule,2.0,6.0,0.7917063341896682
mask,0.75,3,Oily,learned,0.0,11.3,0.8611375561264455
mask,0.75,3,Oily,learned,0.2,4.9,0.8611375561264455
mask,0.75,3,Oily,learned,0.4,5.0,0.7948833326720566
mask,0.75,3,Oily,learned,0.6,4.9,0.8236998933965709
mask,0.75,3,Oily,learned,0.9,4.7,0.8236998933965709
mask,0.75,3,Oily,learned,1.3,4.3,0.756902106715231
mask,0.75,3,Oily,learned,2.0,4.3,0.7542686714597936
mask,0.75,3,Oily,hybrid,0.0,11.3,0.8611375561264455
mask,0.75,3,Oily,hybrid,0.2,4.0,0.7799082337019198
mask,0.75,3,Oily,hybrid,0.4,4.1,0.7065443116025597
mask,0.75,3,Oily,hybrid,0.6,4.4,0.7015099647232445
mask,0.75,3,Oily,hybrid,0.9,4.3,0.642923523403608
mask,0.75,3,Oily,hybrid,1.3,4.3,0.6371130896657824
mask,0.75,3,Oily,hybrid,2.0,4.3,0.6402900881481708
mask,0.75,3,Sensitive,oracle,0.0,9.9,0.7065443116025597
mask,0.75,3,Sensitive,oracle,0.2,3.3,1.0
mask,0.75,3,Sensitive,oracle,0.4,3.1,0.8701249883466594
mask,0.75,3,Sensitive,oracle,0.6,3.1,0.8643145546088338
mask,0.75,3,Sensitive,oracle,0.9,3.0,0.8006937664098821
mask,0.75,3,Sensitive,oracle,1.3,3.0,0.8006937664098821
mask,0.75,3,Sensitive,oracle,2.0,3.0,0.8006937664098821
mask,0.75,3,Sensitive,rule,0.0,9.9,0.7065443116025597
mask,0.75,3,Sensitive,rule,0.2,5.7,0.8318477135310891
mask,0.75,3,Sensitive,rule,0.4,6.0,0.7695261902392829
mask,0.75,3,Sensitive,rule,0.6,6.0,0.7695261902392829
mask,0.75,3,Sensitive,rule,0.9,6.0,0.7695261902392829
mask,0.75,3,Sensitive,rule,1.3,6.0,0.7695261902392829
mask,0.75,3,Sensitive,rule,2.0,6.0,0.7695261902392829
mask,0.75,3,Sensitive,learned,0.0,9.9,0.7065443116025597
mask,0.75,3,Sensitive,learned,0.2,5.7,0.791726719367984
mask,0.75,3,Sensitive,learned,0.4,5.4,0.8482378089219645
mask,0.75,3,Sensitive,learned,0.6,5.4,0.8482378089219645
mask,0.75,3,Sensitive,learned,0.9,5.6,0.8572048559638626
mask,0.75,3,Sensitive,learned,1.3,5.6,0.8572048559638626
mask,0.75,3,Sensitive,learned,2.0,5.6,0.8006937664098821
mask,0.75,3,Sensitive,hybrid,0.0,9.9,0.7065443116025597
mask,0.75,3,Sensitive,hybrid,0.2,4.5,0.8115558478722845
mask,0.75,3,Sensitive,hybrid,0.4,4.5,0.8200685179888283
mask,0.75,3,Sensitive,hybrid,0.6,4.7,0.8200685179888283
mask,0.75,3,Sensitive,hybrid,0.9,4.7,0.8200685179888283
mask,0.75,3,Sensitive,hybrid,1.3,4.7,0.8364586133797036
mask,0.75,3,Sensitive,hybrid,2.0,5.0,0.7007731679885374
mask,0.75,4,Combination,oracle,0.0,12.1,0.7663491917568948
mask,0.75,4,Combination,oracle,0.2,3.0,0.8318477135310891
mask,0.75,4,Combination,oracle,0.4,3.0,0.8318477135310891
mask,0.75,4,Combination,oracle,0.6,3.0,0.8318477135310891
mask,0.75,4,Combination,oracle,0.9,3.0,0.8318477135310891
mask,0.75,4,Combination,oracle,1.3,3.0,0.8318477135310891
mask,0.75,4,Combination,oracle,2.0,3.0,0.8318477135310891
mask,0.75,4,Combination,rule,0.0,12.1,0.7663491917568948
mask,0.75,4,Combination,rule,0.2,4.2,0.772837825180752
mask,0.75,4,Combination,rule,0.4,4.2,0.772837825180752
mask,0.75,4,Combination,rule,0.6,4.2,0.772837825180752
mask,0.75,4,Combination,rule,0.9,4.2,0.772837825180752
mask,0.75,4,Combination,rule,1.3,4.2,0.772837825180752
mask,0.75,4,Combination,rule,2.0,4.2,0.772837825180752
mask,0.75,4,Combination,learned,0.0,12.1,0.7663491917568948
mask,0.75,4,Combination,learned,0.2,5.8,0.8415908474314976
mask,0.75,4,Combination,learned,0.4,6.0,0.9052116356304493
mask,0.75,4,Combination,learned,0.6,6.6,0.9052116356304493
mask,0.75,4,Combination,learned,0.9,6.6,0.9052116356304493
mask,0.75,4,Combination,learned,1.3,6.6,0.9052116356304493
mask,0.75,4,Combination,learned,2.0,7.3,0.8414929602590189
mask,0.75,4,Combination,hybrid,0.0,12.1,0.7663491917568948
mask,0.75,4,Combination,hybrid,0.2,4.3,0.8236998933965709
mask,0.75,4,Combination,hybrid,0.4,4.3,0.8236998933965709
mask,0.75,4,Combination,hybrid,0.6,4.3,0.8236998933965709
mask,0.75,4,Combination,hybrid,0.9,4.3,0.8205228949141826
mask,0.75,4,Combination,hybrid,1.3,4.3,0.8205228949141826
mask,0.75,4,Combination,hybrid,2.0,5.0,0.8205228949141826
mask,0.75,4,Dry,oracle,0.0,8.9,0.8701249883466594
mask,0.75,4,Dry,oracle,0.2,3.2,0.7312625444731049
mask,0.75,4,Dry,oracle,0.4,3.0,0.8611375561264455
mask,0.75,4,Dry,oracle,0.6,3.0,0.8611375561264455
mask,0.75,4,Dry,oracle,0.9,3.0,0.8611375561264455
mask,0.75,4,Dry,oracle,1.3,3.0,0.8611375561264455
mask,0.75,4,Dry,oracle,2.0,3.0,0.8611375561264455
mask,0.75,4,Dry,rule,0.0,8.9,0.8701249883466594
mask,0.75,4,Dry,rule,0.2,5.7,0.7695261902392829
mask,0.75,4,Dry,rule,0.4,4.8,0.8415908474314976
mask,0.75,4,Dry,rule,0.6,4.8,0.8415908474314976
mask,0.75,4,Dry,rule,0.9,4.8,0.8415908474314976
mask,0.75,4,Dry,rule,1.3,4.8,0.8415908474314976
mask,0.75,4,Dry,rule,2.0,4.8,0.8415908474314976
mask,0.75,4,Dry,learned,0.0,8.9,0.8701249883466594
mask,0.75,4,Dry,learned,0.2,5.9,0.7721596254947203
mask,0.75,4,Dry,learned,0.4,6.1,0.7721596254947203
mask,0.75,4,Dry,learned,0.6,6.1,0.7791714369672127
mask,0.75,4,Dry,learned,0.9,6.1,0.7859162856301584
mask,0.75,4,Dry,learned,1.3,6.3,0.7222954974312067
mask,0.75,4,Dry,learned,2.0,6.3,0.7183627972686238
mask,0.75,4,Dry,hybrid,0.0,8.9,0.8701249883466594
mask,0.75,4,Dry,hybrid,0.2,4.6,0.7542686714597936
mask,0.75,4,Dry,hybrid,0.4,4.4,0.756902106715231
mask,0.75,4,Dry,hybrid,0.6,4.6,0.78180487222265
mask,0.75,4,Dry,hybrid,0.9,4.7,0.78180487222265
mask,0.75,4,Dry,hybrid,1.3,4.7,0.7849818707050383
mask,0.75,4,Dry,hybrid,2.0,5.1,0.7791714369672127
mask,0.75,4,Normal,oracle,0.0,7.1,0.6410457898283652
mask,0.75,4,Normal,oracle,0.2,3.0,1.0
mask,0.75,4,Normal,oracle,0.4,3.0,1.0
mask,0.75,4,Normal,oracle,0.6,3.0,1.0
mask,0.75,4,Normal,oracle,0.9,3.0,1.0
mask,0.75,4,Normal,oracle,1.3,3.0,1.0
mask,0.75,4,Normal,oracle,2.0,3.0,1.0
mask,0.75,4,Normal,rule,0.0,7.1,0.6410457898283652
mask,0.75,4,Normal,rule,0.2,4.8,1.0
mask,0.75,4,Normal,rule,0.4,4.8,1.0
mask,0.75,4,Normal,rule,0.6,4.8,1.0
mask,0.75,4,Normal,rule,0.9,4.8,1.0
mask,0.75,4,Normal,rule,1.3,4.8,1.0
mask,0.75,4,Normal,rule,2.0,4.8,1.0
mask,0.75,4,Normal,learned,0.0,7.1,0.6410457898283652
mask,0.75,4,Normal,learned,0.2,7.8,1.0
mask,0.75,4,Normal,learned,0.4,6.3,1.0
mask,0.75,4,Normal,learned,0.6,6.3,1.0
mask,0.75,4,Normal,learned,0.9,6.3,1.0
mask,0.75,4,Normal,learned,1.3,6.3,0.933745776545611
mask,0.75,4,Normal,learned,2.0,7.0,0.8512360941594274
mask,0.75,4,Normal,hybrid,0.0,7.1,0.6410457898283652
mask,0.75,4,Normal,hybrid,0.2,5.6,1.0
mask,0.75,4,Normal,hybrid,0.4,5.3,1.0
mask,0.75,4,Normal,hybrid,0.6,5.3,1.0
mask,0.75,4,Normal,hybrid,0.9,4.8,0.933745776545611
mask,0.75,4,Normal,hybrid,1.3,5.3,0.8701249883466594
mask,0.75,4,Normal,hybrid,2.0,5.5,0.8630152897016883
mask,0.75,4,Oily,oracle,0.0,9.3,0.7542686714597936
mask,0.75,4,Oily,oracle,0.2,3.2,0.6618313225363276
mask,0.75,4,Oily,oracle,0.4,3.2,0.6618313225363276
mask,0.75,4,Oily,oracle,0.6,3.0,0.7280855459907165
mask,0.75,4,Oily,oracle,0.9,3.0,0.7280855459907165
mask,0.75,4,Oily,oracle,1.3,3.0,0.7280855459907165
mask,0.75,4,Oily,oracle,2.0,3.0,0.7280855459907165
mask,0.75,4,Oily,rule,0.0,9.3,0.7542686714597936
mask,0.75,4,Oily,rule,0.2,5.1,0.7877736340270853
mask,0.75,4,Oily,rule,0.4,5.1,0.7877736340270853
mask,0.75,4,Oily,rule,0.6,5.1,0.7877736340270853
mask,0.75,4,Oily,rule,0.9,5.1,0.7877736340270853
mask,0.75,4,Oily,rule,1.3,5.1,0.7877736340270853
mask,0.75,4,Oily,rule,2.0,5.1,0.7877736340270853
mask,0.75,4,Oily,learned,0.0,9.3,0.7542686714597936
mask,0.75,4,Oily,learned,0.2,7.8,0.8572048559638626
mask,0.75,4,Oily,learned,0.4,6.5,0.7909506325094736
mask,0.75,4,Oily,learned,0.6,7.4,0.7909506325094736
mask,0.75,4,Oily,learned,0.9,7.8,0.7721596254947203
mask,0.75,4,Oily,learned,1.3,7.7,0.835780413693672
mask,0.75,4,Oily,learned,2.0,7.7,0.8318477135310891
mask,0.75,4,Oily,hybrid,0.0,9.3,0.7542686714597936
mask,0.75,4,Oily,hybrid,0.2,5.3,0.8006937664098821
mask,0.75,4,Oily,hybrid,0.4,5.3,0.8006937664098821
mask,0.75,4,Oily,hybrid,0.6,5.5,0.8006937664098821
mask,0.75,4,Oily,hybrid,0.9,7.1,0.9216017310213245
mask,0.75,4,Oily,hybrid,1.3,7.1,0.914856882358379
mask,0.75,4,Oily,hybrid,2.0,7.1,0.914856882358379
mask,0.75,4,Sensitive,oracle,0.0,11.0,0.933745776545611
mask,0.75,4,Sensitive,oracle,0.2,3.3,0.9266360779006398
mask,0.75,4,Sensitive,oracle,0.4,3.1,0.9216017310213245
mask,0.75,4,Sensitive,oracle,0.6,3.1,0.9216017310213245
mask,0.75,4,Sensitive,oracle,0.9,3.0,0.9216017310213245
mask,0.75,4,Sensitive,oracle,1.3,3.0,0.9216017310213245
mask,0.75,4,Sensitive,oracle,2.0,3.0,0.9216017310213245
mask,0.75,4,Sensitive,rule,0.0,11.0,0.933745776545611
mask,0.75,4,Sensitive,rule,0.2,5.0,0.9266360779006398
mask,0.75,4,Sensitive,rule,0.4,5.1,1.0
mask,0.75,4,Sensitive,rule,0.6,5.1,1.0
mask,0.75,4,Sensitive,rule,0.9,5.1,1.0
mask,0.75,4,Sensitive,rule,1.3,5.1,1.0
mask,0.75,4,Sensitive,rule,2.0,5.1,1.0
mask,0.75,4,Sensitive,learned,0.0,11.0,0.933745776545611
mask,0.75,4,Sensitive,learned,0.2,7.9,0.9266360779006398
mask,0.75,4,Sensitive,learned,0.4,6.5,0.9305687780632227
mask,0.75,4,Sensitive,learned,0.6,5.7,0.8630152897016883
mask,0.75,4,Sensitive,learned,0.9,5.7,0.8603818544462509
mask,0.75,4,Sensitive,learned,1.3,7.2,0.8572048559638626
mask,0.75,4,Sensitive,learned,2.0,6.4,0.8572048559638626
mask,0.75,4,Sensitive,hybrid,0.0,11.0,0.933745776545611
mask,0.75,4,Sensitive,hybrid,0.2,7.9,0.9266360779006398
mask,0.75,4,Sensitive,hybrid,0.4,6.0,0.9305687780632227
mask,0.75,4,Sensitive,hybrid,0.6,6.0,0.933745776545611
mask,0.75,4,Sensitive,hybrid,0.9,5.7,0.866947989864271
mask,0.75,4,Sensitive,hybrid,1.3,5.7,0.8572048559638626
mask,0.75,4,Sensitive,hybrid,2.0,4.9,0.8603818544462509
mask,0.9,0,Combination,oracle,0.0,10.5,1.0
mask,0.9,0,Combination,oracle,0.2,3.0,0.8482378089219645
mask,0.9,0,Combination,oracle,0.4,3.0,0.8482378089219645
mask,0.9,0,Combination,oracle,0.6,3.0,0.8482378089219645
mask,0.9,0,Combination,oracle,0.9,3.0,0.8482378089219645
mask,0.9,0,Combination,oracle,1.3,3.0,0.8482378089219645
mask,0.9,0,Combination,oracle,2.0,3.0,0.8482378089219645
mask,0.9,0,Combination,rule,0.0,10.5,1.0
mask,0.9,0,Combination,rule,0.2,8.4,1.0
mask,0.9,0,Combination,rule,0.4,8.4,1.0
mask,0.9,0,Combination,rule,0.6,8.4,1.0
mask,0.9,0,Combination,rule,0.9,8.4,1.0
mask,0.9,0,Combination,rule,1.3,8.4,1.0
mask,0.9,0,Combination,rule,2.0,8.4,1.0
mask,0.9,0,Combination,learned,0.0,10.5,1.0
mask,0.9,0,Combination,learned,0.2,4.2,0.5676818677290052
mask,0.9,0,Combination,learned,0.4,4.0,0.5559026721867443
mask,0.9,0,Combination,learned,0.6,4.7,0.5559026721867443
mask,0.9,0,Combination,learned,0.9,4.5,0.46785915648013915
mask,0.9,0,Combination,learned,1.3,5.3,0.4016049330257502
mask,0.9,0,Combination,learned,2.0,5.3,0.3916830858804162
mask,0.9,0,Combination,hybrid,0.0,10.5,1.0
mask,0.9,0,Combination,hybrid,0.2,3.8,0.5914640815742043
mask,0.9,0,Combination,hybrid,0.4,5.0,0.599976751690748
mask,0.9,0,Combination,hybrid,0.6,4.8,0.5363559634917964
mask,0.9,0,Combination,hybrid,0.9,4.8,0.5063209639325833
mask,0.9,0,Combination,hybrid,1.3,5.2,0.44270017573363163
mask,0.9,0,Combination,hybrid,2.0,5.1,0.4304214937502646
mask,0.9,0,Dry,oracle,0.0,12.2,0.914856882358379
mask,0.9,0,Dry,oracle,0.2,3.0,0.8899541168509599
mask,0.9,0,Dry,oracle,0.4,3.0,0.8899541168509599
mask,0.9,0,Dry,oracle,0.6,3.0,0.8899541168509599
mask,0.9,0,Dry,oracle,0.9,3.0,0.8899541168509599
mask,0.9,0,Dry,oracle,1.3,3.0,0.8899541168509599
mask,0.9,0,Dry,oracle,2.0,3.0,0.8899541168509599
mask,0.9,0,Dry,rule,0.0,12.2,0.914856882358379
mask,0.9,0,Dry,rule,0.2,7.5,0.6253338941235215
mask,0.9,0,Dry,rule,0.4,7.5,0.6253338941235215
mask,0.9,0,Dry,rule,0.6,7.5,0.6253338941235215
mask,0.9,0,Dry,rule,0.9,7.5,0.6253338941235215
mask,0.9,0,Dry,rule,1.3,7.5,0.6253338941235215
mask,0.9,0,Dry,rule,2.0,7.5,0.6253338941235215
mask,0.9,0,Dry,learned,0.0,12.2,0.914856882358379
mask,0.9,0,Dry,learned,0.2,4.1,0.8236998933965709
mask,0.9,0,Dry,learned,0.4,4.3,0.8115558478722845
mask,0.9,0,Dry,learned,0.6,4.6,0.8048109992093389
mask,0.9,0,Dry,learned,0.9,4.6,0.7015099647232445
mask,0.9,0,Dry,learned,1.3,4.9,0.7065443116025597
mask,0.9,0,Dry,learned,2.0,5.3,0.6500332220485792
mask,0.9,0,Dry,hybrid,0.0,12.2,0.914856882358379
mask,0.9,0,Dry,hybrid,0.2,3.3,0.8899541168509599
mask,0.9,0,Dry,hybrid,0.4,3.9,0.8236998933965709
mask,0.9,0,Dry,hybrid,0.6,4.2,0.8200685179888283
mask,0.9,0,Dry,hybrid,0.9,4.2,0.8115558478722845
mask,0.9,0,Dry,hybrid,1.3,4.4,0.8165901947515998
mask,0.9,0,Dry,hybrid,2.0,4.3,0.7254521107352793
mask,0.9,0,Normal,oracle,0.0,11.9,0.8318477135310891
mask,0.9,0,Normal,oracle,0.2,3.0,0.8603818544462509
mask,0.9,0,Normal,oracle,0.4,3.0,0.8603818544462509
mask,0.9,0,Normal,oracle,0.6,3.0,0.8603818544462509
mask,0.9,0,Normal,oracle,0.9,3.0,0.8603818544462509
mask,0.9,0,Normal,oracle,1.3,3.0,0.8603818544462509
mask,0.9,0,Normal,oracle,2.0,3.0,0.8603818544462509
mask,0.9,0,Normal,rule,0.0,11.9,0.8318477135310891
mask,0.9,0,Normal,rule,0.2,6.6,0.8701249883466594
mask,0.9,0,Normal,rule,0.4,6.6,0.8701249883466594
mask,0.9,0,Normal,rule,0.6,6.6,0.8701249883466594
mask,0.9,0,Normal,rule,0.9,6.6,0.8701249883466594
mask,0.9,0,Normal,rule,1.3,6.6,0.8701249883466594
mask,0.9,0,Normal,rule,2.0,6.6,0.8701249883466594
mask,0.9,0,Normal,learned,0.0,11.9,0.8318477135310891
mask,0.9,0,Normal,learned,0.2,4.0,0.8611375561264455
mask,0.9,0,Normal,learned,0.4,4.0,0.685119869332369
mask,0.9,0,Normal,learned,0.6,4.0,0.6698623505528797
mask,0.9,0,Normal,learned,0.9,4.0,0.5964984284535196
mask,0.9,0,Normal,learned,1.3,3.9,0.532877640254568
mask,0.9,0,Normal,learned,2.0,3.9,0.522032859637427
mask,0.9,0,Normal,hybrid,0.0,11.9,0.8318477135310891
mask,0.9,0,Normal,hybrid,0.2,4.0,0.8611375561264455
mask,0.9,0,Normal,hybrid,0.4,4.0,0.8205228949141826
mask,0.9,0,Normal,hybrid,0.6,4.0,0.7702043899253147
mask,0.9,0,Normal,hybrid,0.9,4.0,0.7534494445524138
mask,0.9,0,Normal,hybrid,1.3,3.8,0.643121141594021
mask,0.9,0,Normal,hybrid,2.0,3.8,0.6331992944486871
mask,0.9,0,Oily,oracle,0.0,10.4,0.6410457898283652
mask,0.9,0,Oily,oracle,0.2,3.2,0.7183627972686238
mask,0.9,0,Oily,oracle,0.4,3.0,0.7819835854675755
mask,0.9,0,Oily,oracle,0.6,3.0,0.7819835854675755
mask,0.9,0,Oily,oracle,0.9,3.0,0.7819835854675755
mask,0.9,0,Oily,oracle,1.3,3.0,0.7819835854675755
mask,0.9,0,Oily,oracle,2.0,3.0,0.7819835854675755
mask,0.9,0,Oily,rule,0.0,10.4,0.6410457898283652
mask,0.9,0,Oily,rule,0.2,6.9,0.8364586133797036
mask,0.9,0,Oily,rule,0.4,6.9,0.8364586133797036
mask,0.9,0,Oily,rule,0.6,6.9,0.8364586133797036
mask,0.9,0,Oily,rule,0.9,6.9,0.8364586133797036
mask,0.9,0,Oily,rule,1.3,6.9,0.8364586133797036
mask,0.9,0,Oily,rule,2.0,6.9,0.8364586133797036
mask,0.9,0,Oily,learned,0.0,10.4,0.6410457898283652
mask,0.9,0,Oily,learned,0.2,4.1,0.636474180103554
mask,0.9,0,Oily,learned,0.4,4.1,0.5914640815742043
mask,0.9,0,Oily,learned,0.6,5.1,0.43277250919634924
mask,0.9,0,Oily,learned,0.9,5.1,0.4319964223378389
mask,0.9,0,Oily,learned,1.3,5.0,0.3565964385966263
mask,0.9,0,Oily,learned,2.0,4.6,0.39749351961824186
mask,0.9,0,Oily,hybrid,0.0,10.4,0.6410457898283652
mask,0.9,0,Oily,hybrid,0.2,3.7,0.6180396628416764
mask,0.9,0,Oily,hybrid,0.4,3.7,0.5114531979843773
mask,0.9,0,Oily,hybrid,0.6,4.7,0.4419240888751213
mask,0.9,0,Oily,hybrid,0.9,5.0,0.370635518541417
mask,0.9,0,Oily,hybrid,1.3,5.0,0.370635518541417
mask,0.9,0,Oily,hybrid,2.0,5.0,0.36602461869280256
mask,0.9,0,Sensitive,oracle,0.0,12.8,0.7948833326720566
mask,0.9,0,Sensitive,oracle,0.2,3.7,0.77523873680463
mask,0.9,0,Sensitive,oracle,0.4,3.3,0.8414929602590189
mask,0.9,0,Sensitive,oracle,0.6,3.2,0.8454256604216017
mask,0.9,0,Sensitive,oracle,0.9,3.2,0.84860265890399
mask,0.9,0,Sensitive,oracle,1.3,3.1,0.84860265890399
mask,0.9,0,Sensitive,oracle,2.0,3.0,0.8512360941594274
mask,0.9,0,Sensitive,rule,0.0,12.8,0.7948833326720566
mask,0.9,0,Sensitive,rule,0.2,8.4,0.933745776545611
mask,0.9,0,Sensitive,rule,0.4,8.4,0.933745776545611
mask,0.9,0,Sensitive,rule,0.6,8.4,0.933745776545611
mask,0.9,0,Sensitive,rule,0.9,8.4,0.933745776545611
mask,0.9,0,Sensitive,rule,1.3,8.4,0.933745776545611
mask,0.9,0,Sensitive,rule,2.0,8.4,0.933745776545611
mask,0.9,0,Sensitive,learned,0.0,12.8,0.7948833326720566
mask,0.9,0,Sensitive,learned,0.2,4.1,0.642923523403608
mask,0.9,0,Sensitive,learned,0.4,3.8,0.5747915663739763
mask,0.9,0,Sensitive,learned,0.6,3.8,0.5747915663739763
mask,0.9,0,Sensitive,learned,0.9,4.2,0.5399873388995391
mask,0.9,0,Sensitive,learned,1.3,5.2,0.522032859637427
mask,0.9,0,Sensitive,learned,2.0,5.2,0.4419240888751213
mask,0.9,0,Sensitive,hybrid,0.0,12.8,0.7948833326720566
mask,0.9,0,Sensitive,hybrid,0.2,4.1,0.6500332220485792
mask,0.9,0,Sensitive,hybrid,0.4,3.8,0.6188656458779801
mask,0.9,0,Sensitive,hybrid,0.6,3.8,0.6188656458779801
mask,0.9,0,Sensitive,hybrid,0.9,3.8,0.6848374495230164
mask,0.9,0,Sensitive,hybrid,1.3,4.5,0.6090726157997783
mask,0.9,0,Sensitive,hybrid,2.0,4.5,0.587550286357109
mask,0.9,1,Combination,oracle,0.0,9.5,0.9052116356304493
mask,0.9,1,Combination,oracle,0.2,3.1,1.0
mask,0.9,1,Combination,oracle,0.4,3.0,1.0
mask,0.9,1,Combination,oracle,0.6,3.0,1.0
mask,0.9,1,Combination,oracle,0.9,3.0,1.0
mask,0.9,1,Combination,oracle,1.3,3.0,1.0
mask,0.9,1,Combination,oracle,2.0,3.0,1.0
mask,0.9,1,Combination,rule,0.0,9.5,0.9052116356304493
mask,0.9,1,Combination,rule,0.2,7.8,1.0
mask,0.9,1,Combination,rule,0.4,7.8,1.0
mask,0.9,1,Combination,rule,0.6,7.8,1.0
mask,0.9,1,Combination,rule,0.9,7.8,1.0
mask,0.9,1,Combination,rule,1.3,7.8,1.0
mask,0.9,1,Combination,rule,2.0,7.8,1.0
mask,0.9,1,Combination,learned,0.0,9.5,0.9052116356304493
mask,0.9,1,Combination,learned,0.2,8.2,0.9052116356304493
mask,0.9,1,Combination,learned,0.4,8.3,0.8611375561264455
mask,0.9,1,Combination,learned,0.6,8.5,0.7104770117651424
mask,0.9,1,Combination,learned,0.9,7.7,0.7065443116025597
mask,0.9,1,Combination,learned,1.3,8.0,0.6371130896657824
mask,0.9,1,Combination,learned,2.0,7.0,0.5708588662113935
mask,0.9,1,Combination,hybrid,0.0,9.5,0.9052116356304493
mask,0.9,1,Combination,hybrid,0.2,8.0,0.9216017310213245
mask,0.9,1,Combination,hybrid,0.4,8.2,0.9052116356304493
mask,0.9,1,Combination,hybrid,0.6,8.2,0.8899541168509599
mask,0.9,1,Combination,hybrid,0.9,8.1,0.8899541168509599
mask,0.9,1,Combination,hybrid,1.3,7.5,0.8115558478722845
mask,0.9,1,Combination,hybrid,2.0,7.5,0.8115558478722845
mask,0.9,1,Dry,oracle,0.0,8.8,0.7951657524814092
mask,0.9,1,Dry,oracle,0.2,3.2,0.772837825180752
mask,0.9,1,Dry,oracle,0.4,3.0,0.8364586133797036
mask,0.9,1,Dry,oracle,0.6,3.0,0.8364586133797036
mask,0.9,1,Dry,oracle,0.9,3.0,0.8364586133797036
mask,0.9,1,Dry,oracle,1.3,3.0,0.8364586133797036
mask,0.9,1,Dry,oracle,2.0,3.0,0.8364586133797036
mask,0.9,1,Dry,rule,0.0,8.8,0.7951657524814092
mask,0.9,1,Dry,rule,0.2,7.8,0.7967610662472993
mask,0.9,1,Dry,rule,0.4,7.8,0.7967610662472993
mask,0.9,1,Dry,rule,0.6,7.8,0.7967610662472993
mask,0.9,1,Dry,rule,0.9,7.8,0.7967610662472993
mask,0.9,1,Dry,rule,1.3,7.8,0.7967610662472993
mask,0.9,1,Dry,rule,2.0,7.8,0.7967610662472993
mask,0.9,1,Dry,learned,0.0,8.8,0.7951657524814092
mask,0.9,1,Dry,learned,0.2,7.4,0.6698623505528797
mask,0.9,1,Dry,learned,0.4,7.4,0.6698623505528797
mask,0.9,1,Dry,learned,0.6,7.4,0.6698623505528797
mask,0.9,1,Dry,learned,0.9,7.4,0.6698623505528797
mask,0.9,1,Dry,learned,1.3,7.5,0.6698623505528797
mask,0.9,1,Dry,learned,2.0,7.5,0.6698623505528797
mask,0.9,1,Dry,hybrid,0.0,8.8,0.7951657524814092
mask,0.9,1,Dry,hybrid,0.2,7.4,0.7510916729774054
mask,0.9,1,Dry,hybrid,0.4,7.4,0.7510916729774054
mask,0.9,1,Dry,hybrid,0.6,7.2,0.7510916729774054
mask,0.9,1,Dry,hybrid,0.9,7.2,0.7510916729774054
mask,0.9,1,Dry,hybrid,1.3,7.2,0.7510916729774054
mask,0.9,1,Dry,hybrid,2.0,7.2,0.7510916729774054
mask,0.9,1,Normal,oracle,0.0,9.5,0.7799082337019198
mask,0.9,1,Normal,oracle,0.2,3.0,0.791726719367984
mask,0.9,1,Normal,oracle,0.4,3.0,0.791726719367984
mask,0.9,1,Normal,oracle,0.6,3.0,0.791726719367984
mask,0.9,1,Normal,oracle,0.9,3.0,0.791726719367984
mask,0.9,1,Normal,oracle,1.3,3.0,0.791726719367984
mask,0.9,1,Normal,oracle,2.0,3.0,0.791726719367984
mask,0.9,1,Normal,rule,0.0,9.5,0.7799082337019198
mask,0.9,1,Normal,rule,0.2,8.1,0.933745776545611
mask,0.9,1,Normal,rule,0.4,8.1,0.933745776545611
mask,0.9,1,Normal,rule,0.6,8.1,0.933745776545611
mask,0.9,1,Normal,rule,0.9,8.1,0.933745776545611
mask,0.9,1,Normal,rule,1.3,8.1,0.933745776545611
mask,0.9,1,Normal,rule,2.0,8.1,0.933745776545611
mask,0.9,1,Normal,learned,0.0,9.5,0.7799082337019198
mask,0.9,1,Normal,learned,0.2,8.2,0.8048109992093389
mask,0.9,1,Normal,learned,0.4,7.7,0.5455017237786199
mask,0.9,1,Normal,learned,0.6,7.7,0.5337225282363591
mask,0.9,1,Normal,learned,0.9,6.7,0.5305455297539707
mask,0.9,1,Normal,learned,1.3,6.7,0.5305455297539707
mask,0.9,1,Normal,learned,2.0,6.7,0.48253875008738417
mask,0.9,1,Normal,hybrid,0.0,9.5,0.7799082337019198
mask,0.9,1,Normal,hybrid,0.2,8.2,0.8364586133797036
mask,0.9,1,Normal,hybrid,0.4,7.7,0.6717589890736099
mask,0.9,1,Normal,hybrid,0.6,7.7,0.6651928536555898
mask,0.9,1,Normal,hybrid,0.9,7.7,0.6530488081313034
mask,0.9,1,Normal,hybrid,1.3,7.7,0.6530488081313034
mask,0.9,1,Normal,hybrid,2.0,6.5,0.6434035614033736
mask,0.9,1,Oily,oracle,0.0,10.8,0.914856882358379
mask,0.9,1,Oily,oracle,0.2,3.2,0.8899541168509599
mask,0.9,1,Oily,oracle,0.4,3.0,0.8899541168509599
mask,0.9,1,Oily,oracle,0.6,3.0,0.8899541168509599
mask,0.9,1,Oily,oracle,0.9,3.0,0.8899541168509599
mask,0.9,1,Oily,oracle,1.3,3.0,0.8899541168509599
mask,0.9,1,Oily,oracle,2.0,3.0,0.8899541168509599
mask,0.9,1,Oily,rule,0.0,10.8,0.914856882358379
mask,0.9,1,Oily,rule,0.2,8.4,0.8414929602590189
mask,0.9,1,Oily,rule,0.4,8.4,0.8414929602590189
mask,0.9,1,Oily,rule,0.6,8.4,0.8414929602590189
mask,0.9,1,Oily,rule,0.9,8.4,0.8414929602590189
mask,0.9,1,Oily,rule,1.3,8.4,0.8414929602590189
mask,0.9,1,Oily,rule,2.0,8.4,0.8414929602590189
mask,0.9,1,Oily,learned,0.0,10.8,0.914856882358379
mask,0.9,1,Oily,learned,0.2,8.2,0.721801830382049
mask,0.9,1,Oily,learned,0.4,7.8,0.599976751690748
mask,0.9,1,Oily,learned,0.6,7.8,0.599976751690748
mask,0.9,1,Oily,learned,0.9,7.8,0.599976751690748
mask,0.9,1,Oily,learned,1.3,7.8,0.599976751690748
mask,0.9,1,Oily,learned,2.0,7.8,0.5559026721867443
mask,0.9,1,Oily,hybrid,0.0,10.8,0.914856882358379
mask,0.9,1,Oily,hybrid,0.2,7.5,0.721801830382049
mask,0.9,1,Oily,hybrid,0.4,7.5,0.7289115290270202
mask,0.9,1,Oily,hybrid,0.6,7.1,0.721801830382049
mask,0.9,1,Oily,hybrid,0.9,7.1,0.7100226348397881
mask,0.9,1,Oily,hybrid,1.3,7.1,0.7100226348397881
mask,0.9,1,Oily,hybrid,2.0,7.1,0.7100226348397881
mask,0.9,1,Sensitive,oracle,0.0,12.6,0.7849818707050383
mask,0.9,1,Sensitive,oracle,0.2,3.3,1.0
mask,0.9,1,Sensitive,oracle,0.4,3.3,1.0
mask,0.9,1,Sensitive,oracle,0.6,3.2,0.9363792118010483
mask,0.9,1,Sensitive,oracle,0.9,3.2,0.9305687780632227
mask,0.9,1,Sensitive,oracle,1.3,3.1,0.9305687780632227
mask,0.9,1,Sensitive,oracle,2.0,3.0,0.9305687780632227
mask,0.9,1,Sensitive,rule,0.0,12.6,0.7849818707050383
mask,0.9,1,Sensitive,rule,0.2,9.3,1.0
mask,0.9,1,Sensitive,rule,0.4,9.3,1.0
mask,0.9,1,Sensitive,rule,0.6,9.3,1.0
mask,0.9,1,Sensitive,rule,0.9,9.3,1.0
mask,0.9,1,Sensitive,rule,1.3,9.3,1.0
mask,0.9,1,Sensitive,rule,2.0,9.3,1.0
mask,0.9,1,Sensitive,learned,0.0,12.6,0.7849818707050383
mask,0.9,1,Sensitive,learned,0.2,4.6,0.9216017310213245
mask,0.9,1,Sensitive,learned,0.4,4.7,0.8630152897016883
mask,0.9,1,Sensitive,learned,0.6,4.6,0.8630152897016883
mask,0.9,1,Sensitive,learned,0.9,5.8,0.9305687780632227
mask,0.9,1,Sensitive,learned,1.3,5.8,0.8701249883466594
mask,0.9,1,Sensitive,learned,2.0,7.2,0.9052116356304493
mask,0.9,1,Sensitive,hybrid,0.0,12.6,0.7849818707050383
mask,0.9,1,Sensitive,hybrid,0.2,4.6,0.9216017310213245
mask,0.9,1,Sensitive,hybrid,0.4,4.7,0.8630152897016883
mask,0.9,1,Sensitive,hybrid,0.6,4.6,0.8630152897016883
mask,0.9,1,Sensitive,hybrid,0.9,5.8,0.9305687780632227
mask,0.9,1,Sensitive,hybrid,1.3,5.9,0.933745776545611
mask,0.9,1,Sensitive,hybrid,2.0,7.3,1.0
mask,0.9,2,Combination,oracle,0.0,10.1,0.8115558478722845
mask,0.9,2,Combination,oracle,0.2,3.0,0.6036081270984908
mask,0.9,2,Combination,oracle,0.4,3.0,0.6036081270984908
mask,0.9,2,Combination,oracle,0.6,3.0,0.6036081270984908
mask,0.9,2,Combination,oracle,0.9,3.0,0.6036081270984908
mask,0.9,2,Combination,oracle,1.3,3.0,0.6036081270984908
mask,0.9,2,Combination,oracle,2.0,3.0,0.6036081270984908
mask,0.9,2,Combination,rule,0.0,10.1,0.8115558478722845
mask,0.9,2,Combination,rule,0.2,5.4,0.7663491917568948
mask,0.9,2,Combination,rule,0.4,5.4,0.7663491917568948
mask,0.9,2,Combination,rule,0.6,5.4,0.7663491917568948
mask,0.9,2,Combination,rule,0.9,5.4,0.7663491917568948
mask,0.9,2,Combination,rule,1.3,5.4,0.7663491917568948
mask,0.9,2,Combination,rule,2.0,5.4,0.7663491917568948
mask,0.9,2,Combination,learned,0.0,10.1,0.8115558478722845
mask,0.9,2,Combination,learned,0.2,6.9,0.914856882358379
mask,0.9,2,Combination,learned,0.4,6.5,0.8579809428223729
mask,0.9,2,Combination,learned,0.6,6.8,0.791726719367984
mask,0.9,2,Combination,learned,0.9,6.6,0.7967610662472993
mask,0.9,2,Combination,learned,1.3,7.7,0.914856882358379
mask,0.9,2,Combination,learned,2.0,7.7,0.9052116356304493
mask,0.9,2,Combination,hybrid,0.0,10.1,0.8115558478722845
mask,0.9,2,Combination,hybrid,0.2,5.0,0.7682269253321374
mask,0.9,2,Combination,hybrid,0.4,6.6,0.6987957033953601
mask,0.9,2,Combination,hybrid,0.6,6.6,0.6961622681399229
mask,0.9,2,Combination,hybrid,0.9,6.5,0.6871952210980248
mask,0.9,2,Combination,hybrid,1.3,6.3,0.7007731679885374
mask,0.9,2,Combination,hybrid,2.0,6.2,0.706583601726363
mask,0.9,2,Dry,oracle,0.0,10.6,0.9266360779006398
mask,0.9,2,Dry,oracle,0.2,3.4,0.6812060741152737
mask,0.9,2,Dry,oracle,0.4,3.3,0.6812060741152737
mask,0.9,2,Dry,oracle,0.6,3.3,0.6812060741152737
mask,0.9,2,Dry,oracle,0.9,3.1,0.6812060741152737
mask,0.9,2,Dry,oracle,1.3,3.0,0.6812060741152737
mask,0.9,2,Dry,oracle,2.0,3.0,0.6812060741152737
mask,0.9,2,Dry,rule,0.0,10.6,0.9266360779006398
mask,0.9,2,Dry,rule,0.2,9.9,0.8579809428223729
mask,0.9,2,Dry,rule,0.4,9.9,0.8579809428223729
mask,0.9,2,Dry,rule,0.6,9.9,0.8579809428223729
mask,0.9,2,Dry,rule,0.9,9.9,0.8579809428223729
mask,0.9,2,Dry,rule,1.3,9.9,0.8579809428223729
mask,0.9,2,Dry,rule,2.0,9.9,0.8579809428223729
mask,0.9,2,Dry,learned,0.0,10.6,0.9266360779006398
mask,0.9,2,Dry,learned,0.2,6.9,0.835780413693672
mask,0.9,2,Dry,learned,0.4,6.8,0.8205228949141826
mask,0.9,2,Dry,learned,0.6,6.4,0.7948833326720566
mask,0.9,2,Dry,learned,0.9,6.4,0.7948833326720566
mask,0.9,2,Dry,learned,1.3,6.5,0.7948833326720566
mask,0.9,2,Dry,learned,2.0,6.5,0.7948833326720566
mask,0.9,2,Dry,hybrid,0.0,10.6,0.9266360779006398
mask,0.9,2,Dry,hybrid,0.2,7.0,0.8048109992093389
mask,0.9,2,Dry,hybrid,0.4,6.9,0.8048109992093389
mask,0.9,2,Dry,hybrid,0.6,6.2,0.8048109992093389
mask,0.9,2,Dry,hybrid,0.9,6.2,0.8115558478722845
mask,0.9,2,Dry,hybrid,1.3,5.2,0.7479350596733328
mask,0.9,2,Dry,hybrid,2.0,5.3,0.7421246259355072
mask,0.9,2,Normal,oracle,0.0,9.8,0.914856882358379
mask,0.9,2,Normal,oracle,0.2,3.2,0.7759944384848245
mask,0.9,2,Normal,oracle,0.4,3.0,0.7759944384848245
mask,0.9,2,Normal,oracle,0.6,3.0,0.7759944384848245
mask,0.9,2,Normal,oracle,0.9,3.0,0.7759944384848245
mask,0.9,2,Normal,oracle,1.3,3.0,0.7759944384848245
mask,0.9,2,Normal,oracle,2.0,3.0,0.7759944384848245
mask,0.9,2,Normal,rule,0.0,9.8,0.914856882358379
mask,0.9,2,Normal,rule,0.2,10.2,0.835780413693672
mask,0.9,2,Normal,rule,0.4,10.2,0.835780413693672
mask,0.9,2,Normal,rule,0.6,10.2,0.835780413693672
mask,0.9,2,Normal,rule,0.9,10.2,0.835780413693672
mask,0.9,2,Normal,rule,1.3,10.2,0.835780413693672
mask,0.9,2,Normal,rule,2.0,10.2,0.835780413693672
mask,0.9,2,Normal,learned,0.0,9.8,0.914856882358379
mask,0.9,2,Normal,learned,0.2,6.5,0.7503359712972109
mask,0.9,2,Normal,learned,0.4,6.5,0.7503359712972109
mask,0.9,2,Normal,learned,0.6,6.5,0.756902106715231
mask,0.9,2,Normal,learned,0.9,6.5,0.7600791051976192
mask,0.9,2,Normal,learned,1.3,6.5,0.7600791051976192
mask,0.9,2,Normal,learned,2.0,6.5,0.7600791051976192
mask,0.9,2,Normal,hybrid,0.0,9.8,0.914856882358379
mask,0.9,2,Normal,hybrid,0.2,5.8,0.70937536504841
mask,0.9,2,Normal,hybrid,0.4,5.4,0.6313419460517601
mask,0.9,2,Normal,hybrid,0.6,6.7,0.6313419460517601
mask,0.9,2,Normal,hybrid,0.9,6.7,0.6339753813071974
mask,0.9,2,Normal,hybrid,1.3,6.7,0.643121141594021
mask,0.9,2,Normal,hybrid,2.0,6.7,0.643121141594021
mask,0.9,2,Oily,oracle,0.0,9.4,0.6363762929310754
mask,0.9,2,Oily,oracle,0.2,3.3,0.8630152897016883
mask,0.9,2,Oily,oracle,0.4,3.1,0.8701249883466594
mask,0.9,2,Oily,oracle,0.6,3.0,0.933745776545611
mask,0.9,2,Oily,oracle,0.9,3.0,0.933745776545611
mask,0.9,2,Oily,oracle,1.3,3.0,0.933745776545611
mask,0.9,2,Oily,oracle,2.0,3.0,0.933745776545611
mask,0.9,2,Oily,rule,0.0,9.4,0.6363762929310754
mask,0.9,2,Oily,rule,0.2,9.9,0.9363792118010483
mask,0.9,2,Oily,rule,0.4,9.9,0.9363792118010483
mask,0.9,2,Oily,rule,0.6,9.9,0.9363792118010483
mask,0.9,2,Oily,rule,0.9,9.9,0.9363792118010483
mask,0.9,2,Oily,rule,1.3,9.9,0.9363792118010483
mask,0.9,2,Oily,rule,2.0,9.9,0.9363792118010483
mask,0.9,2,Oily,learned,0.0,9.4,0.6363762929310754
mask,0.9,2,Oily,learned,0.2,8.0,0.7720617383222416
mask,0.9,2,Oily,learned,0.4,6.7,0.7859162856301584
mask,0.9,2,Oily,learned,0.6,6.5,0.791726719367984
mask,0.9,2,Oily,learned,0.9,6.4,0.866947989864271
mask,0.9,2,Oily,learned,1.3,6.4,0.8701249883466594
mask,0.9,2,Oily,learned,2.0,6.5,0.933745776545611
mask,0.9,2,Oily,hybrid,0.0,9.4,0.6363762929310754
mask,0.9,2,Oily,hybrid,0.2,6.6,0.7100226348397881
mask,0.9,2,Oily,hybrid,0.4,7.3,0.7100226348397881
mask,0.9,2,Oily,hybrid,0.6,5.1,0.7100226348397881
mask,0.9,2,Oily,hybrid,0.9,5.1,0.7471589728148225
mask,0.9,2,Oily,hybrid,1.3,5.1,0.7720617383222416
mask,0.9,2,Oily,hybrid,2.0,6.1,0.7720617383222416
mask,0.9,2,Sensitive,oracle,0.0,9.4,0.7799082337019198
mask,0.9,2,Sensitive,oracle,0.2,3.4,1.0
mask,0.9,2,Sensitive,oracle,0.4,3.1,0.9305687780632227
mask,0.9,2,Sensitive,oracle,0.6,3.1,0.9305687780632227
mask,0.9,2,Sensitive,oracle,0.9,3.0,0.9305687780632227
mask,0.9,2,Sensitive,oracle,1.3,3.0,0.9305687780632227
mask,0.9,2,Sensitive,oracle,2.0,3.0,0.9305687780632227
mask,0.9,2,Sensitive,rule,0.0,9.4,0.7799082337019198
mask,0.9,2,Sensitive,rule,0.2,7.8,1.0
mask,0.9,2,Sensitive,rule,0.4,7.8,1.0
mask,0.9,2,Sensitive,rule,0.6,7.8,1.0
mask,0.9,2,Sensitive,rule,0.9,7.8,1.0
mask,0.9,2,Sensitive,rule,1.3,7.8,1.0
mask,0.9,2,Sensitive,rule,2.0,7.8,1.0
mask,0.9,2,Sensitive,learned,0.0,9.4,0.7799082337019198
mask,0.9,2,Sensitive,learned,0.2,5.5,0.7663491917568948
mask,0.9,2,Sensitive,learned,0.4,5.5,0.685119869332369
mask,0.9,2,Sensitive,learned,0.6,5.4,0.6698623505528797
mask,0.9,2,Sensitive,learned,0.9,6.0,0.6698623505528797
mask,0.9,2,Sensitive,learned,1.3,6.0,0.606241562353928
mask,0.9,2,Sensitive,learned,2.0,6.0,0.6004311286161024
mask,0.9,2,Sensitive,hybrid,0.0,9.4,0.7799082337019198
mask,0.9,2,Sensitive,hybrid,0.2,4.6,0.8899541168509599
mask,0.9,2,Sensitive,hybrid,0.4,4.4,0.8899541168509599
mask,0.9,2,Sensitive,hybrid,0.6,5.0,0.8899541168509599
mask,0.9,2,Sensitive,hybrid,0.9,5.0,0.8899541168509599
mask,0.9,2,Sensitive,hybrid,1.3,5.3,0.7600791051976192
mask,0.9,2,Sensitive,hybrid,2.0,5.3,0.7503359712972109
mask,0.9,3,Combination,oracle,0.0,13.1,0.8200685179888283
mask,0.9,3,Combination,oracle,0.2,3.0,0.9216017310213245
mask,0.9,3,Combination,oracle,0.4,3.0,0.9216017310213245
mask,0.9,3,Combination,oracle,0.6,3.0,0.9216017310213245
mask,0.9,3,Combination,oracle,0.9,3.0,0.9216017310213245
mask,0.9,3,Combination,oracle,1.3,3.0,0.9216017310213245
mask,0.9,3,Combination,oracle,2.0,3.0,0.9216017310213245
mask,0.9,3,Combination,rule,0.0,13.1,0.8200685179888283
mask,0.9,3,Combination,rule,0.2,8.7,1.0
mask,0.9,3,Combination,rule,0.4,8.7,1.0
mask,0.9,3,Combination,rule,0.6,8.7,1.0
mask,0.9,3,Combination,rule,0.9,8.7,1.0
mask,0.9,3,Combination,rule,1.3,8.7,1.0
mask,0.9,3,Combination,rule,2.0,8.7,1.0
mask,0.9,3,Combination,learned,0.0,13.1,0.8200685179888283
mask,0.9,3,Combination,learned,0.2,6.5,0.9052116356304493
mask,0.9,3,Combination,learned,0.4,6.1,0.8512360941594274
mask,0.9,3,Combination,learned,0.6,5.8,0.914856882358379
mask,0.9,3,Combination,learned,0.9,5.4,0.9216017310213245
mask,0.9,3,Combination,learned,1.3,5.4,0.9266360779006398
mask,0.9,3,Combination,learned,2.0,5.2,0.9266360779006398
mask,0.9,3,Combination,hybrid,0.0,13.1,0.8200685179888283
mask,0.9,3,Combination,hybrid,0.2,5.0,0.8899541168509599
mask,0.9,3,Combination,hybrid,0.4,5.3,0.8236998933965709
mask,0.9,3,Combination,hybrid,0.6,6.4,0.7753366239771086
mask,0.9,3,Combination,hybrid,0.9,5.1,0.8389574121760602
mask,0.9,3,Combination,hybrid,1.3,5.2,0.8415908474314976
mask,0.9,3,Combination,hybrid,2.0,6.0,0.7849818707050383
mask,0.9,3,Dry,oracle,0.0,9.8,0.8611375561264455
mask,0.9,3,Dry,oracle,0.2,3.4,0.7975167679274938
mask,0.9,3,Dry,oracle,0.4,3.2,0.70937536504841
mask,0.9,3,Dry,oracle,0.6,3.0,0.70937536504841
mask,0.9,3,Dry,oracle,0.9,3.0,0.70937536504841
mask,0.9,3,Dry,oracle,1.3,3.0,0.70937536504841
mask,0.9,3,Dry,oracle,2.0,3.0,0.70937536504841
mask,0.9,3,Dry,rule,0.0,9.8,0.8611375561264455
mask,0.9,3,Dry,rule,0.2,6.9,0.8200685179888283
mask,0.9,3,Dry,rule,0.4,6.9,0.8200685179888283
mask,0.9,3,Dry,rule,0.6,6.9,0.8200685179888283
mask,0.9,3,Dry,rule,0.9,6.9,0.8200685179888283
mask,0.9,3,Dry,rule,1.3,6.9,0.8200685179888283
mask,0.9,3,Dry,rule,2.0,6.9,0.8200685179888283
mask,0.9,3,Dry,learned,0.0,9.8,0.8611375561264455
mask,0.9,3,Dry,learned,0.2,6.7,0.9052116356304493
mask,0.9,3,Dry,learned,0.4,6.6,0.9052116356304493
mask,0.9,3,Dry,learned,0.6,6.4,0.9052116356304493
mask,0.9,3,Dry,learned,0.9,6.0,0.8899541168509599
mask,0.9,3,Dry,learned,1.3,6.7,0.8389574121760602
mask,0.9,3,Dry,learned,2.0,6.3,0.835780413693672
mask,0.9,3,Dry,hybrid,0.0,9.8,0.8611375561264455
mask,0.9,3,Dry,hybrid,0.2,6.0,0.8899541168509599
mask,0.9,3,Dry,hybrid,0.4,6.1,0.8611375561264455
mask,0.9,3,Dry,hybrid,0.6,5.7,0.8611375561264455
mask,0.9,3,Dry,hybrid,0.9,6.5,0.8611375561264455
mask,0.9,3,Dry,hybrid,1.3,6.5,0.8611375561264455
mask,0.9,3,Dry,hybrid,2.0,6.0,0.8611375561264455
mask,0.9,3,Normal,oracle,0.0,8.0,0.914856882358379
mask,0.9,3,Normal,oracle,0.2,3.0,0.8630152897016883
mask,0.9,3,Normal,oracle,0.4,3.0,0.8630152897016883
mask,0.9,3,Normal,oracle,0.6,3.0,0.8630152897016883
mask,0.9,3,Normal,oracle,0.9,3.0,0.8630152897016883
mask,0.9,3,Normal,oracle,1.3,3.0,0.8630152897016883
mask,0.9,3,Normal,oracle,2.0,3.0,0.8630152897016883
mask,0.9,3,Normal,rule,0.0,8.0,0.914856882358379
mask,0.9,3,Normal,rule,0.2,7.5,1.0
mask,0.9,3,Normal,rule,0.4,7.5,1.0
mask,0.9,3,Normal,rule,0.6,7.5,1.0
mask,0.9,3,Normal,rule,0.9,7.5,1.0
mask,0.9,3,Normal,rule,1.3,7.5,1.0
mask,0.9,3,Normal,rule,2.0,7.5,1.0
mask,0.9,3,Normal,learned,0.0,8.0,0.914856882358379
mask,0.9,3,Normal,learned,0.2,6.4,0.7877736340270853
mask,0.9,3,Normal,learned,0.4,7.1,0.7312625444731049
mask,0.9,3,Normal,learned,0.6,6.7,0.7123736502858729
mask,0.9,3,Normal,learned,0.9,5.2,0.6874708847784538
mask,0.9,3,Normal,learned,1.3,5.2,0.606241562353928
mask,0.9,3,Normal,learned,2.0,5.3,0.606241562353928
mask,0.9,3,Normal,hybrid,0.0,8.0,0.914856882358379
mask,0.9,3,Normal,hybrid,0.2,5.6,0.7827392871477701
mask,0.9,3,Normal,hybrid,0.4,5.7,0.718342412090308
mask,0.9,3,Normal,hybrid,0.6,6.1,0.6520881886359191
mask,0.9,3,Normal,hybrid,0.9,6.1,0.6293644814585829
mask,0.9,3,Normal,hybrid,1.3,5.7,0.6969179698201174
mask,0.9,3,Normal,hybrid,2.0,5.1,0.6154062275862391
mask,0.9,3,Oily,oracle,0.0,11.3,0.8899541168509599
mask,0.9,3,Oily,oracle,0.2,3.0,0.8611375561264455
mask,0.9,3,Oily,oracle,0.4,3.0,0.8611375561264455
mask,0.9,3,Oily,oracle,0.6,3.0,0.8611375561264455
mask,0.9,3,Oily,oracle,0.9,3.0,0.8611375561264455
mask,0.9,3,Oily,oracle,1.3,3.0,0.8611375561264455
mask,0.9,3,Oily,oracle,2.0,3.0,0.8611375561264455
mask,0.9,3,Oily,rule,0.0,11.3,0.8899541168509599
mask,0.9,3,Oily,rule,0.2,8.7,0.8611375561264455
mask,0.9,3,Oily,rule,0.4,8.7,0.8611375561264455
mask,0.9,3,Oily,rule,0.6,8.7,0.8611375561264455
mask,0.9,3,Oily,rule,0.9,8.7,0.8611375561264455
mask,0.9,3,Oily,rule,1.3,8.7,0.8611375561264455
mask,0.9,3,Oily,rule,2.0,8.7,0.8611375561264455
mask,0.9,3,Oily,learned,0.0,11.3,0.8899541168509599
mask,0.9,3,Oily,learned,0.2,4.7,0.7542686714597936
mask,0.9,3,Oily,learned,0.4,4.9,0.8318477135310891
mask,0.9,3,Oily,learned,0.6,5.3,0.8318477135310891
mask,0.9,3,Oily,learned,0.9,4.3,0.8318477135310891
mask,0.9,3,Oily,learned,1.3,4.3,0.835780413693672
mask,0.9,3,Oily,learned,2.0,4.3,0.8318477135310891
mask,0.9,3,Oily,hybrid,0.0,11.3,0.8899541168509599
mask,0.9,3,Oily,hybrid,0.2,4.2,0.6281649475693718
mask,0.9,3,Oily,hybrid,0.4,4.1,0.6528642754944295
mask,0.9,3,Oily,hybrid,0.6,4.3,0.7421246259355072
mask,0.9,3,Oily,hybrid,0.9,4.3,0.7421246259355072
mask,0.9,3,Oily,hybrid,1.3,4.3,0.7421246259355072
mask,0.9,3,Oily,hybrid,2.0,3.9,0.7631925784528222
mask,0.9,3,Sensitive,oracle,0.0,8.2,0.8611375561264455
mask,0.9,3,Sensitive,oracle,0.2,3.2,0.933745776545611
mask,0.9,3,Sensitive,oracle,0.4,3.1,0.9305687780632227
mask,0.9,3,Sensitive,oracle,0.6,3.1,0.9305687780632227
mask,0.9,3,Sensitive,oracle,0.9,3.0,0.866947989864271
mask,0.9,3,Sensitive,oracle,1.3,3.0,0.866947989864271
mask,0.9,3,Sensitive,oracle,2.0,3.0,0.866947989864271
mask,0.9,3,Sensitive,rule,0.0,8.2,0.8611375561264455
mask,0.9,3,Sensitive,rule,0.2,6.7,0.9363792118010483
mask,0.9,3,Sensitive,rule,0.4,6.9,1.0
mask,0.9,3,Sensitive,rule,0.6,6.9,1.0
mask,0.9,3,Sensitive,rule,0.9,6.9,1.0
mask,0.9,3,Sensitive,rule,1.3,6.9,1.0
mask,0.9,3,Sensitive,rule,2.0,6.9,1.0
mask,0.9,3,Sensitive,learned,0.0,8.2,0.8611375561264455
mask,0.9,3,Sensitive,learned,0.2,4.6,0.8611375561264455
mask,0.9,3,Sensitive,learned,0.4,4.6,0.8611375561264455
mask,0.9,3,Sensitive,learned,0.6,4.8,0.8899541168509599
mask,0.9,3,Sensitive,learned,0.9,5.4,0.8899541168509599
mask,0.9,3,Sensitive,learned,1.3,6.1,0.8165901947515998
mask,0.9,3,Sensitive,learned,2.0,5.5,0.7529694065526481
mask,0.9,3,Sensitive,hybrid,0.0,8.2,0.8611375561264455
mask,0.9,3,Sensitive,hybrid,0.2,5.8,0.7948833326720566
mask,0.9,3,Sensitive,hybrid,0.4,5.0,0.8611375561264455
mask,0.9,3,Sensitive,hybrid,0.6,5.0,0.8611375561264455
mask,0.9,3,Sensitive,hybrid,0.9,4.9,0.8611375561264455
mask,0.9,3,Sensitive,hybrid,1.3,5.1,0.8611375561264455
mask,0.9,3,Sensitive,hybrid,2.0,5.8,0.8611375561264455
mask,0.9,4,Combination,oracle,0.0,12.6,0.8205228949141826
mask,0.9,4,Combination,oracle,0.2,3.0,0.558714820687107
mask,0.9,4,Combination,oracle,0.4,3.0,0.558714820687107
mask,0.9,4,Combination,oracle,0.6,3.0,0.558714820687107
mask,0.9,4,Combination,oracle,0.9,3.0,0.558714820687107
mask,0.9,4,Combination,oracle,1.3,3.0,0.558714820687107
mask,0.9,4,Combination,oracle,2.0,3.0,0.558714820687107
mask,0.9,4,Combination,rule,0.0,12.6,0.8205228949141826
mask,0.9,4,Combination,rule,0.2,7.5,0.6906478832608419
mask,0.9,4,Combination,rule,0.4,7.5,0.6906478832608419
mask,0.9,4,Combination,rule,0.6,7.5,0.6906478832608419
mask,0.9,4,Combination,rule,0.9,7.5,0.6906478832608419
mask,0.9,4,Combination,rule,1.3,7.5,0.6906478832608419
mask,0.9,4,Combination,rule,2.0,7.5,0.6906478832608419
mask,0.9,4,Combination,learned,0.0,12.6,0.8205228949141826
mask,0.9,4,Combination,learned,0.2,7.1,0.7877736340270853
mask,0.9,4,Combination,learned,0.4,6.9,0.7917063341896682
mask,0.9,4,Combination,learned,0.6,5.7,0.7948833326720566
mask,0.9,4,Combination,learned,0.9,5.7,0.7312625444731049
mask,0.9,4,Combination,learned,1.3,5.7,0.7280855459907165
mask,0.9,4,Combination,learned,2.0,5.7,0.7254521107352793
mask,0.9,4,Combination,hybrid,0.0,12.6,0.8205228949141826
mask,0.9,4,Combination,hybrid,0.2,7.3,0.7827392871477701
mask,0.9,4,Combination,hybrid,0.4,5.5,0.70937536504841
mask,0.9,4,Combination,hybrid,0.6,5.8,0.643121141594021
mask,0.9,4,Combination,hybrid,0.9,5.8,0.6399441431116327
mask,0.9,4,Combination,hybrid,1.3,5.8,0.6331992944486871
mask,0.9,4,Combination,hybrid,2.0,6.3,0.6390097281865127
mask,0.9,4,Dry,oracle,0.0,8.6,0.914856882358379
mask,0.9,4,Dry,oracle,0.2,3.3,0.9363792118010483
mask,0.9,4,Dry,oracle,0.4,3.1,0.9363792118010483
mask,0.9,4,Dry,oracle,0.6,3.0,0.933745776545611
mask,0.9,4,Dry,oracle,0.9,3.0,0.933745776545611
mask,0.9,4,Dry,oracle,1.3,3.0,0.933745776545611
mask,0.9,4,Dry,oracle,2.0,3.0,0.933745776545611
mask,0.9,4,Dry,rule,0.0,8.6,0.914856882358379
mask,0.9,4,Dry,rule,0.2,9.3,1.0
mask,0.9,4,Dry,rule,0.4,9.3,1.0
mask,0.9,4,Dry,rule,0.6,9.3,1.0
mask,0.9,4,Dry,rule,0.9,9.3,1.0
mask,0.9,4,Dry,rule,1.3,9.3,1.0
mask,0.9,4,Dry,rule,2.0,9.3,1.0
mask,0.9,4,Dry,learned,0.0,8.6,0.914856882358379
mask,0.9,4,Dry,learned,0.2,7.4,0.8200685179888283
mask,0.9,4,Dry,learned,0.4,7.8,0.7564477297898765
mask,0.9,4,Dry,learned,0.6,7.5,0.8048109992093389
mask,0.9,4,Dry,learned,0.9,6.6,0.7421246259355072
mask,0.9,4,Dry,learned,1.3,6.6,0.7381919257729244
mask,0.9,4,Dry,learned,2.0,6.6,0.7381919257729244
mask,0.9,4,Dry,hybrid,0.0,8.6,0.914856882358379
mask,0.9,4,Dry,hybrid,0.2,7.3,0.750637296052051
mask,0.9,4,Dry,hybrid,0.4,8.3,0.7314470771099788
mask,0.9,4,Dry,hybrid,0.6,7.2,0.7353797772725615
mask,0.9,4,Dry,hybrid,0.9,7.2,0.7453016244178956
mask,0.9,4,Dry,hybrid,1.3,6.8,0.7503359712972109
mask,0.9,4,Dry,hybrid,2.0,6.8,0.7503359712972109
mask,0.9,4,Normal,oracle,0.0,6.6,0.7026305163854644
mask,0.9,4,Normal,oracle,0.2,3.0,0.9305687780632227
mask,0.9,4,Normal,oracle,0.4,3.0,0.9305687780632227
mask,0.9,4,Normal,oracle,0.6,3.0,0.9305687780632227
mask,0.9,4,Normal,oracle,0.9,3.0,0.9305687780632227
mask,0.9,4,Normal,oracle,1.3,3.0,0.9305687780632227
mask,0.9,4,Normal,oracle,2.0,3.0,0.9305687780632227
mask,0.9,4,Normal,rule,0.0,6.6,0.7026305163854644
mask,0.9,4,Normal,rule,0.2,6.3,0.9363792118010483
mask,0.9,4,Normal,rule,0.4,6.3,0.9363792118010483
mask,0.9,4,Normal,rule,0.6,6.3,0.9363792118010483
mask,0.9,4,Normal,rule,0.9,6.3,0.9363792118010483
mask,0.9,4,Normal,rule,1.3,6.3,0.9363792118010483
mask,0.9,4,Normal,rule,2.0,6.3,0.9363792118010483
mask,0.9,4,Normal,learned,0.0,6.6,0.7026305163854644
mask,0.9,4,Normal,learned,0.2,7.4,0.8521705090845473
mask,0.9,4,Normal,learned,0.4,7.1,0.8579809428223729
mask,0.9,4,Normal,learned,0.6,6.8,0.9266360779006398
mask,0.9,4,Normal,learned,0.9,6.8,0.9266360779006398
mask,0.9,4,Normal,learned,1.3,6.4,0.8572048559638626
mask,0.9,4,Normal,learned,2.0,6.4,0.84860265890399
mask,0.9,4,Normal,hybrid,0.0,6.6,0.7026305163854644
mask,0.9,4,Normal,hybrid,0.2,6.8,0.8364586133797036
mask,0.9,4,Normal,hybrid,0.4,6.7,0.8482378089219645
mask,0.9,4,Normal,hybrid,0.6,6.2,0.8572048559638626
mask,0.9,4,Normal,hybrid,0.9,7.0,0.8603818544462509
mask,0.9,4,Normal,hybrid,1.3,7.0,0.8643145546088338
mask,0.9,4,Normal,hybrid,2.0,7.4,0.84860265890399
mask,0.9,4,Oily,oracle,0.0,8.6,0.6651928536555898
mask,0.9,4,Oily,oracle,0.2,3.3,0.7125523635307982
mask,0.9,4,Oily,oracle,0.4,3.1,0.7846170207230129
mask,0.9,4,Oily,oracle,0.6,3.0,0.8482378089219645
mask,0.9,4,Oily,oracle,0.9,3.0,0.8482378089219645
mask,0.9,4,Oily,oracle,1.3,3.0,0.8482378089219645
mask,0.9,4,Oily,oracle,2.0,3.0,0.8482378089219645
mask,0.9,4,Oily,rule,0.0,8.6,0.6651928536555898
mask,0.9,4,Oily,rule,0.2,9.0,0.8512360941594274
mask,0.9,4,Oily,rule,0.4,9.0,0.8512360941594274
mask,0.9,4,Oily,rule,0.6,9.0,0.8512360941594274
mask,0.9,4,Oily,rule,0.9,9.0,0.8512360941594274
mask,0.9,4,Oily,rule,1.3,9.0,0.8512360941594274
mask,0.9,4,Oily,rule,2.0,9.0,0.8512360941594274
mask,0.9,4,Oily,learned,0.0,8.6,0.6651928536555898
mask,0.9,4,Oily,learned,0.2,6.2,0.7573821447149965
mask,0.9,4,Oily,learned,0.4,5.8,0.7655934900767002
mask,0.9,4,Oily,learned,0.6,6.0,0.7670273914429263
mask,0.9,4,Oily,learned,0.9,6.5,0.7630946912803435
mask,0.9,4,Oily,learned,1.3,6.5,0.7630946912803435
mask,0.9,4,Oily,learned,2.0,6.5,0.7534494445524138
mask,0.9,4,Oily,hybrid,0.0,8.6,0.6651928536555898
mask,0.9,4,Oily,hybrid,0.2,6.3,0.7534494445524138
mask,0.9,4,Oily,hybrid,0.4,6.3,0.7630946912803435
mask,0.9,4,Oily,hybrid,0.6,6.5,0.7909506325094736
mask,0.9,4,Oily,hybrid,0.9,6.7,0.7753366239771086
mask,0.9,4,Oily,hybrid,1.3,6.7,0.7312625444731049
mask,0.9,4,Oily,hybrid,2.0,6.7,0.7312625444731049
mask,0.9,4,Sensitive,oracle,0.0,10.5,0.933745776545611
mask,0.9,4,Sensitive,oracle,0.2,3.4,0.8899541168509599
mask,0.9,4,Sensitive,oracle,0.4,3.3,0.8899541168509599
mask,0.9,4,Sensitive,oracle,0.6,3.2,0.8236998933965709
mask,0.9,4,Sensitive,oracle,0.9,3.0,0.756902106715231
mask,0.9,4,Sensitive,oracle,1.3,3.0,0.756902106715231
mask,0.9,4,Sensitive,oracle,2.0,3.0,0.756902106715231
mask,0.9,4,Sensitive,rule,0.0,10.5,0.933745776545611
mask,0.9,4,Sensitive,rule,0.2,8.4,0.9266360779006398
mask,0.9,4,Sensitive,rule,0.4,8.4,0.9266360779006398
mask,0.9,4,Sensitive,rule,0.6,8.4,0.9266360779006398
mask,0.9,4,Sensitive,rule,0.9,8.4,0.9266360779006398
mask,0.9,4,Sensitive,rule,1.3,8.4,0.9266360779006398
mask,0.9,4,Sensitive,rule,2.0,8.4,0.9266360779006398
mask,0.9,4,Sensitive,learned,0.0,10.5,0.933745776545611
mask,0.9,4,Sensitive,learned,0.2,7.6,0.8579809428223729
mask,0.9,4,Sensitive,learned,0.4,8.3,0.8521705090845473
mask,0.9,4,Sensitive,learned,0.6,8.3,0.8521705090845473
mask,0.9,4,Sensitive,learned,0.9,7.0,0.7885497208855956
mask,0.9,4,Sensitive,learned,1.3,7.0,0.793584067764911
mask,0.9,4,Sensitive,learned,2.0,7.0,0.7909506325094736
mask,0.9,4,Sensitive,hybrid,0.0,10.5,0.933745776545611
mask,0.9,4,Sensitive,hybrid,0.2,9.6,0.9052116356304493
mask,0.9,4,Sensitive,hybrid,0.4,8.3,0.8512360941594274
mask,0.9,4,Sensitive,hybrid,0.6,8.3,0.8482378089219645
mask,0.9,4,Sensitive,hybrid,0.9,6.7,0.7819835854675755
mask,0.9,4,Sensitive,hybrid,1.3,6.7,0.7788065869851872
mask,0.9,4,Sensitive,hybrid,2.0,7.1,0.7125523635307982
mask,1.0,0,Combination,oracle,0.0,10.1,1.0
mask,1.0,0,Combination,oracle,0.2,3.0,0.84860265890399
mask,1.0,0,Combination,oracle,0.4,3.0,0.84860265890399
mask,1.0,0,Combination,oracle,0.6,3.0,0.84860265890399
mask,1.0,0,Combination,oracle,0.9,3.0,0.84860265890399
mask,1.0,0,Combination,oracle,1.3,3.0,0.84860265890399
mask,1.0,0,Combination,oracle,2.0,3.0,0.84860265890399
mask,1.0,0,Combination,rule,0.0,10.1,1.0
mask,1.0,0,Combination,rule,0.2,11.4,1.0
mask,1.0,0,Combination,rule,0.4,11.4,1.0
mask,1.0,0,Combination,rule,0.6,11.4,1.0
mask,1.0,0,Combination,rule,0.9,11.4,1.0
mask,1.0,0,Combination,rule,1.3,11.4,1.0
mask,1.0,0,Combination,rule,2.0,11.4,1.0
mask,1.0,0,Combination,learned,0.0,10.1,1.0
mask,1.0,0,Combination,learned,0.2,5.2,0.5964984284535196
mask,1.0,0,Combination,learned,0.4,5.0,0.575073986183329
mask,1.0,0,Combination,learned,0.6,5.1,0.4800032020044256
mask,1.0,0,Combination,learned,0.9,4.9,0.47682620352203725
mask,1.0,0,Combination,learned,1.3,4.7,0.40927271516050273
mask,1.0,0,Combination,learned,2.0,4.5,0.3372080579682882
mask,1.0,0,Combination,hybrid,0.0,10.1,1.0
mask,1.0,0,Combination,hybrid,0.2,4.4,0.6293644814585829
mask,1.0,0,Combination,hybrid,0.4,4.7,0.5580759111248788
mask,1.0,0,Combination,hybrid,0.6,4.9,0.618519700841442
mask,1.0,0,Combination,hybrid,0.9,4.7,0.5645441593704201
mask,1.0,0,Combination,hybrid,1.3,4.5,0.4131279133289227
mask,1.0,0,Combination,hybrid,2.0,4.5,0.40731747959109704
mask,1.0,0,Dry,oracle,0.0,12.2,0.9266360779006398
mask,1.0,0,Dry,oracle,0.2,3.0,0.914856882358379
mask,1.0,0,Dry,oracle,0.4,3.0,0.914856882358379
mask,1.0,0,Dry,oracle,0.6,3.0,0.914856882358379
mask,1.0,0,Dry,oracle,0.9,3.0,0.914856882358379
mask,1.0,0,Dry,oracle,1.3,3.0,0.914856882358379
mask,1.0,0,Dry,oracle,2.0,3.0,0.914856882358379
mask,1.0,0,Dry,rule,0.0,12.2,0.9266360779006398
mask,1.0,0,Dry,rule,0.2,10.8,1.0
mask,1.0,0,Dry,rule,0.4,10.8,1.0
mask,1.0,0,Dry,rule,0.6,10.8,1.0
mask,1.0,0,Dry,rule,0.9,10.8,1.0
mask,1.0,0,Dry,rule,1.3,10.8,1.0
mask,1.0,0,Dry,rule,2.0,10.8,1.0
mask,1.0,0,Dry,learned,0.0,12.2,0.9266360779006398
mask,1.0,0,Dry,learned,0.2,4.2,0.8611375561264455
mask,1.0,0,Dry,learned,0.4,4.4,0.7975167679274938
mask,1.0,0,Dry,learned,0.6,4.3,0.8611375561264455
mask,1.0,0,Dry,learned,0.9,4.2,0.8263333286520083
mask,1.0,0,Dry,learned,1.3,4.8,0.8389574121760602
mask,1.0,0,Dry,learned,2.0,4.6,0.7885497208855956
mask,1.0,0,Dry,hybrid,0.0,12.2,0.9266360779006398
mask,1.0,0,Dry,hybrid,0.2,3.8,0.8611375561264455
mask,1.0,0,Dry,hybrid,0.4,4.0,0.7948833326720566
mask,1.0,0,Dry,hybrid,0.6,4.3,0.7312625444731049
mask,1.0,0,Dry,hybrid,0.9,4.7,0.8205228949141826
mask,1.0,0,Dry,hybrid,1.3,4.7,0.7655934900767002
mask,1.0,0,Dry,hybrid,2.0,4.6,0.7702043899253147
mask,1.0,0,Normal,oracle,0.0,13.1,0.7100226348397881
mask,1.0,0,Normal,oracle,0.2,3.0,0.914856882358379
mask,1.0,0,Normal,oracle,0.4,3.0,0.914856882358379
mask,1.0,0,Normal,oracle,0.6,3.0,0.914856882358379
mask,1.0,0,Normal,oracle,0.9,3.0,0.914856882358379
mask,1.0,0,Normal,oracle,1.3,3.0,0.914856882358379
mask,1.0,0,Normal,oracle,2.0,3.0,0.914856882358379
mask,1.0,0,Normal,rule,0.0,13.1,0.7100226348397881
mask,1.0,0,Normal,rule,0.2,6.9,0.9305687780632227
mask,1.0,0,Normal,rule,0.4,6.9,0.9305687780632227
mask,1.0,0,Normal,rule,0.6,6.9,0.9305687780632227
mask,1.0,0,Normal,rule,0.9,6.9,0.9305687780632227
mask,1.0,0,Normal,rule,1.3,6.9,0.9305687780632227
mask,1.0,0,Normal,rule,2.0,6.9,0.9305687780632227
mask,1.0,0,Normal,learned,0.0,13.1,0.7100226348397881
mask,1.0,0,Normal,learned,0.2,4.3,0.6410457898283652
mask,1.0,0,Normal,learned,0.4,4.3,0.6410457898283652
mask,1.0,0,Normal,learned,0.6,4.2,0.6410457898283652
mask,1.0,0,Normal,learned,0.9,4.2,0.6410457898283652
mask,1.0,0,Normal,learned,1.3,4.2,0.6410457898283652
mask,1.0,0,Normal,learned,2.0,4.2,0.5014276442746162
mask,1.0,0,Normal,hybrid,0.0,13.1,0.7100226348397881
mask,1.0,0,Normal,hybrid,0.2,4.4,0.7289115290270202
mask,1.0,0,Normal,hybrid,0.4,4.6,0.7027284035579431
mask,1.0,0,Normal,hybrid,0.6,4.2,0.685119869332369
mask,1.0,0,Normal,hybrid,0.9,4.2,0.685119869332369
mask,1.0,0,Normal,hybrid,1.3,4.1,0.5552448576790284
mask,1.0,0,Normal,hybrid,2.0,4.1,0.5519699720241614
mask,1.0,0,Oily,oracle,0.0,8.1,0.5215784827120726
mask,1.0,0,Oily,oracle,0.2,3.2,0.6816808362189439
mask,1.0,0,Oily,oracle,0.4,3.1,0.6816808362189439
mask,1.0,0,Oily,oracle,0.6,3.0,0.6816808362189439
mask,1.0,0,Oily,oracle,0.9,3.0,0.6816808362189439
mask,1.0,0,Oily,oracle,1.3,3.0,0.6816808362189439
mask,1.0,0,Oily,oracle,2.0,3.0,0.6816808362189439
mask,1.0,0,Oily,rule,0.0,8.1,0.5215784827120726
mask,1.0,0,Oily,rule,0.2,7.8,0.9216017310213245
mask,1.0,0,Oily,rule,0.4,7.8,0.9216017310213245
mask,1.0,0,Oily,rule,0.6,7.8,0.9216017310213245
mask,1.0,0,Oily,rule,0.9,7.8,0.9216017310213245
mask,1.0,0,Oily,rule,1.3,7.8,0.9216017310213245
mask,1.0,0,Oily,rule,2.0,7.8,0.9216017310213245
mask,1.0,0,Oily,learned,0.0,8.1,0.5215784827120726
mask,1.0,0,Oily,learned,0.2,4.1,0.7564477297898765
mask,1.0,0,Oily,learned,0.4,4.2,0.6947651160602988
mask,1.0,0,Oily,learned,0.6,5.2,0.5302442049991306
mask,1.0,0,Oily,learned,0.9,5.9,0.4932162989129126
mask,1.0,0,Oily,learned,1.3,5.6,0.42602766053340363
mask,1.0,0,Oily,learned,2.0,4.6,0.5135081645717172
mask,1.0,0,Oily,hybrid,0.0,8.1,0.5215784827120726
mask,1.0,0,Oily,hybrid,0.2,4.3,0.6461194268314838
mask,1.0,0,Oily,hybrid,0.4,4.2,0.6285108926059099
mask,1.0,0,Oily,hybrid,0.6,4.4,0.6214011939609387
mask,1.0,0,Oily,hybrid,0.9,5.5,0.47674870152787435
mask,1.0,0,Oily,hybrid,1.3,5.3,0.36865805394823986
mask,1.0,0,Oily,hybrid,2.0,4.6,0.4526016377006498
mask,1.0,0,Sensitive,oracle,0.0,11.6,1.0
mask,1.0,0,Sensitive,oracle,0.2,3.6,0.8643145546088338
mask,1.0,0,Sensitive,oracle,0.4,3.4,0.8603818544462509
mask,1.0,0,Sensitive,oracle,0.6,3.3,0.9266360779006398
mask,1.0,0,Sensitive,oracle,0.9,3.3,0.9266360779006398
mask,1.0,0,Sensitive,oracle,1.3,3.2,0.9266360779006398
mask,1.0,0,Sensitive,oracle,2.0,3.1,0.9266360779006398
mask,1.0,0,Sensitive,rule,0.0,11.6,1.0
mask,1.0,0,Sensitive,rule,0.2,9.3,1.0
mask,1.0,0,Sensitive,rule,0.4,9.3,1.0
mask,1.0,0,Sensitive,rule,0.6,9.3,1.0
mask,1.0,0,Sensitive,rule,0.9,9.3,1.0
mask,1.0,0,Sensitive,rule,1.3,9.3,1.0
mask,1.0,0,Sensitive,rule,2.0,9.3,1.0
mask,1.0,0,Sensitive,learned,0.0,11.6,1.0
mask,1.0,0,Sensitive,learned,0.2,5.6,0.6253338941235215
mask,1.0,0,Sensitive,learned,0.4,5.6,0.5716145678915879
mask,1.0,0,Sensitive,learned,0.6,3.9,0.5716145678915879
mask,1.0,0,Sensitive,learned,0.9,3.9,0.5079937796926363
mask,1.0,0,Sensitive,learned,1.3,3.9,0.5676818677290052
mask,1.0,0,Sensitive,learned,2.0,3.9,0.5309999066793252
mask,1.0,0,Sensitive,hybrid,0.0,11.6,1.0
mask,1.0,0,Sensitive,hybrid,0.2,5.6,0.6371130896657824
mask,1.0,0,Sensitive,hybrid,0.4,5.6,0.5716145678915879
mask,1.0,0,Sensitive,hybrid,0.6,3.9,0.5716145678915879
mask,1.0,0,Sensitive,hybrid,0.9,3.9,0.5079937796926363
mask,1.0,0,Sensitive,hybrid,1.3,3.9,0.5626475208496899
mask,1.0,0,Sensitive,hybrid,2.0,3.9,0.5462574254588145
mask,1.0,1,Combination,oracle,0.0,8.3,0.7877736340270853
mask,1.0,1,Combination,oracle,0.2,3.0,0.9363792118010483
mask,1.0,1,Combination,oracle,0.4,3.0,0.9363792118010483
mask,1.0,1,Combination,oracle,0.6,3.0,0.9363792118010483
mask,1.0,1,Combination,oracle,0.9,3.0,0.9363792118010483
mask,1.0,1,Combination,oracle,1.3,3.0,0.9363792118010483
mask,1.0,1,Combination,oracle,2.0,3.0,0.9363792118010483
mask,1.0,1,Combination,rule,0.0,8.3,0.7877736340270853
mask,1.0,1,Combination,rule,0.2,10.8,1.0
mask,1.0,1,Combination,rule,0.4,10.8,1.0
mask,1.0,1,Combination,rule,0.6,10.8,1.0
mask,1.0,1,Combination,rule,0.9,10.8,1.0
mask,1.0,1,Combination,rule,1.3,10.8,1.0
mask,1.0,1,Combination,rule,2.0,10.8,1.0
mask,1.0,1,Combination,learned,0.0,8.3,0.7877736340270853
mask,1.0,1,Combination,learned,0.2,7.7,0.7162874455029681
mask,1.0,1,Combination,learned,0.4,7.0,0.7162874455029681
mask,1.0,1,Combination,learned,0.6,7.1,0.6500332220485792
mask,1.0,1,Combination,learned,0.9,7.8,0.6371130896657824
mask,1.0,1,Combination,learned,1.3,7.8,0.6442227883107535
mask,1.0,1,Combination,learned,2.0,8.1,0.5766692999492191
mask,1.0,1,Combination,hybrid,0.0,8.3,0.7877736340270853
mask,1.0,1,Combination,hybrid,0.2,7.7,0.7948833326720566
mask,1.0,1,Combination,hybrid,0.4,7.2,0.7975167679274938
mask,1.0,1,Combination,hybrid,0.6,7.2,0.7975167679274938
mask,1.0,1,Combination,hybrid,0.9,7.1,0.7136540102475308
mask,1.0,1,Combination,hybrid,1.3,7.2,0.6468562235661908
mask,1.0,1,Combination,hybrid,2.0,7.2,0.6311443278613471
mask,1.0,1,Dry,oracle,0.0,11.4,0.8899541168509599
mask,1.0,1,Dry,oracle,0.2,3.0,0.7254521107352793
mask,1.0,1,Dry,oracle,0.4,3.0,0.7254521107352793
mask,1.0,1,Dry,oracle,0.6,3.0,0.7254521107352793
mask,1.0,1,Dry,oracle,0.9,3.0,0.7254521107352793
mask,1.0,1,Dry,oracle,1.3,3.0,0.7254521107352793
mask,1.0,1,Dry,oracle,2.0,3.0,0.7254521107352793
mask,1.0,1,Dry,rule,0.0,11.4,0.8899541168509599
mask,1.0,1,Dry,rule,0.2,9.3,0.8454256604216017
mask,1.0,1,Dry,rule,0.4,9.3,0.8454256604216017
mask,1.0,1,Dry,rule,0.6,9.3,0.8454256604216017
mask,1.0,1,Dry,rule,0.9,9.3,0.8454256604216017
mask,1.0,1,Dry,rule,1.3,9.3,0.8454256604216017
mask,1.0,1,Dry,rule,2.0,9.3,0.8454256604216017
mask,1.0,1,Dry,learned,0.0,11.4,0.8899541168509599
mask,1.0,1,Dry,learned,0.2,7.1,0.6410457898283652
mask,1.0,1,Dry,learned,0.4,7.0,0.6410457898283652
mask,1.0,1,Dry,learned,0.6,7.0,0.6410457898283652
mask,1.0,1,Dry,learned,0.9,7.0,0.6410457898283652
mask,1.0,1,Dry,learned,1.3,7.0,0.6410457898283652
mask,1.0,1,Dry,learned,2.0,7.4,0.6410457898283652
mask,1.0,1,Dry,hybrid,0.0,11.4,0.8899541168509599
mask,1.0,1,Dry,hybrid,0.2,7.0,0.6698623505528797
mask,1.0,1,Dry,hybrid,0.4,6.8,0.6698623505528797
mask,1.0,1,Dry,hybrid,0.6,6.7,0.6698623505528797
mask,1.0,1,Dry,hybrid,0.9,6.7,0.6698623505528797
mask,1.0,1,Dry,hybrid,1.3,6.7,0.6410457898283652
mask,1.0,1,Dry,hybrid,2.0,6.7,0.6410457898283652
mask,1.0,1,Normal,oracle,0.0,9.9,0.7015099647232445
mask,1.0,1,Normal,oracle,0.2,3.2,0.9305687780632227
mask,1.0,1,Normal,oracle,0.4,3.0,0.9305687780632227
mask,1.0,1,Normal,oracle,0.6,3.0,0.9305687780632227
mask,1.0,1,Normal,oracle,0.9,3.0,0.9305687780632227
mask,1.0,1,Normal,oracle,1.3,3.0,0.9305687780632227
mask,1.0,1,Normal,oracle,2.0,3.0,0.9305687780632227
mask,1.0,1,Normal,rule,0.0,9.9,0.7015099647232445
mask,1.0,1,Normal,rule,0.2,9.9,1.0
mask,1.0,1,Normal,rule,0.4,9.9,1.0
mask,1.0,1,Normal,rule,0.6,9.9,1.0
mask,1.0,1,Normal,rule,0.9,9.9,1.0
mask,1.0,1,Normal,rule,1.3,9.9,1.0
mask,1.0,1,Normal,rule,2.0,9.9,1.0
mask,1.0,1,Normal,learned,0.0,9.9,0.7015099647232445
mask,1.0,1,Normal,learned,0.2,7.6,0.7027284035579431
mask,1.0,1,Normal,learned,0.4,6.9,0.5914640815742043
mask,1.0,1,Normal,learned,0.6,6.1,0.5914640815742043
mask,1.0,1,Normal,learned,0.9,6.4,0.5252098581198154
mask,1.0,1,Normal,learned,1.3,6.4,0.5014276442746162
mask,1.0,1,Normal,learned,2.0,6.7,0.43780685607566455
mask,1.0,1,Normal,hybrid,0.0,9.9,0.7015099647232445
mask,1.0,1,Normal,hybrid,0.2,7.6,0.7538142945344393
mask,1.0,1,Normal,hybrid,0.4,7.1,0.7315449642824575
mask,1.0,1,Normal,hybrid,0.6,6.4,0.6652907408280685
mask,1.0,1,Normal,hybrid,0.9,6.4,0.6293644814585829
mask,1.0,1,Normal,hybrid,1.3,6.4,0.522032859637427
mask,1.0,1,Normal,hybrid,2.0,6.4,0.5152880109744814
mask,1.0,1,Oily,oracle,0.0,10.0,0.8512360941594274
mask,1.0,1,Oily,oracle,0.2,3.5,0.7479350596733328
mask,1.0,1,Oily,oracle,0.4,3.3,0.8115558478722845
mask,1.0,1,Oily,oracle,0.6,3.2,0.7542686714597936
mask,1.0,1,Oily,oracle,0.9,3.0,0.8205228949141826
mask,1.0,1,Oily,oracle,1.3,3.0,0.8205228949141826
mask,1.0,1,Oily,oracle,2.0,3.0,0.8205228949141826
mask,1.0,1,Oily,rule,0.0,10.0,0.8512360941594274
mask,1.0,1,Oily,rule,0.2,9.6,0.8364586133797036
mask,1.0,1,Oily,rule,0.4,9.6,0.8364586133797036
mask,1.0,1,Oily,rule,0.6,9.6,0.8364586133797036
mask,1.0,1,Oily,rule,0.9,9.6,0.8364586133797036
mask,1.0,1,Oily,rule,1.3,9.6,0.8364586133797036
mask,1.0,1,Oily,rule,2.0,9.6,0.8364586133797036
mask,1.0,1,Oily,learned,0.0,10.0,0.8512360941594274
mask,1.0,1,Oily,learned,0.2,7.2,0.7162874455029681
mask,1.0,1,Oily,learned,0.4,7.8,0.6004311286161024
mask,1.0,1,Oily,learned,0.6,7.8,0.5626475208496899
mask,1.0,1,Oily,learned,0.9,7.8,0.5626475208496899
mask,1.0,1,Oily,learned,1.3,7.7,0.5626475208496899
mask,1.0,1,Oily,learned,2.0,7.7,0.5626475208496899
mask,1.0,1,Oily,hybrid,0.0,10.0,0.8512360941594274
mask,1.0,1,Oily,hybrid,0.2,7.2,0.7975167679274938
mask,1.0,1,Oily,hybrid,0.4,7.5,0.6528642754944295
mask,1.0,1,Oily,hybrid,0.6,7.8,0.7100226348397881
mask,1.0,1,Oily,hybrid,0.9,7.8,0.7100226348397881
mask,1.0,1,Oily,hybrid,1.3,7.7,0.7100226348397881
mask,1.0,1,Oily,hybrid,2.0,7.7,0.7100226348397881
mask,1.0,1,Sensitive,oracle,0.0,9.9,0.8512360941594274
mask,1.0,1,Sensitive,oracle,0.2,3.3,0.9363792118010483
mask,1.0,1,Sensitive,oracle,0.4,3.3,0.9266360779006398
mask,1.0,1,Sensitive,oracle,0.6,3.3,0.9266360779006398
mask,1.0,1,Sensitive,oracle,0.9,3.2,0.9266360779006398
mask,1.0,1,Sensitive,oracle,1.3,3.0,0.7967610662472993
mask,1.0,1,Sensitive,oracle,2.0,3.0,0.7967610662472993
mask,1.0,1,Sensitive,rule,0.0,9.9,0.8512360941594274
mask,1.0,1,Sensitive,rule,0.2,9.6,1.0
mask,1.0,1,Sensitive,rule,0.4,9.6,1.0
mask,1.0,1,Sensitive,rule,0.6,9.6,1.0
mask,1.0,1,Sensitive,rule,0.9,9.6,1.0
mask,1.0,1,Sensitive,rule,1.3,9.6,1.0
mask,1.0,1,Sensitive,rule,2.0,9.6,1.0
mask,1.0,1,Sensitive,learned,0.0,9.9,0.8512360941594274
mask,1.0,1,Sensitive,learned,0.2,4.2,0.933745776545611
mask,1.0,1,Sensitive,learned,0.4,5.0,0.8899541168509599
mask,1.0,1,Sensitive,learned,0.6,5.5,0.8611375561264455
mask,1.0,1,Sensitive,learned,0.9,5.8,0.7136540102475308
mask,1.0,1,Sensitive,learned,1.3,7.1,0.7065443116025597
mask,1.0,1,Sensitive,learned,2.0,7.1,0.7065443116025597
mask,1.0,1,Sensitive,hybrid,0.0,9.9,0.8512360941594274
mask,1.0,1,Sensitive,hybrid,0.2,5.1,1.0
mask,1.0,1,Sensitive,hybrid,0.4,5.0,0.9266360779006398
mask,1.0,1,Sensitive,hybrid,0.6,5.3,0.8512360941594274
mask,1.0,1,Sensitive,hybrid,0.9,7.1,0.835780413693672
mask,1.0,1,Sensitive,hybrid,1.3,7.1,0.7877736340270853
mask,1.0,1,Sensitive,hybrid,2.0,7.1,0.7827392871477701
mask,1.0,2,Combination,oracle,0.0,11.6,0.9305687780632227
mask,1.0,2,Combination,oracle,0.2,3.0,0.5617131059245698
mask,1.0,2,Combination,oracle,0.4,3.0,0.5617131059245698
mask,1.0,2,Combination,oracle,0.6,3.0,0.5617131059245698
mask,1.0,2,Combination,oracle,0.9,3.0,0.5617131059245698
mask,1.0,2,Combination,oracle,1.3,3.0,0.5617131059245698
mask,1.0,2,Combination,oracle,2.0,3.0,0.5617131059245698
mask,1.0,2,Combination,rule,0.0,11.6,0.9305687780632227
mask,1.0,2,Combination,rule,0.2,6.0,0.7827392871477701
mask,1.0,2,Combination,rule,0.4,6.0,0.7827392871477701
mask,1.0,2,Combination,rule,0.6,6.0,0.7827392871477701
mask,1.0,2,Combination,rule,0.9,6.0,0.7827392871477701
mask,1.0,2,Combination,rule,1.3,6.0,0.7827392871477701
mask,1.0,2,Combination,rule,2.0,6.0,0.7827392871477701
mask,1.0,2,Combination,learned,0.0,11.6,0.9305687780632227
mask,1.0,2,Combination,learned,0.2,6.0,0.7721596254947203
mask,1.0,2,Combination,learned,0.4,5.9,0.7849818707050383
mask,1.0,2,Combination,learned,0.6,5.9,0.7778721720600672
mask,1.0,2,Combination,learned,0.9,5.8,0.7877736340270853
mask,1.0,2,Combination,learned,1.3,7.3,0.7877736340270853
mask,1.0,2,Combination,learned,2.0,7.3,0.7104770117651424
mask,1.0,2,Combination,hybrid,0.0,11.6,0.9305687780632227
mask,1.0,2,Combination,hybrid,0.2,5.6,0.7655934900767002
mask,1.0,2,Combination,hybrid,0.4,5.5,0.7059054020403313
mask,1.0,2,Combination,hybrid,0.6,5.5,0.7019727018777485
mask,1.0,2,Combination,hybrid,0.9,5.4,0.7564477297898765
mask,1.0,2,Combination,hybrid,1.3,6.8,0.8048109992093389
mask,1.0,2,Combination,hybrid,2.0,6.8,0.8115558478722845
mask,1.0,2,Dry,oracle,0.0,9.3,0.9052116356304493
mask,1.0,2,Dry,oracle,0.2,3.5,0.6698623505528797
mask,1.0,2,Dry,oracle,0.4,3.3,0.6036081270984908
mask,1.0,2,Dry,oracle,0.6,3.1,0.5914640815742043
mask,1.0,2,Dry,oracle,0.9,3.1,0.5914640815742043
mask,1.0,2,Dry,oracle,1.3,3.0,0.5914640815742043
mask,1.0,2,Dry,oracle,2.0,3.0,0.5914640815742043
mask,1.0,2,Dry,rule,0.0,9.3,0.9052116356304493
mask,1.0,2,Dry,rule,0.2,10.5,0.8611375561264455
mask,1.0,2,Dry,rule,0.4,10.5,0.8611375561264455
mask,1.0,2,Dry,rule,0.6,10.5,0.8611375561264455
mask,1.0,2,Dry,rule,0.9,10.5,0.8611375561264455
mask,1.0,2,Dry,rule,1.3,10.5,0.8611375561264455
mask,1.0,2,Dry,rule,2.0,10.5,0.8611375561264455
mask,1.0,2,Dry,learned,0.0,9.3,0.9052116356304493
mask,1.0,2,Dry,learned,0.2,7.6,0.8630152897016883
mask,1.0,2,Dry,learned,0.4,7.3,0.8899541168509599
mask,1.0,2,Dry,learned,0.6,6.9,0.7162874455029681
mask,1.0,2,Dry,learned,0.9,6.9,0.7162874455029681
mask,1.0,2,Dry,learned,1.3,6.9,0.7162874455029681
mask,1.0,2,Dry,learned,2.0,6.9,0.7136540102475308
mask,1.0,2,Dry,hybrid,0.0,9.3,0.9052116356304493
mask,1.0,2,Dry,hybrid,0.2,7.6,0.793584067764911
mask,1.0,2,Dry,hybrid,0.4,7.7,0.7695261902392829
mask,1.0,2,Dry,hybrid,0.6,6.8,0.6906478832608419
mask,1.0,2,Dry,hybrid,0.9,6.6,0.7254521107352793
mask,1.0,2,Dry,hybrid,1.3,6.6,0.7254521107352793
mask,1.0,2,Dry,hybrid,2.0,6.7,0.7215194105726964
mask,1.0,2,Normal,oracle,0.0,8.1,0.8899541168509599
mask,1.0,2,Normal,oracle,0.2,3.2,0.8048109992093389
mask,1.0,2,Normal,oracle,0.4,3.0,0.8048109992093389
mask,1.0,2,Normal,oracle,0.6,3.0,0.8048109992093389
mask,1.0,2,Normal,oracle,0.9,3.0,0.8048109992093389
mask,1.0,2,Normal,oracle,1.3,3.0,0.8048109992093389
mask,1.0,2,Normal,oracle,2.0,3.0,0.8048109992093389
mask,1.0,2,Normal,rule,0.0,8.1,0.8899541168509599
mask,1.0,2,Normal,rule,0.2,9.6,0.9266360779006398
mask,1.0,2,Normal,rule,0.4,9.6,0.9266360779006398
mask,1.0,2,Normal,rule,0.6,9.6,0.9266360779006398
mask,1.0,2,Normal,rule,0.9,9.6,0.9266360779006398
mask,1.0,2,Normal,rule,1.3,9.6,0.9266360779006398
mask,1.0,2,Normal,rule,2.0,9.6,0.9266360779006398
mask,1.0,2,Normal,learned,0.0,8.1,0.8899541168509599
mask,1.0,2,Normal,learned,0.2,6.3,0.7241528458281337
mask,1.0,2,Normal,learned,0.4,6.7,0.7917063341896682
mask,1.0,2,Normal,learned,0.6,6.7,0.7948833326720566
mask,1.0,2,Normal,learned,0.9,7.9,0.8611375561264455
mask,1.0,2,Normal,learned,1.3,7.9,0.8611375561264455
mask,1.0,2,Normal,learned,2.0,7.9,0.8611375561264455
mask,1.0,2,Normal,hybrid,0.0,8.1,0.8899541168509599
mask,1.0,2,Normal,hybrid,0.2,6.3,0.6253338941235215
mask,1.0,2,Normal,hybrid,0.4,6.3,0.6285108926059099
mask,1.0,2,Normal,hybrid,0.6,7.6,0.6402900881481708
mask,1.0,2,Normal,hybrid,0.9,7.6,0.6442227883107535
mask,1.0,2,Normal,hybrid,1.3,7.6,0.6442227883107535
mask,1.0,2,Normal,hybrid,2.0,7.6,0.6442227883107535
mask,1.0,2,Oily,oracle,0.0,9.3,0.914856882358379
mask,1.0,2,Oily,oracle,0.2,3.2,0.914856882358379
mask,1.0,2,Oily,oracle,0.4,3.0,0.914856882358379
mask,1.0,2,Oily,oracle,0.6,3.0,0.914856882358379
mask,1.0,2,Oily,oracle,0.9,3.0,0.914856882358379
mask,1.0,2,Oily,oracle,1.3,3.0,0.914856882358379
mask,1.0,2,Oily,oracle,2.0,3.0,0.914856882358379
mask,1.0,2,Oily,rule,0.0,9.3,0.914856882358379
mask,1.0,2,Oily,rule,0.2,7.5,0.8572048559638626
mask,1.0,2,Oily,rule,0.4,7.5,0.8572048559638626
mask,1.0,2,Oily,rule,0.6,7.5,0.8572048559638626
mask,1.0,2,Oily,rule,0.9,7.5,0.8572048559638626
mask,1.0,2,Oily,rule,1.3,7.5,0.8572048559638626
mask,1.0,2,Oily,rule,2.0,7.5,0.8572048559638626
mask,1.0,2,Oily,learned,0.0,9.3,0.914856882358379
mask,1.0,2,Oily,learned,0.2,5.0,0.8268133666517739
mask,1.0,2,Oily,learned,0.4,5.6,0.8364586133797036
mask,1.0,2,Oily,learned,0.6,5.6,0.8414929602590189
mask,1.0,2,Oily,learned,0.9,6.0,0.8482378089219645
mask,1.0,2,Oily,learned,1.3,6.0,0.8603818544462509
mask,1.0,2,Oily,learned,2.0,6.4,0.866947989864271
mask,1.0,2,Oily,hybrid,0.0,9.3,0.914856882358379
mask,1.0,2,Oily,hybrid,0.2,5.0,0.8048109992093389
mask,1.0,2,Oily,hybrid,0.4,5.6,0.8200685179888283
mask,1.0,2,Oily,hybrid,0.6,5.6,0.8200685179888283
mask,1.0,2,Oily,hybrid,0.9,5.6,0.8318477135310891
mask,1.0,2,Oily,hybrid,1.3,6.1,0.8414929602590189
mask,1.0,2,Oily,hybrid,2.0,6.1,0.8414929602590189
mask,1.0,2,Sensitive,oracle,0.0,6.9,0.8268133666517739
mask,1.0,2,Sensitive,oracle,0.2,3.2,0.9363792118010483
mask,1.0,2,Sensitive,oracle,0.4,3.2,0.9305687780632227
mask,1.0,2,Sensitive,oracle,0.6,3.1,0.866947989864271
mask,1.0,2,Sensitive,oracle,0.9,3.0,0.8006937664098821
mask,1.0,2,Sensitive,oracle,1.3,3.0,0.8006937664098821
mask,1.0,2,Sensitive,oracle,2.0,3.0,0.8006937664098821
mask,1.0,2,Sensitive,rule,0.0,6.9,0.8268133666517739
mask,1.0,2,Sensitive,rule,0.2,9.0,0.933745776545611
mask,1.0,2,Sensitive,rule,0.4,9.0,0.933745776545611
mask,1.0,2,Sensitive,rule,0.6,9.0,0.933745776545611
mask,1.0,2,Sensitive,rule,0.9,9.0,0.933745776545611
mask,1.0,2,Sensitive,rule,1.3,9.0,0.933745776545611
mask,1.0,2,Sensitive,rule,2.0,9.0,0.933745776545611
mask,1.0,2,Sensitive,learned,0.0,6.9,0.8268133666517739
mask,1.0,2,Sensitive,learned,0.2,6.5,0.8236998933965709
mask,1.0,2,Sensitive,learned,0.4,6.1,0.8611375561264455
mask,1.0,2,Sensitive,learned,0.6,6.1,0.8611375561264455
mask,1.0,2,Sensitive,learned,0.9,7.1,0.7162874455029681
mask,1.0,2,Sensitive,learned,1.3,6.1,0.6468562235661908
mask,1.0,2,Sensitive,learned,2.0,6.1,0.6320787427864671
mask,1.0,2,Sensitive,hybrid,0.0,6.9,0.8268133666517739
mask,1.0,2,Sensitive,hybrid,0.2,6.2,0.8236998933965709
mask,1.0,2,Sensitive,hybrid,0.4,6.8,0.8263333286520083
mask,1.0,2,Sensitive,hybrid,0.6,6.8,0.7975167679274938
mask,1.0,2,Sensitive,hybrid,0.9,6.1,0.7280855459907165
mask,1.0,2,Sensitive,hybrid,1.3,6.1,0.718342412090308
mask,1.0,2,Sensitive,hybrid,2.0,5.2,0.7026305163854644
mask,1.0,3,Combination,oracle,0.0,11.1,0.933745776545611
mask,1.0,3,Combination,oracle,0.2,3.0,1.0
mask,1.0,3,Combination,oracle,0.4,3.0,1.0
mask,1.0,3,Combination,oracle,0.6,3.0,1.0
mask,1.0,3,Combination,oracle,0.9,3.0,1.0
mask,1.0,3,Combination,oracle,1.3,3.0,1.0
mask,1.0,3,Combination,oracle,2.0,3.0,1.0
mask,1.0,3,Combination,rule,0.0,11.1,0.933745776545611
mask,1.0,3,Combination,rule,0.2,9.9,1.0
mask,1.0,3,Combination,rule,0.4,9.9,1.0
mask,1.0,3,Combination,rule,0.6,9.9,1.0
mask,1.0,3,Combination,rule,0.9,9.9,1.0
mask,1.0,3,Combination,rule,1.3,9.9,1.0
mask,1.0,3,Combination,rule,2.0,9.9,1.0
mask,1.0,3,Combination,learned,0.0,11.1,0.933745776545611
mask,1.0,3,Combination,learned,0.2,6.0,0.84860265890399
mask,1.0,3,Combination,learned,0.4,5.8,0.8553475075669357
mask,1.0,3,Combination,learned,0.6,5.8,0.8482378089219645
mask,1.0,3,Combination,learned,0.9,5.8,0.8521705090845473
mask,1.0,3,Combination,learned,1.3,5.2,0.8454256604216017
mask,1.0,3,Combination,learned,2.0,4.7,0.8454256604216017
mask,1.0,3,Combination,hybrid,0.0,11.1,0.933745776545611
mask,1.0,3,Combination,hybrid,0.2,6.0,0.84860265890399
mask,1.0,3,Combination,hybrid,0.4,5.8,0.84860265890399
mask,1.0,3,Combination,hybrid,0.6,5.8,0.8482378089219645
mask,1.0,3,Combination,hybrid,0.9,5.8,0.8482378089219645
mask,1.0,3,Combination,hybrid,1.3,5.6,0.8165901947515998
mask,1.0,3,Combination,hybrid,2.0,5.4,0.7529694065526481
mask,1.0,3,Dry,oracle,0.0,8.3,0.8205228949141826
mask,1.0,3,Dry,oracle,0.2,3.5,0.8611375561264455
mask,1.0,3,Dry,oracle,0.4,3.4,0.8611375561264455
mask,1.0,3,Dry,oracle,0.6,3.2,0.718342412090308
mask,1.0,3,Dry,oracle,0.9,3.2,0.718342412090308
mask,1.0,3,Dry,oracle,1.3,3.2,0.718342412090308
mask,1.0,3,Dry,oracle,2.0,3.0,0.718342412090308
mask,1.0,3,Dry,rule,0.0,8.3,0.8205228949141826
mask,1.0,3,Dry,rule,0.2,8.4,0.9266360779006398
mask,1.0,3,Dry,rule,0.4,8.4,0.9266360779006398
mask,1.0,3,Dry,rule,0.6,8.4,0.9266360779006398
mask,1.0,3,Dry,rule,0.9,8.4,0.9266360779006398
mask,1.0,3,Dry,rule,1.3,8.4,0.9266360779006398
mask,1.0,3,Dry,rule,2.0,8.4,0.9266360779006398
mask,1.0,3,Dry,learned,0.0,8.3,0.8205228949141826
mask,1.0,3,Dry,learned,0.2,6.3,0.914856882358379
mask,1.0,3,Dry,learned,0.4,5.9,0.9052116356304493
mask,1.0,3,Dry,learned,0.6,5.9,0.7877736340270853
mask,1.0,3,Dry,learned,0.9,5.9,0.7917063341896682
mask,1.0,3,Dry,learned,1.3,5.3,0.7877736340270853
mask,1.0,3,Dry,learned,2.0,5.3,0.8165901947515998
mask,1.0,3,Dry,hybrid,0.0,8.3,0.8205228949141826
mask,1.0,3,Dry,hybrid,0.2,6.3,0.914856882358379
mask,1.0,3,Dry,hybrid,0.4,6.3,0.8899541168509599
mask,1.0,3,Dry,hybrid,0.6,6.2,0.7917063341896682
mask,1.0,3,Dry,hybrid,0.9,5.8,0.7917063341896682
mask,1.0,3,Dry,hybrid,1.3,5.3,0.7917063341896682
mask,1.0,3,Dry,hybrid,2.0,5.3,0.7917063341896682
mask,1.0,3,Normal,oracle,0.0,9.2,0.8454256604216017
mask,1.0,3,Normal,oracle,0.2,3.0,0.914856882358379
mask,1.0,3,Normal,oracle,0.4,3.0,0.914856882358379
mask,1.0,3,Normal,oracle,0.6,3.0,0.914856882358379
mask,1.0,3,Normal,oracle,0.9,3.0,0.914856882358379
mask,1.0,3,Normal,oracle,1.3,3.0,0.914856882358379
mask,1.0,3,Normal,oracle,2.0,3.0,0.914856882358379
mask,1.0,3,Normal,rule,0.0,9.2,0.8454256604216017
mask,1.0,3,Normal,rule,0.2,6.6,0.9305687780632227
mask,1.0,3,Normal,rule,0.4,6.6,0.9305687780632227
mask,1.0,3,Normal,rule,0.6,6.6,0.9305687780632227
mask,1.0,3,Normal,rule,0.9,6.6,0.9305687780632227
mask,1.0,3,Normal,rule,1.3,6.6,0.9305687780632227
mask,1.0,3,Normal,rule,2.0,6.6,0.9305687780632227
mask,1.0,3,Normal,learned,0.0,9.2,0.8454256604216017
mask,1.0,3,Normal,learned,0.2,4.5,0.685119869332369
mask,1.0,3,Normal,learned,0.4,5.7,0.6947651160602988
mask,1.0,3,Normal,learned,0.6,5.7,0.7827392871477701
mask,1.0,3,Normal,learned,0.9,5.3,0.7877736340270853
mask,1.0,3,Normal,learned,1.3,4.8,0.7254521107352793
mask,1.0,3,Normal,learned,2.0,5.4,0.7164850636933812
mask,1.0,3,Normal,hybrid,0.0,9.2,0.8454256604216017
mask,1.0,3,Normal,hybrid,0.2,5.1,0.6698623505528797
mask,1.0,3,Normal,hybrid,0.4,5.9,0.685119869332369
mask,1.0,3,Normal,hybrid,0.6,5.7,0.6947651160602988
mask,1.0,3,Normal,hybrid,0.9,5.7,0.7015099647232445
mask,1.0,3,Normal,hybrid,1.3,5.5,0.642923523403608
mask,1.0,3,Normal,hybrid,2.0,5.6,0.5708588662113935
mask,1.0,3,Oily,oracle,0.0,13.1,0.7849818707050383
mask,1.0,3,Oily,oracle,0.2,3.0,0.8482378089219645
mask,1.0,3,Oily,oracle,0.4,3.0,0.8482378089219645
mask,1.0,3,Oily,oracle,0.6,3.0,0.8482378089219645
mask,1.0,3,Oily,oracle,0.9,3.0,0.8482378089219645
mask,1.0,3,Oily,oracle,1.3,3.0,0.8482378089219645
mask,1.0,3,Oily,oracle,2.0,3.0,0.8482378089219645
mask,1.0,3,Oily,rule,0.0,13.1,0.7849818707050383
mask,1.0,3,Oily,rule,0.2,11.4,1.0
mask,1.0,3,Oily,rule,0.4,11.4,1.0
mask,1.0,3,Oily,rule,0.6,11.4,1.0
mask,1.0,3,Oily,rule,0.9,11.4,1.0
mask,1.0,3,Oily,rule,1.3,11.4,1.0
mask,1.0,3,Oily,rule,2.0,11.4,1.0
mask,1.0,3,Oily,learned,0.0,13.1,0.7849818707050383
mask,1.0,3,Oily,learned,0.2,5.2,0.6698623505528797
mask,1.0,3,Oily,learned,0.4,5.2,0.7191184989488184
mask,1.0,3,Oily,learned,0.6,5.2,0.7241528458281337
mask,1.0,3,Oily,learned,0.9,4.7,0.7254521107352793
mask,1.0,3,Oily,learned,1.3,4.7,0.7600791051976192
mask,1.0,3,Oily,learned,2.0,4.7,0.8263333286520083
mask,1.0,3,Oily,hybrid,0.0,13.1,0.7849818707050383
mask,1.0,3,Oily,hybrid,0.2,5.2,0.6698623505528797
mask,1.0,3,Oily,hybrid,0.4,5.2,0.6285108926059099
mask,1.0,3,Oily,hybrid,0.6,5.1,0.6320787427864671
mask,1.0,3,Oily,hybrid,0.9,5.1,0.6371130896657824
mask,1.0,3,Oily,hybrid,1.3,5.0,0.6371130896657824
mask,1.0,3,Oily,hybrid,2.0,4.8,0.5806020001118019
mask,1.0,3,Sensitive,oracle,0.0,9.3,0.933745776545611
mask,1.0,3,Sensitive,oracle,0.2,3.4,0.9216017310213245
mask,1.0,3,Sensitive,oracle,0.4,3.3,0.9216017310213245
mask,1.0,3,Sensitive,oracle,0.6,3.2,0.9216017310213245
mask,1.0,3,Sensitive,oracle,0.9,3.2,0.9216017310213245
mask,1.0,3,Sensitive,oracle,1.3,3.1,0.8553475075669357
mask,1.0,3,Sensitive,oracle,2.0,3.0,0.8553475075669357
mask,1.0,3,Sensitive,rule,0.0,9.3,0.933745776545611
mask,1.0,3,Sensitive,rule,0.2,7.8,0.914856882358379
mask,1.0,3,Sensitive,rule,0.4,7.8,0.914856882358379
mask,1.0,3,Sensitive,rule,0.6,7.8,0.914856882358379
mask,1.0,3,Sensitive,rule,0.9,7.8,0.914856882358379
mask,1.0,3,Sensitive,rule,1.3,7.8,0.914856882358379
mask,1.0,3,Sensitive,rule,2.0,7.8,0.914856882358379
mask,1.0,3,Sensitive,learned,0.0,9.3,0.933745776545611
mask,1.0,3,Sensitive,learned,0.2,5.4,1.0
mask,1.0,3,Sensitive,learned,0.4,5.4,1.0
mask,1.0,3,Sensitive,learned,0.6,4.5,1.0
mask,1.0,3,Sensitive,learned,0.9,4.9,0.9266360779006398
mask,1.0,3,Sensitive,learned,1.3,4.9,0.8414929602590189
mask,1.0,3,Sensitive,learned,2.0,5.4,0.8115558478722845
mask,1.0,3,Sensitive,hybrid,0.0,9.3,0.933745776545611
mask,1.0,3,Sensitive,hybrid,0.2,5.4,1.0
mask,1.0,3,Sensitive,hybrid,0.4,5.4,1.0
mask,1.0,3,Sensitive,hybrid,0.6,4.9,0.9363792118010483
mask,1.0,3,Sensitive,hybrid,0.9,4.9,0.9266360779006398
mask,1.0,3,Sensitive,hybrid,1.3,4.9,0.8415908474314976
mask,1.0,3,Sensitive,hybrid,2.0,5.4,0.8364586133797036
mask,1.0,4,Combination,oracle,0.0,11.9,0.7799082337019198
mask,1.0,4,Combination,oracle,0.2,3.0,0.7015099647232445
mask,1.0,4,Combination,oracle,0.4,3.0,0.7015099647232445
mask,1.0,4,Combination,oracle,0.6,3.0,0.7015099647232445
mask,1.0,4,Combination,oracle,0.9,3.0,0.7015099647232445
mask,1.0,4,Combination,oracle,1.3,3.0,0.7015099647232445
mask,1.0,4,Combination,oracle,2.0,3.0,0.7015099647232445
mask,1.0,4,Combination,rule,0.0,11.9,0.7799082337019198
mask,1.0,4,Combination,rule,0.2,7.8,0.8611375561264455
mask,1.0,4,Combination,rule,0.4,7.8,0.8611375561264455
mask,1.0,4,Combination,rule,0.6,7.8,0.8611375561264455
mask,1.0,4,Combination,rule,0.9,7.8,0.8611375561264455
mask,1.0,4,Combination,rule,1.3,7.8,0.8611375561264455
mask,1.0,4,Combination,rule,2.0,7.8,0.8611375561264455
mask,1.0,4,Combination,learned,0.0,11.9,0.7799082337019198
mask,1.0,4,Combination,learned,0.2,7.5,0.78180487222265
mask,1.0,4,Combination,learned,0.4,7.7,0.7542686714597936
mask,1.0,4,Combination,learned,0.6,7.3,0.8263333286520083
mask,1.0,4,Combination,learned,0.9,7.7,0.8263333286520083
mask,1.0,4,Combination,learned,1.3,7.7,0.8263333286520083
mask,1.0,4,Combination,learned,2.0,8.3,0.8899541168509599
mask,1.0,4,Combination,hybrid,0.0,11.9,0.7799082337019198
mask,1.0,4,Combination,hybrid,0.2,7.0,0.6937613565160449
mask,1.0,4,Combination,hybrid,0.4,6.9,0.6804503724350792
mask,1.0,4,Combination,hybrid,0.6,6.9,0.6772733739526908
mask,1.0,4,Combination,hybrid,0.9,6.9,0.6870165078530993
mask,1.0,4,Combination,hybrid,1.3,7.2,0.6937613565160449
mask,1.0,4,Combination,hybrid,2.0,7.2,0.6911279212606076
mask,1.0,4,Dry,oracle,0.0,12.5,0.9363792118010483
mask,1.0,4,Dry,oracle,0.2,3.2,0.9305687780632227
mask,1.0,4,Dry,oracle,0.4,3.1,0.9305687780632227
mask,1.0,4,Dry,oracle,0.6,3.1,0.9305687780632227
mask,1.0,4,Dry,oracle,0.9,3.0,0.866947989864271
mask,1.0,4,Dry,oracle,1.3,3.0,0.866947989864271
mask,1.0,4,Dry,oracle,2.0,3.0,0.866947989864271
mask,1.0,4,Dry,rule,0.0,12.5,0.9363792118010483
mask,1.0,4,Dry,rule,0.2,10.5,1.0
mask,1.0,4,Dry,rule,0.4,10.5,1.0
mask,1.0,4,Dry,rule,0.6,10.5,1.0
mask,1.0,4,Dry,rule,0.9,10.5,1.0
mask,1.0,4,Dry,rule,1.3,10.5,1.0
mask,1.0,4,Dry,rule,2.0,10.5,1.0
mask,1.0,4,Dry,learned,0.0,12.5,0.9363792118010483
mask,1.0,4,Dry,learned,0.2,7.5,0.9216017310213245
mask,1.0,4,Dry,learned,0.4,7.4,0.8521705090845473
mask,1.0,4,Dry,learned,0.6,7.4,0.8414929602590189
mask,1.0,4,Dry,learned,0.9,7.9,0.8414929602590189
mask,1.0,4,Dry,learned,1.3,7.9,0.8318477135310891
mask,1.0,4,Dry,learned,2.0,7.9,0.8268133666517739
mask,1.0,4,Dry,hybrid,0.0,12.5,0.9363792118010483
mask,1.0,4,Dry,hybrid,0.2,7.4,1.0
mask,1.0,4,Dry,hybrid,0.4,7.4,1.0
mask,1.0,4,Dry,hybrid,0.6,7.7,0.9216017310213245
mask,1.0,4,Dry,hybrid,0.9,7.7,0.914856882358379
mask,1.0,4,Dry,hybrid,1.3,8.5,0.914856882358379
mask,1.0,4,Dry,hybrid,2.0,8.1,0.84860265890399
mask,1.0,4,Normal,oracle,0.0,7.3,0.6812060741152737
mask,1.0,4,Normal,oracle,0.2,3.0,1.0
mask,1.0,4,Normal,oracle,0.4,3.0,1.0
mask,1.0,4,Normal,oracle,0.6,3.0,1.0
mask,1.0,4,Normal,oracle,0.9,3.0,1.0
mask,1.0,4,Normal,oracle,1.3,3.0,1.0
mask,1.0,4,Normal,oracle,2.0,3.0,1.0
mask,1.0,4,Normal,rule,0.0,7.3,0.6812060741152737
mask,1.0,4,Normal,rule,0.2,6.9,1.0
mask,1.0,4,Normal,rule,0.4,6.9,1.0
mask,1.0,4,Normal,rule,0.6,6.9,1.0
mask,1.0,4,Normal,rule,0.9,6.9,1.0
mask,1.0,4,Normal,rule,1.3,6.9,1.0
mask,1.0,4,Normal,rule,2.0,6.9,1.0
mask,1.0,4,Normal,learned,0.0,7.3,0.6812060741152737
mask,1.0,4,Normal,learned,0.2,8.8,0.933745776545611
mask,1.0,4,Normal,learned,0.4,8.3,0.8512360941594274
mask,1.0,4,Normal,learned,0.6,8.3,0.8415908474314976
mask,1.0,4,Normal,learned,0.9,8.3,0.8415908474314976
mask,1.0,4,Normal,learned,1.3,7.9,0.8415908474314976
mask,1.0,4,Normal,learned,2.0,7.9,0.8263333286520083
mask,1.0,4,Normal,hybrid,0.0,7.3,0.6812060741152737
mask,1.0,4,Normal,hybrid,0.2,7.9,0.9305687780632227
mask,1.0,4,Normal,hybrid,0.4,8.5,0.8630152897016883
mask,1.0,4,Normal,hybrid,0.6,8.5,0.8512360941594274
mask,1.0,4,Normal,hybrid,0.9,8.1,0.8512360941594274
mask,1.0,4,Normal,hybrid,1.3,8.1,0.8512360941594274
mask,1.0,4,Normal,hybrid,2.0,8.1,0.8512360941594274
mask,1.0,4,Oily,oracle,0.0,9.1,0.6874708847784538
mask,1.0,4,Oily,oracle,0.2,3.2,0.7125523635307982
mask,1.0,4,Oily,oracle,0.4,3.1,0.7846170207230129
mask,1.0,4,Oily,oracle,0.6,3.1,0.7846170207230129
mask,1.0,4,Oily,oracle,0.9,3.0,0.7846170207230129
mask,1.0,4,Oily,oracle,1.3,3.0,0.7846170207230129
mask,1.0,4,Oily,oracle,2.0,3.0,0.7846170207230129
mask,1.0,4,Oily,rule,0.0,9.1,0.6874708847784538
mask,1.0,4,Oily,rule,0.2,7.8,0.8643145546088338
mask,1.0,4,Oily,rule,0.4,7.8,0.8643145546088338
mask,1.0,4,Oily,rule,0.6,7.8,0.8643145546088338
mask,1.0,4,Oily,rule,0.9,7.8,0.8643145546088338
mask,1.0,4,Oily,rule,1.3,7.8,0.8643145546088338
mask,1.0,4,Oily,rule,2.0,7.8,0.8643145546088338
mask,1.0,4,Oily,learned,0.0,9.1,0.6874708847784538
mask,1.0,4,Oily,learned,0.2,7.5,0.914856882358379
mask,1.0,4,Oily,learned,0.4,7.4,0.8603818544462509
mask,1.0,4,Oily,learned,0.6,7.4,0.84860265890399
mask,1.0,4,Oily,learned,0.9,7.4,0.835780413693672
mask,1.0,4,Oily,learned,1.3,7.4,0.8389574121760602
mask,1.0,4,Oily,learned,2.0,7.4,0.8236998933965709
mask,1.0,4,Oily,hybrid,0.0,9.1,0.6874708847784538
mask,1.0,4,Oily,hybrid,0.2,7.6,0.7909506325094736
mask,1.0,4,Oily,hybrid,0.4,7.2,0.8553475075669357
mask,1.0,4,Oily,hybrid,0.6,7.3,0.8389574121760602
mask,1.0,4,Oily,hybrid,0.9,6.6,0.7542686714597936
mask,1.0,4,Oily,hybrid,1.3,6.6,0.756902106715231
mask,1.0,4,Oily,hybrid,2.0,7.2,0.8205228949141826
mask,1.0,4,Sensitive,oracle,0.0,11.7,0.9363792118010483
mask,1.0,4,Sensitive,oracle,0.2,3.3,0.9052116356304493
mask,1.0,4,Sensitive,oracle,0.4,3.0,0.9052116356304493
mask,1.0,4,Sensitive,oracle,0.6,3.0,0.9052116356304493
mask,1.0,4,Sensitive,oracle,0.9,3.0,0.9052116356304493
mask,1.0,4,Sensitive,oracle,1.3,3.0,0.9052116356304493
mask,1.0,4,Sensitive,oracle,2.0,3.0,0.9052116356304493
mask,1.0,4,Sensitive,rule,0.0,11.7,0.9363792118010483
mask,1.0,4,Sensitive,rule,0.2,10.2,1.0
mask,1.0,4,Sensitive,rule,0.4,10.2,1.0
mask,1.0,4,Sensitive,rule,0.6,10.2,1.0
mask,1.0,4,Sensitive,rule,0.9,10.2,1.0
mask,1.0,4,Sensitive,rule,1.3,10.2,1.0
mask,1.0,4,Sensitive,rule,2.0,10.2,1.0
mask,1.0,4,Sensitive,learned,0.0,11.7,0.9363792118010483
mask,1.0,4,Sensitive,learned,0.2,7.3,0.8553475075669357
mask,1.0,4,Sensitive,learned,0.4,6.8,0.793584067764911
mask,1.0,4,Sensitive,learned,0.6,6.8,0.7909506325094736
mask,1.0,4,Sensitive,learned,0.9,6.9,0.7222954974312067
mask,1.0,4,Sensitive,learned,1.3,6.9,0.7222954974312067
mask,1.0,4,Sensitive,learned,2.0,6.5,0.7151857987862356
mask,1.0,4,Sensitive,hybrid,0.0,11.7,0.9363792118010483
mask,1.0,4,Sensitive,hybrid,0.2,7.3,0.8454256604216017
mask,1.0,4,Sensitive,hybrid,0.4,7.9,0.8572048559638626
mask,1.0,4,Sensitive,hybrid,0.6,6.8,0.793584067764911
mask,1.0,4,Sensitive,hybrid,0.9,6.8,0.7909506325094736
mask,1.0,4,Sensitive,hybrid,1.3,6.8,0.7859162856301584
mask,1.0,4,Sensitive,hybrid,2.0,6.7,0.7183627972686238
noise,0.0,0,Combination,oracle,0.0,6.9,1.0
noise,0.0,0,Combination,oracle,0.2,3.0,0.7885497208855956
noise,0.0,0,Combination,oracle,0.4,3.0,0.7885497208855956
noise,0.0,0,Combination,oracle,0.6,3.0,0.7885497208855956
noise,0.0,0,Combination,oracle,0.9,3.0,0.7885497208855956
noise,0.0,0,Combination,oracle,1.3,3.0,0.7885497208855956
noise,0.0,0,Combination,oracle,2.0,3.0,0.7885497208855956
noise,0.0,0,Combination,rule,0.0,6.9,1.0
noise,0.0,0,Combination,rule,0.2,3.0,0.7885497208855956
noise,0.0,0,Combination,rule,0.4,3.0,0.7885497208855956
noise,0.0,0,Combination,rule,0.6,3.0,0.7885497208855956
noise,0.0,0,Combination,rule,0.9,3.0,0.7885497208855956
noise,0.0,0,Combination,rule,1.3,3.0,0.7885497208855956
noise,0.0,0,Combination,rule,2.0,3.0,0.7885497208855956
noise,0.0,0,Combination,learned,0.0,6.9,1.0
noise,0.0,0,Combination,learned,0.2,4.2,0.9052116356304493
noise,0.0,0,Combination,learned,0.4,4.0,0.8200685179888283
noise,0.0,0,Combination,learned,0.6,4.1,0.7416702490101529
noise,0.0,0,Combination,learned,0.9,4.1,0.7264127302306636
noise,0.0,0,Combination,learned,1.3,4.1,0.67269340399873
noise,0.0,0,Combination,learned,2.0,3.7,0.6064391805443411
noise,0.0,0,Combination,hybrid,0.0,6.9,1.0
noise,0.0,0,Combination,hybrid,0.2,3.3,0.9363792118010483
noise,0.0,0,Combination,hybrid,0.4,3.2,0.9305687780632227
noise,0.0,0,Combination,hybrid,0.6,3.0,0.9305687780632227
noise,0.0,0,Combination,hybrid,0.9,3.0,0.9363792118010483
noise,0.0,0,Combination,hybrid,1.3,3.0,0.9363792118010483
noise,0.0,0,Combination,hybrid,2.0,3.0,0.9363792118010483
noise,0.0,0,Dry,oracle,0.0,13.4,1.0
noise,0.0,0,Dry,oracle,0.2,3.2,1.0
noise,0.0,0,Dry,oracle,0.4,3.0,1.0
noise,0.0,0,Dry,oracle,0.6,3.0,1.0
noise,0.0,0,Dry,oracle,0.9,3.0,1.0
noise,0.0,0,Dry,oracle,1.3,3.0,1.0
noise,0.0,0,Dry,oracle,2.0,3.0,1.0
noise,0.0,0,Dry,rule,0.0,13.4,1.0
noise,0.0,0,Dry,rule,0.2,3.2,1.0
noise,0.0,0,Dry,rule,0.4,3.0,1.0
noise,0.0,0,Dry,rule,0.6,3.0,1.0
noise,0.0,0,Dry,rule,0.9,3.0,1.0
noise,0.0,0,Dry,rule,1.3,3.0,1.0
noise,0.0,0,Dry,rule,2.0,3.0,1.0
noise,0.0,0,Dry,learned,0.0,13.4,1.0
noise,0.0,0,Dry,learned,0.2,4.2,0.8454256604216017
noise,0.0,0,Dry,learned,0.4,4.1,0.8200685179888283
noise,0.0,0,Dry,learned,0.6,4.3,0.8200685179888283
noise,0.0,0,Dry,learned,0.9,4.2,0.8200685179888283
noise,0.0,0,Dry,learned,1.3,4.3,0.8268133666517739
noise,0.0,0,Dry,learned,2.0,4.3,0.6870165078530993
noise,0.0,0,Dry,hybrid,0.0,13.4,1.0
noise,0.0,0,Dry,hybrid,0.2,3.4,1.0
noise,0.0,0,Dry,hybrid,0.4,3.3,1.0
noise,0.0,0,Dry,hybrid,0.6,3.3,1.0
noise,0.0,0,Dry,hybrid,0.9,3.1,1.0
noise,0.0,0,Dry,hybrid,1.3,3.1,1.0
noise,0.0,0,Dry,hybrid,2.0,3.1,1.0
noise,0.0,0,Normal,oracle,0.0,10.1,0.914856882358379
noise,0.0,0,Normal,oracle,0.2,3.0,0.8579809428223729
noise,0.0,0,Normal,oracle,0.4,3.0,0.8579809428223729
noise,0.0,0,Normal,oracle,0.6,3.0,0.8579809428223729
noise,0.0,0,Normal,oracle,0.9,3.0,0.8579809428223729
noise,0.0,0,Normal,oracle,1.3,3.0,0.8579809428223729
noise,0.0,0,Normal,oracle,2.0,3.0,0.8579809428223729
noise,0.0,0,Normal,rule,0.0,10.1,0.914856882358379
noise,0.0,0,Normal,rule,0.2,3.0,0.8579809428223729
noise,0.0,0,Normal,rule,0.4,3.0,0.8579809428223729
noise,0.0,0,Normal,rule,0.6,3.0,0.8579809428223729
noise,0.0,0,Normal,rule,0.9,3.0,0.8579809428223729
noise,0.0,0,Normal,rule,1.3,3.0,0.8579809428223729
noise,0.0,0,Normal,rule,2.0,3.0,0.8579809428223729
noise,0.0,0,Normal,learned,0.0,10.1,0.914856882358379
noise,0.0,0,Normal,learned,0.2,4.1,1.0
noise,0.0,0,Normal,learned,0.4,4.0,0.933745776545611
noise,0.0,0,Normal,learned,0.6,4.0,0.9052116356304493
noise,0.0,0,Normal,learned,0.9,4.1,0.9052116356304493
noise,0.0,0,Normal,learned,1.3,4.1,0.9052116356304493
noise,0.0,0,Normal,learned,2.0,4.1,0.9052116356304493
noise,0.0,0,Normal,hybrid,0.0,10.1,0.914856882358379
noise,0.0,0,Normal,hybrid,0.2,3.4,0.9305687780632227
noise,0.0,0,Normal,hybrid,0.4,3.3,0.9216017310213245
noise,0.0,0,Normal,hybrid,0.6,3.1,0.9266360779006398
noise,0.0,0,Normal,hybrid,0.9,3.0,0.9363792118010483
noise,0.0,0,Normal,hybrid,1.3,3.0,0.9363792118010483
noise,0.0,0,Normal,hybrid,2.0,3.0,0.9363792118010483
noise,0.0,0,Oily,oracle,0.0,9.0,0.7877736340270853
noise,0.0,0,Oily,oracle,0.2,3.1,0.7183627972686238
noise,0.0,0,Oily,oracle,0.4,3.0,0.7819835854675755
noise,0.0,0,Oily,oracle,0.6,3.0,0.7819835854675755
noise,0.0,0,Oily,oracle,0.9,3.0,0.7819835854675755
noise,0.0,0,Oily,oracle,1.3,3.0,0.7819835854675755
noise,0.0,0,Oily,oracle,2.0,3.0,0.7819835854675755
noise,0.0,0,Oily,rule,0.0,9.0,0.7877736340270853
noise,0.0,0,Oily,rule,0.2,3.1,0.7183627972686238
noise,0.0,0,Oily,rule,0.4,3.0,0.7819835854675755
noise,0.0,0,Oily,rule,0.6,3.0,0.7819835854675755
noise,0.0,0,Oily,rule,0.9,3.0,0.7819835854675755
noise,0.0,0,Oily,rule,1.3,3.0,0.7819835854675755
noise,0.0,0,Oily,rule,2.0,3.0,0.7819835854675755
noise,0.0,0,Oily,learned,0.0,9.0,0.7877736340270853
noise,0.0,0,Oily,learned,0.2,3.7,0.8701249883466594
noise,0.0,0,Oily,learned,0.4,3.6,0.9363792118010483
noise,0.0,0,Oily,learned,0.6,3.6,0.9363792118010483
noise,0.0,0,Oily,learned,0.9,3.6,0.9363792118010483
noise,0.0,0,Oily,learned,1.3,3.6,0.9363792118010483
noise,0.0,0,Oily,learned,2.0,3.7,0.9363792118010483
noise,0.0,0,Oily,hybrid,0.0,9.0,0.7877736340270853
noise,0.0,0,Oily,hybrid,0.2,3.3,0.8572048559638626
noise,0.0,0,Oily,hybrid,0.4,3.3,0.8701249883466594
noise,0.0,0,Oily,hybrid,0.6,3.3,0.8701249883466594
noise,0.0,0,Oily,hybrid,0.9,3.3,0.8701249883466594
noise,0.0,0,Oily,hybrid,1.3,3.3,0.8701249883466594
noise,0.0,0,Oily,hybrid,2.0,3.1,1.0
noise,0.0,0,Sensitive,oracle,0.0,11.1,0.9305687780632227
noise,0.0,0,Sensitive,oracle,0.2,3.8,0.9266360779006398
noise,0.0,0,Sensitive,oracle,0.4,3.4,0.8701249883466594
noise,0.0,0,Sensitive,oracle,0.6,3.2,0.866947989864271
noise,0.0,0,Sensitive,oracle,0.9,3.2,0.8603818544462509
noise,0.0,0,Sensitive,oracle,1.3,3.2,0.8572048559638626
noise,0.0,0,Sensitive,oracle,2.0,3.2,0.8572048559638626
noise,0.0,0,Sensitive,rule,0.0,11.1,0.9305687780632227
noise,0.0,0,Sensitive,rule,0.2,3.8,0.9266360779006398
noise,0.0,0,Sensitive,rule,0.4,3.4,0.8701249883466594
noise,0.0,0,Sensitive,rule,0.6,3.2,0.866947989864271
noise,0.0,0,Sensitive,rule,0.9,3.2,0.8603818544462509
noise,0.0,0,Sensitive,rule,1.3,3.2,0.8572048559638626
noise,0.0,0,Sensitive,rule,2.0,3.2,0.8572048559638626
noise,0.0,0,Sensitive,learned,0.0,11.1,0.9305687780632227
noise,0.0,0,Sensitive,learned,0.2,4.1,0.9305687780632227
noise,0.0,0,Sensitive,learned,0.4,3.9,0.933745776545611
noise,0.0,0,Sensitive,learned,0.6,3.8,1.0
noise,0.0,0,Sensitive,learned,0.9,3.7,1.0
noise,0.0,0,Sensitive,learned,1.3,3.4,0.933745776545611
noise,0.0,0,Sensitive,learned,2.0,3.4,0.914856882358379
noise,0.0,0,Sensitive,hybrid,0.0,11.1,0.9305687780632227
noise,0.0,0,Sensitive,hybrid,0.2,3.8,0.9266360779006398
noise,0.0,0,Sensitive,hybrid,0.4,3.6,0.933745776545611
noise,0.0,0,Sensitive,hybrid,0.6,3.6,0.933745776545611
noise,0.0,0,Sensitive,hybrid,0.9,3.4,0.8701249883466594
noise,0.0,0,Sensitive,hybrid,1.3,3.4,0.8701249883466594
noise,0.0,0,Sensitive,hybrid,2.0,3.2,0.933745776545611
noise,0.0,1,Combination,oracle,0.0,10.5,0.8899541168509599
noise,0.0,1,Combination,oracle,0.2,3.0,0.9363792118010483
noise,0.0,1,Combination,oracle,0.4,3.0,0.9363792118010483
noise,0.0,1,Combination,oracle,0.6,3.0,0.9363792118010483
noise,0.0,1,Combination,oracle,0.9,3.0,0.9363792118010483
noise,0.0,1,Combination,oracle,1.3,3.0,0.9363792118010483
noise,0.0,1,Combination,oracle,2.0,3.0,0.9363792118010483
noise,0.0,1,Combination,rule,0.0,10.5,0.8899541168509599
noise,0.0,1,Combination,rule,0.2,3.0,0.9363792118010483
noise,0.0,1,Combination,rule,0.4,3.0,0.9363792118010483
noise,0.0,1,Combination,rule,0.6,3.0,0.9363792118010483
noise,0.0,1,Combination,rule,0.9,3.0,0.9363792118010483
noise,0.0,1,Combination,rule,1.3,3.0,0.9363792118010483
noise,0.0,1,Combination,rule,2.0,3.0,0.9363792118010483
noise,0.0,1,Combination,learned,0.0,10.5,0.8899541168509599
noise,0.0,1,Combination,learned,0.2,3.6,1.0
noise,0.0,1,Combination,learned,0.4,3.9,1.0
noise,0.0,1,Combination,learned,0.6,3.9,1.0
noise,0.0,1,Combination,learned,0.9,3.9,1.0
noise,0.0,1,Combination,learned,1.3,3.6,0.9363792118010483
noise,0.0,1,Combination,learned,2.0,3.6,0.914856882358379
noise,0.0,1,Combination,hybrid,0.0,10.5,0.8899541168509599
noise,0.0,1,Combination,hybrid,0.2,3.1,1.0
noise,0.0,1,Combination,hybrid,0.4,3.0,1.0
noise,0.0,1,Combination,hybrid,0.6,3.0,1.0
noise,0.0,1,Combination,hybrid,0.9,3.0,1.0
noise,0.0,1,Combination,hybrid,1.3,3.0,1.0
noise,0.0,1,Combination,hybrid,2.0,3.0,1.0
noise,0.0,1,Dry,oracle,0.0,9.3,0.9216017310213245
noise,0.0,1,Dry,oracle,0.2,3.2,0.9305687780632227
noise,0.0,1,Dry,oracle,0.4,3.0,0.9266360779006398
noise,0.0,1,Dry,oracle,0.6,3.0,0.9266360779006398
noise,0.0,1,Dry,oracle,0.9,3.0,0.9266360779006398
noise,0.0,1,Dry,oracle,1.3,3.0,0.9266360779006398
noise,0.0,1,Dry,oracle,2.0,3.0,0.9266360779006398
noise,0.0,1,Dry,rule,0.0,9.3,0.9216017310213245
noise,0.0,1,Dry,rule,0.2,3.2,0.9305687780632227
noise,0.0,1,Dry,rule,0.4,3.0,0.9266360779006398
noise,0.0,1,Dry,rule,0.6,3.0,0.9266360779006398
noise,0.0,1,Dry,rule,0.9,3.0,0.9266360779006398
noise,0.0,1,Dry,rule,1.3,3.0,0.9266360779006398
noise,0.0,1,Dry,rule,2.0,3.0,0.9266360779006398
noise,0.0,1,Dry,learned,0.0,9.3,0.9216017310213245
noise,0.0,1,Dry,learned,0.2,4.3,0.7909506325094736
noise,0.0,1,Dry,learned,0.4,3.8,0.8268133666517739
noise,0.0,1,Dry,learned,0.6,4.1,0.8200685179888283
noise,0.0,1,Dry,learned,0.9,4.1,0.8115558478722845
noise,0.0,1,Dry,learned,1.3,4.1,0.8165901947515998
noise,0.0,1,Dry,learned,2.0,4.1,0.8165901947515998
noise,0.0,1,Dry,hybrid,0.0,9.3,0.9216017310213245
noise,0.0,1,Dry,hybrid,0.2,3.3,1.0
noise,0.0,1,Dry,hybrid,0.4,3.2,1.0
noise,0.0,1,Dry,hybrid,0.6,3.2,1.0
noise,0.0,1,Dry,hybrid,0.9,3.2,1.0
noise,0.0,1,Dry,hybrid,1.3,3.0,1.0
noise,0.0,1,Dry,hybrid,2.0,3.0,1.0
noise,0.0,1,Normal,oracle,0.0,8.6,0.7799082337019198
noise,0.0,1,Normal,oracle,0.2,3.0,0.8579809428223729
noise,0.0,1,Normal,oracle,0.4,3.0,0.8579809428223729
noise,0.0,1,Normal,oracle,0.6,3.0,0.8579809428223729
noise,0.0,1,Normal,oracle,0.9,3.0,0.8579809428223729
noise,0.0,1,Normal,oracle,1.3,3.0,0.8579809428223729
noise,0.0,1,Normal,oracle,2.0,3.0,0.8579809428223729
noise,0.0,1,Normal,rule,0.0,8.6,0.7799082337019198
noise,0.0,1,Normal,rule,0.2,3.0,0.8579809428223729
noise,0.0,1,Normal,rule,0.4,3.0,0.8579809428223729
noise,0.0,1,Normal,rule,0.6,3.0,0.8579809428223729
noise,0.0,1,Normal,rule,0.9,3.0,0.8579809428223729
noise,0.0,1,Normal,rule,1.3,3.0,0.8579809428223729
noise,0.0,1,Normal,rule,2.0,3.0,0.8579809428223729
noise,0.0,1,Normal,learned,0.0,8.6,0.7799082337019198
noise,0.0,1,Normal,learned,0.2,3.4,0.9216017310213245
noise,0.0,1,Normal,learned,0.4,3.4,0.9216017310213245
noise,0.0,1,Normal,learned,0.6,3.4,0.9216017310213245
noise,0.0,1,Normal,learned,0.9,3.7,0.8482378089219645
noise,0.0,1,Normal,learned,1.3,4.0,0.793584067764911
noise,0.0,1,Normal,learned,2.0,4.0,0.7655934900767002
noise,0.0,1,Normal,hybrid,0.0,8.6,0.7799082337019198
noise,0.0,1,Normal,hybrid,0.2,3.1,1.0
noise,0.0,1,Normal,hybrid,0.4,3.1,1.0
noise,0.0,1,Normal,hybrid,0.6,3.0,1.0
noise,0.0,1,Normal,hybrid,0.9,3.0,1.0
noise,0.0,1,Normal,hybrid,1.3,3.0,0.9363792118010483
noise,0.0,1,Normal,hybrid,2.0,3.0,1.0
noise,0.0,1,Oily,oracle,0.0,11.0,0.8630152897016883
noise,0.0,1,Oily,oracle,0.2,3.3,0.7951657524814092
noise,0.0,1,Oily,oracle,0.4,3.1,0.6906478832608419
noise,0.0,1,Oily,oracle,0.6,3.0,0.6906478832608419
noise,0.0,1,Oily,oracle,0.9,3.0,0.6906478832608419
noise,0.0,1,Oily,oracle,1.3,3.0,0.6906478832608419
noise,0.0,1,Oily,oracle,2.0,3.0,0.6906478832608419
noise,0.0,1,Oily,rule,0.0,11.0,0.8630152897016883
noise,0.0,1,Oily,rule,0.2,3.3,0.7951657524814092
noise,0.0,1,Oily,rule,0.4,3.1,0.6906478832608419
noise,0.0,1,Oily,rule,0.6,3.0,0.6906478832608419
noise,0.0,1,Oily,rule,0.9,3.0,0.6906478832608419
noise,0.0,1,Oily,rule,1.3,3.0,0.6906478832608419
noise,0.0,1,Oily,rule,2.0,3.0,0.6906478832608419
noise,0.0,1,Oily,learned,0.0,11.0,0.8630152897016883
noise,0.0,1,Oily,learned,0.2,4.1,0.8512360941594274
noise,0.0,1,Oily,learned,0.4,4.0,0.9305687780632227
noise,0.0,1,Oily,learned,0.6,3.9,0.866947989864271
noise,0.0,1,Oily,learned,0.9,3.9,0.8415908474314976
noise,0.0,1,Oily,learned,1.3,3.4,0.8263333286520083
noise,0.0,1,Oily,learned,2.0,3.4,0.8165901947515998
noise,0.0,1,Oily,hybrid,0.0,11.0,0.8630152897016883
noise,0.0,1,Oily,hybrid,0.2,3.4,0.8236998933965709
noise,0.0,1,Oily,hybrid,0.4,3.4,0.8553475075669357
noise,0.0,1,Oily,hybrid,0.6,3.4,0.8603818544462509
noise,0.0,1,Oily,hybrid,0.9,3.3,0.7967610662472993
noise,0.0,1,Oily,hybrid,1.3,3.2,0.8643145546088338
noise,0.0,1,Oily,hybrid,2.0,3.0,0.8630152897016883
noise,0.0,1,Sensitive,oracle,0.0,11.0,0.7917063341896682
noise,0.0,1,Sensitive,oracle,0.2,3.4,1.0
noise,0.0,1,Sensitive,oracle,0.4,3.4,1.0
noise,0.0,1,Sensitive,oracle,0.6,3.3,1.0
noise,0.0,1,Sensitive,oracle,0.9,3.2,1.0
noise,0.0,1,Sensitive,oracle,1.3,3.1,1.0
noise,0.0,1,Sensitive,oracle,2.0,3.0,1.0
noise,0.0,1,Sensitive,rule,0.0,11.0,0.7917063341896682
noise,0.0,1,Sensitive,rule,0.2,3.4,1.0
noise,0.0,1,Sensitive,rule,0.4,3.4,1.0
noise,0.0,1,Sensitive,rule,0.6,3.3,1.0
noise,0.0,1,Sensitive,rule,0.9,3.2,1.0
noise,0.0,1,Sensitive,rule,1.3,3.1,1.0
noise,0.0,1,Sensitive,rule,2.0,3.0,1.0
noise,0.0,1,Sensitive,learned,0.0,11.0,0.7917063341896682
noise,0.0,1,Sensitive,learned,0.2,4.1,0.9363792118010483
noise,0.0,1,Sensitive,learned,0.4,3.6,1.0
noise,0.0,1,Sensitive,learned,0.6,3.4,1.0
noise,0.0,1,Sensitive,learned,0.9,3.4,1.0
noise,0.0,1,Sensitive,learned,1.3,3.7,0.9305687780632227
noise,0.0,1,Sensitive,learned,2.0,3.7,0.9216017310213245
noise,0.0,1,Sensitive,hybrid,0.0,11.0,0.7917063341896682
noise,0.0,1,Sensitive,hybrid,0.2,3.6,0.9363792118010483
noise,0.0,1,Sensitive,hybrid,0.4,3.4,0.8701249883466594
noise,0.0,1,Sensitive,hybrid,0.6,3.4,0.8701249883466594
noise,0.0,1,Sensitive,hybrid,0.9,3.3,0.9363792118010483
noise,0.0,1,Sensitive,hybrid,1.3,3.2,1.0
noise,0.0,1,Sensitive,hybrid,2.0,3.2,1.0
noise,0.0,2,Combination,oracle,0.0,13.2,0.933745776545611
noise,0.0,2,Combination,oracle,0.2,3.0,0.7778721720600672
noise,0.0,2,Combination,oracle,0.4,3.0,0.7778721720600672
noise,0.0,2,Combination,oracle,0.6,3.0,0.7778721720600672
noise,0.0,2,Combination,oracle,0.9,3.0,0.7778721720600672
noise,0.0,2,Combination,oracle,1.3,3.0,0.7778721720600672
noise,0.0,2,Combination,oracle,2.0,3.0,0.7778721720600672
noise,0.0,2,Combination,rule,0.0,13.2,0.933745776545611
noise,0.0,2,Combination,rule,0.2,3.0,0.7778721720600672
noise,0.0,2,Combination,rule,0.4,3.0,0.7778721720600672
noise,0.0,2,Combination,rule,0.6,3.0,0.7778721720600672
noise,0.0,2,Combination,rule,0.9,3.0,0.7778721720600672
noise,0.0,2,Combination,rule,1.3,3.0,0.7778721720600672
noise,0.0,2,Combination,rule,2.0,3.0,0.7778721720600672
noise,0.0,2,Combination,learned,0.0,13.2,0.933745776545611
noise,0.0,2,Combination,learned,0.2,3.6,0.914856882358379
noise,0.0,2,Combination,learned,0.4,3.6,0.914856882358379
noise,0.0,2,Combination,learned,0.6,3.6,0.8414929602590189
noise,0.0,2,Combination,learned,0.9,3.6,0.8414929602590189
noise,0.0,2,Combination,learned,1.3,3.2,0.8414929602590189
noise,0.0,2,Combination,learned,2.0,3.4,0.8414929602590189
noise,0.0,2,Combination,hybrid,0.0,13.2,0.933745776545611
noise,0.0,2,Combination,hybrid,0.2,3.0,0.8268133666517739
noise,0.0,2,Combination,hybrid,0.4,3.0,0.8268133666517739
noise,0.0,2,Combination,hybrid,0.6,3.0,0.8268133666517739
noise,0.0,2,Combination,hybrid,0.9,3.0,0.8268133666517739
noise,0.0,2,Combination,hybrid,1.3,3.0,0.8268133666517739
noise,0.0,2,Combination,hybrid,2.0,3.0,0.8268133666517739
noise,0.0,2,Dry,oracle,0.0,10.9,0.9305687780632227
noise,0.0,2,Dry,oracle,0.2,3.6,0.8611375561264455
noise,0.0,2,Dry,oracle,0.4,3.4,0.7827392871477701
noise,0.0,2,Dry,oracle,0.6,3.3,0.70937536504841
noise,0.0,2,Dry,oracle,0.9,3.1,0.70937536504841
noise,0.0,2,Dry,oracle,1.3,3.1,0.70937536504841
noise,0.0,2,Dry,oracle,2.0,3.0,0.70937536504841
noise,0.0,2,Dry,rule,0.0,10.9,0.9305687780632227
noise,0.0,2,Dry,rule,0.2,3.6,0.8611375561264455
noise,0.0,2,Dry,rule,0.4,3.4,0.7827392871477701
noise,0.0,2,Dry,rule,0.6,3.3,0.70937536504841
noise,0.0,2,Dry,rule,0.9,3.1,0.70937536504841
noise,0.0,2,Dry,rule,1.3,3.1,0.70937536504841
noise,0.0,2,Dry,rule,2.0,3.0,0.70937536504841
noise,0.0,2,Dry,learned,0.0,10.9,0.9305687780632227
noise,0.0,2,Dry,learned,0.2,3.8,0.8899541168509599
noise,0.0,2,Dry,learned,0.4,3.8,0.835780413693672
noise,0.0,2,Dry,learned,0.6,3.7,0.8389574121760602
noise,0.0,2,Dry,learned,0.9,3.8,0.8630152897016883
noise,0.0,2,Dry,learned,1.3,3.8,0.866947989864271
noise,0.0,2,Dry,learned,2.0,3.8,0.9305687780632227
noise,0.0,2,Dry,hybrid,0.0,10.9,0.9305687780632227
noise,0.0,2,Dry,hybrid,0.2,3.6,0.7799082337019198
noise,0.0,2,Dry,hybrid,0.4,3.6,0.7162874455029681
noise,0.0,2,Dry,hybrid,0.6,3.6,0.7162874455029681
noise,0.0,2,Dry,hybrid,0.9,3.4,0.7799082337019198
noise,0.0,2,Dry,hybrid,1.3,3.4,0.7799082337019198
noise,0.0,2,Dry,hybrid,2.0,3.2,0.7799082337019198
noise,0.0,2,Normal,oracle,0.0,10.6,0.9266360779006398
noise,0.0,2,Normal,oracle,0.2,3.2,0.6947651160602988
noise,0.0,2,Normal,oracle,0.4,3.0,0.6947651160602988
noise,0.0,2,Normal,oracle,0.6,3.0,0.6947651160602988
noise,0.0,2,Normal,oracle,0.9,3.0,0.6947651160602988
noise,0.0,2,Normal,oracle,1.3,3.0,0.6947651160602988
noise,0.0,2,Normal,oracle,2.0,3.0,0.6947651160602988
noise,0.0,2,Normal,rule,0.0,10.6,0.9266360779006398
noise,0.0,2,Normal,rule,0.2,3.2,0.6947651160602988
noise,0.0,2,Normal,rule,0.4,3.0,0.6947651160602988
noise,0.0,2,Normal,rule,0.6,3.0,0.6947651160602988
noise,0.0,2,Normal,rule,0.9,3.0,0.6947651160602988
noise,0.0,2,Normal,rule,1.3,3.0,0.6947651160602988
noise,0.0,2,Normal,rule,2.0,3.0,0.6947651160602988
noise,0.0,2,Normal,learned,0.0,10.6,0.9266360779006398
noise,0.0,2,Normal,learned,0.2,4.0,0.9216017310213245
noise,0.0,2,Normal,learned,0.4,3.8,0.9305687780632227
noise,0.0,2,Normal,learned,0.6,3.8,1.0
noise,0.0,2,Normal,learned,0.9,3.9,1.0
noise,0.0,2,Normal,learned,1.3,3.9,1.0
noise,0.0,2,Normal,learned,2.0,3.8,1.0
noise,0.0,2,Normal,hybrid,0.0,10.6,0.9266360779006398
noise,0.0,2,Normal,hybrid,0.2,3.3,0.7799082337019198
noise,0.0,2,Normal,hybrid,0.4,3.2,0.7799082337019198
noise,0.0,2,Normal,hybrid,0.6,3.0,0.7799082337019198
noise,0.0,2,Normal,hybrid,0.9,3.0,0.7799082337019198
noise,0.0,2,Normal,hybrid,1.3,3.0,0.7799082337019198
noise,0.0,2,Normal,hybrid,2.0,3.0,0.7799082337019198
noise,0.0,2,Oily,oracle,0.0,10.7,0.7917063341896682
noise,0.0,2,Oily,oracle,0.2,3.2,0.791726719367984
noise,0.0,2,Oily,oracle,0.4,3.1,0.8553475075669357
noise,0.0,2,Oily,oracle,0.6,3.0,0.9216017310213245
noise,0.0,2,Oily,oracle,0.9,3.0,0.9216017310213245
noise,0.0,2,Oily,oracle,1.3,3.0,0.9216017310213245
noise,0.0,2,Oily,oracle,2.0,3.0,0.9216017310213245
noise,0.0,2,Oily,rule,0.0,10.7,0.7917063341896682
noise,0.0,2,Oily,rule,0.2,3.2,0.791726719367984
noise,0.0,2,Oily,rule,0.4,3.1,0.8553475075669357
noise,0.0,2,Oily,rule,0.6,3.0,0.9216017310213245
noise,0.0,2,Oily,rule,0.9,3.0,0.9216017310213245
noise,0.0,2,Oily,rule,1.3,3.0,0.9216017310213245
noise,0.0,2,Oily,rule,2.0,3.0,0.9216017310213245
noise,0.0,2,Oily,learned,0.0,10.7,0.7917063341896682
noise,0.0,2,Oily,learned,0.2,3.8,0.8603818544462509
noise,0.0,2,Oily,learned,0.4,4.1,0.914856882358379
noise,0.0,2,Oily,learned,0.6,4.1,0.9266360779006398
noise,0.0,2,Oily,learned,0.9,3.7,0.9266360779006398
noise,0.0,2,Oily,learned,1.3,3.7,0.933745776545611
noise,0.0,2,Oily,learned,2.0,3.7,0.933745776545611
noise,0.0,2,Oily,hybrid,0.0,10.7,0.7917063341896682
noise,0.0,2,Oily,hybrid,0.2,3.2,0.8553475075669357
noise,0.0,2,Oily,hybrid,0.4,3.2,0.8553475075669357
noise,0.0,2,Oily,hybrid,0.6,3.0,0.9216017310213245
noise,0.0,2,Oily,hybrid,0.9,3.0,0.9216017310213245
noise,0.0,2,Oily,hybrid,1.3,3.0,0.9216017310213245
noise,0.0,2,Oily,hybrid,2.0,3.0,0.9216017310213245
noise,0.0,2,Sensitive,oracle,0.0,8.1,0.7948833326720566
noise,0.0,2,Sensitive,oracle,0.2,3.3,0.9266360779006398
noise,0.0,2,Sensitive,oracle,0.4,3.1,0.8630152897016883
noise,0.0,2,Sensitive,oracle,0.6,3.0,0.7967610662472993
noise,0.0,2,Sensitive,oracle,0.9,3.0,0.7967610662472993
noise,0.0,2,Sensitive,oracle,1.3,3.0,0.7967610662472993
noise,0.0,2,Sensitive,oracle,2.0,3.0,0.7967610662472993
noise,0.0,2,Sensitive,rule,0.0,8.1,0.7948833326720566
noise,0.0,2,Sensitive,rule,0.2,3.3,0.9266360779006398
noise,0.0,2,Sensitive,rule,0.4,3.1,0.8630152897016883
noise,0.0,2,Sensitive,rule,0.6,3.0,0.7967610662472993
noise,0.0,2,Sensitive,rule,0.9,3.0,0.7967610662472993
noise,0.0,2,Sensitive,rule,1.3,3.0,0.7967610662472993
noise,0.0,2,Sensitive,rule,2.0,3.0,0.7967610662472993
noise,0.0,2,Sensitive,learned,0.0,8.1,0.7948833326720566
noise,0.0,2,Sensitive,learned,0.2,3.5,0.9305687780632227
noise,0.0,2,Sensitive,learned,0.4,3.5,0.9216017310213245
noise,0.0,2,Sensitive,learned,0.6,3.4,0.914856882358379
noise,0.0,2,Sensitive,learned,0.9,3.4,0.914856882358379
noise,0.0,2,Sensitive,learned,1.3,3.5,0.914856882358379
noise,0.0,2,Sensitive,learned,2.0,3.6,0.9052116356304493
noise,0.0,2,Sensitive,hybrid,0.0,8.1,0.7948833326720566
noise,0.0,2,Sensitive,hybrid,0.2,3.5,1.0
noise,0.0,2,Sensitive,hybrid,0.4,3.3,0.9363792118010483
noise,0.0,2,Sensitive,hybrid,0.6,3.3,0.9266360779006398
noise,0.0,2,Sensitive,hybrid,0.9,3.3,0.9266360779006398
noise,0.0,2,Sensitive,hybrid,1.3,3.2,0.9266360779006398
noise,0.0,2,Sensitive,hybrid,2.0,3.0,0.9266360779006398
noise,0.0,3,Combination,oracle,0.0,9.4,0.835780413693672
noise,0.0,3,Combination,oracle,0.2,3.0,1.0
noise,0.0,3,Combination,oracle,0.4,3.0,1.0
noise,0.0,3,Combination,oracle,0.6,3.0,1.0
noise,0.0,3,Combination,oracle,0.9,3.0,1.0
noise,0.0,3,Combination,oracle,1.3,3.0,1.0
noise,0.0,3,Combination,oracle,2.0,3.0,1.0
noise,0.0,3,Combination,rule,0.0,9.4,0.835780413693672
noise,0.0,3,Combination,rule,0.2,3.0,1.0
noise,0.0,3,Combination,rule,0.4,3.0,1.0
noise,0.0,3,Combination,rule,0.6,3.0,1.0
noise,0.0,3,Combination,rule,0.9,3.0,1.0
noise,0.0,3,Combination,rule,1.3,3.0,1.0
noise,0.0,3,Combination,rule,2.0,3.0,1.0
noise,0.0,3,Combination,learned,0.0,9.4,0.835780413693672
noise,0.0,3,Combination,learned,0.2,3.7,1.0
noise,0.0,3,Combination,learned,0.4,3.9,1.0
noise,0.0,3,Combination,learned,0.6,3.9,1.0
noise,0.0,3,Combination,learned,0.9,3.9,1.0
noise,0.0,3,Combination,learned,1.3,3.9,0.9216017310213245
noise,0.0,3,Combination,learned,2.0,4.1,0.7788065869851872
noise,0.0,3,Combination,hybrid,0.0,9.4,0.835780413693672
noise,0.0,3,Combination,hybrid,0.2,3.0,1.0
noise,0.0,3,Combination,hybrid,0.4,3.0,1.0
noise,0.0,3,Combination,hybrid,0.6,3.0,1.0
noise,0.0,3,Combination,hybrid,0.9,3.0,1.0
noise,0.0,3,Combination,hybrid,1.3,3.0,1.0
noise,0.0,3,Combination,hybrid,2.0,3.0,1.0
noise,0.0,3,Dry,oracle,0.0,9.4,0.6163668470816234
noise,0.0,3,Dry,oracle,0.2,3.5,0.8899541168509599
noise,0.0,3,Dry,oracle,0.4,3.3,0.8115558478722845
noise,0.0,3,Dry,oracle,0.6,3.3,0.8115558478722845
noise,0.0,3,Dry,oracle,0.9,3.1,0.8115558478722845
noise,0.0,3,Dry,oracle,1.3,3.0,0.7479350596733328
noise,0.0,3,Dry,oracle,2.0,3.0,0.7479350596733328
noise,0.0,3,Dry,rule,0.0,9.4,0.6163668470816234
noise,0.0,3,Dry,rule,0.2,3.5,0.8899541168509599
noise,0.0,3,Dry,rule,0.4,3.3,0.8115558478722845
noise,0.0,3,Dry,rule,0.6,3.3,0.8115558478722845
noise,0.0,3,Dry,rule,0.9,3.1,0.8115558478722845
noise,0.0,3,Dry,rule,1.3,3.0,0.7479350596733328
noise,0.0,3,Dry,rule,2.0,3.0,0.7479350596733328
noise,0.0,3,Dry,learned,0.0,9.4,0.6163668470816234
noise,0.0,3,Dry,learned,0.2,4.0,0.8899541168509599
noise,0.0,3,Dry,learned,0.4,4.0,0.8611375561264455
noise,0.0,3,Dry,learned,0.6,4.0,0.8611375561264455
noise,0.0,3,Dry,learned,0.9,4.0,0.8611375561264455
noise,0.0,3,Dry,learned,1.3,4.0,0.7799082337019198
noise,0.0,3,Dry,learned,2.0,4.0,0.8611375561264455
noise,0.0,3,Dry,hybrid,0.0,9.4,0.6163668470816234
noise,0.0,3,Dry,hybrid,0.2,3.7,0.9266360779006398
noise,0.0,3,Dry,hybrid,0.4,3.7,0.9266360779006398
noise,0.0,3,Dry,hybrid,0.6,3.6,0.9266360779006398
noise,0.0,3,Dry,hybrid,0.9,3.6,0.9266360779006398
noise,0.0,3,Dry,hybrid,1.3,3.5,0.9305687780632227
noise,0.0,3,Dry,hybrid,2.0,3.5,0.9305687780632227
noise,0.0,3,Normal,oracle,0.0,8.0,0.8611375561264455
noise,0.0,3,Normal,oracle,0.2,3.0,0.84860265890399
noise,0.0,3,Normal,oracle,0.4,3.0,0.84860265890399
noise,0.0,3,Normal,oracle,0.6,3.0,0.84860265890399
noise,0.0,3,Normal,oracle,0.9,3.0,0.84860265890399
noise,0.0,3,Normal,oracle,1.3,3.0,0.84860265890399
noise,0.0,3,Normal,oracle,2.0,3.0,0.84860265890399
noise,0.0,3,Normal,rule,0.0,8.0,0.8611375561264455
noise,0.0,3,Normal,rule,0.2,3.0,0.84860265890399
noise,0.0,3,Normal,rule,0.4,3.0,0.84860265890399
noise,0.0,3,Normal,rule,0.6,3.0,0.84860265890399
noise,0.0,3,Normal,rule,0.9,3.0,0.84860265890399
noise,0.0,3,Normal,rule,1.3,3.0,0.84860265890399
noise,0.0,3,Normal,rule,2.0,3.0,0.84860265890399
noise,0.0,3,Normal,learned,0.0,8.0,0.8611375561264455
noise,0.0,3,Normal,learned,0.2,3.8,0.9363792118010483
noise,0.0,3,Normal,learned,0.4,3.9,0.8572048559638626
noise,0.0,3,Normal,learned,0.6,3.9,0.8414929602590189
noise,0.0,3,Normal,learned,0.9,3.9,0.7631925784528222
noise,0.0,3,Normal,learned,1.3,3.9,0.7573821447149965
noise,0.0,3,Normal,learned,2.0,4.2,0.7026305163854644
noise,0.0,3,Normal,hybrid,0.0,8.0,0.8611375561264455
noise,0.0,3,Normal,hybrid,0.2,3.4,1.0
noise,0.0,3,Normal,hybrid,0.4,3.2,1.0
noise,0.0,3,Normal,hybrid,0.6,3.2,1.0
noise,0.0,3,Normal,hybrid,0.9,3.1,1.0
noise,0.0,3,Normal,hybrid,1.3,3.0,1.0
noise,0.0,3,Normal,hybrid,2.0,3.0,0.933745776545611
noise,0.0,3,Oily,oracle,0.0,8.7,0.8268133666517739
noise,0.0,3,Oily,oracle,0.2,3.1,0.6500332220485792
noise,0.0,3,Oily,oracle,0.4,3.0,0.6500332220485792
noise,0.0,3,Oily,oracle,0.6,3.0,0.6500332220485792
noise,0.0,3,Oily,oracle,0.9,3.0,0.6500332220485792
noise,0.0,3,Oily,oracle,1.3,3.0,0.6500332220485792
noise,0.0,3,Oily,oracle,2.0,3.0,0.6500332220485792
noise,0.0,3,Oily,rule,0.0,8.7,0.8268133666517739
noise,0.0,3,Oily,rule,0.2,3.1,0.6500332220485792
noise,0.0,3,Oily,rule,0.4,3.0,0.6500332220485792
noise,0.0,3,Oily,rule,0.6,3.0,0.6500332220485792
noise,0.0,3,Oily,rule,0.9,3.0,0.6500332220485792
noise,0.0,3,Oily,rule,1.3,3.0,0.6500332220485792
noise,0.0,3,Oily,rule,2.0,3.0,0.6500332220485792
noise,0.0,3,Oily,learned,0.0,8.7,0.8268133666517739
noise,0.0,3,Oily,learned,0.2,3.3,0.9363792118010483
noise,0.0,3,Oily,learned,0.4,3.5,1.0
noise,0.0,3,Oily,learned,0.6,3.6,0.9363792118010483
noise,0.0,3,Oily,learned,0.9,3.6,0.914856882358379
noise,0.0,3,Oily,learned,1.3,3.7,0.835780413693672
noise,0.0,3,Oily,learned,2.0,3.7,0.8268133666517739
noise,0.0,3,Oily,hybrid,0.0,8.7,0.8268133666517739
noise,0.0,3,Oily,hybrid,0.2,3.3,0.866947989864271
noise,0.0,3,Oily,hybrid,0.4,3.1,0.9305687780632227
noise,0.0,3,Oily,hybrid,0.6,3.0,1.0
noise,0.0,3,Oily,hybrid,0.9,3.0,1.0
noise,0.0,3,Oily,hybrid,1.3,3.0,1.0
noise,0.0,3,Oily,hybrid,2.0,3.0,0.9363792118010483
noise,0.0,3,Sensitive,oracle,0.0,8.1,0.9216017310213245
noise,0.0,3,Sensitive,oracle,0.2,3.3,1.0
noise,0.0,3,Sensitive,oracle,0.4,3.2,0.933745776545611
noise,0.0,3,Sensitive,oracle,0.6,3.2,0.9305687780632227
noise,0.0,3,Sensitive,oracle,0.9,3.2,0.9305687780632227
noise,0.0,3,Sensitive,oracle,1.3,3.1,0.9305687780632227
noise,0.0,3,Sensitive,oracle,2.0,3.0,0.866947989864271
noise,0.0,3,Sensitive,rule,0.0,8.1,0.9216017310213245
noise,0.0,3,Sensitive,rule,0.2,3.3,1.0
noise,0.0,3,Sensitive,rule,0.4,3.2,0.933745776545611
noise,0.0,3,Sensitive,rule,0.6,3.2,0.9305687780632227
noise,0.0,3,Sensitive,rule,0.9,3.2,0.9305687780632227
noise,0.0,3,Sensitive,rule,1.3,3.1,0.9305687780632227
noise,0.0,3,Sensitive,rule,2.0,3.0,0.866947989864271
noise,0.0,3,Sensitive,learned,0.0,8.1,0.9216017310213245
noise,0.0,3,Sensitive,learned,0.2,3.8,0.9363792118010483
noise,0.0,3,Sensitive,learned,0.4,3.9,1.0
noise,0.0,3,Sensitive,learned,0.6,3.9,1.0
noise,0.0,3,Sensitive,learned,0.9,3.9,1.0
noise,0.0,3,Sensitive,learned,1.3,3.5,1.0
noise,0.0,3,Sensitive,learned,2.0,3.5,1.0
noise,0.0,3,Sensitive,hybrid,0.0,8.1,0.9216017310213245
noise,0.0,3,Sensitive,hybrid,0.2,3.5,0.9363792118010483
noise,0.0,3,Sensitive,hybrid,0.4,3.5,0.9363792118010483
noise,0.0,3,Sensitive,hybrid,0.6,3.3,1.0
noise,0.0,3,Sensitive,hybrid,0.9,3.3,1.0
noise,0.0,3,Sensitive,hybrid,1.3,3.3,1.0
noise,0.0,3,Sensitive,hybrid,2.0,3.2,0.9363792118010483
noise,0.0,4,Combination,oracle,0.0,8.9,0.7191184989488184
noise,0.0,4,Combination,oracle,0.2,3.0,0.7720617383222416
noise,0.0,4,Combination,oracle,0.4,3.0,0.7720617383222416
noise,0.0,4,Combination,oracle,0.6,3.0,0.7720617383222416
noise,0.0,4,Combination,oracle,0.9,3.0,0.7720617383222416
noise,0.0,4,Combination,oracle,1.3,3.0,0.7720617383222416
noise,0.0,4,Combination,oracle,2.0,3.0,0.7720617383222416
noise,0.0,4,Combination,rule,0.0,8.9,0.7191184989488184
noise,0.0,4,Combination,rule,0.2,3.0,0.7720617383222416
noise,0.0,4,Combination,rule,0.4,3.0,0.7720617383222416
noise,0.0,4,Combination,rule,0.6,3.0,0.7720617383222416
noise,0.0,4,Combination,rule,0.9,3.0,0.7720617383222416
noise,0.0,4,Combination,rule,1.3,3.0,0.7720617383222416
noise,0.0,4,Combination,rule,2.0,3.0,0.7720617383222416
noise,0.0,4,Combination,learned,0.0,8.9,0.7191184989488184
noise,0.0,4,Combination,learned,0.2,3.8,0.7542686714597936
noise,0.0,4,Combination,learned,0.4,4.0,0.8048109992093389
noise,0.0,4,Combination,learned,0.6,4.1,0.7759944384848245
noise,0.0,4,Combination,learned,0.9,4.2,0.7759944384848245
noise,0.0,4,Combination,learned,1.3,4.2,0.7827392871477701
noise,0.0,4,Combination,learned,2.0,4.1,0.7827392871477701
noise,0.0,4,Combination,hybrid,0.0,8.9,0.7191184989488184
noise,0.0,4,Combination,hybrid,0.2,3.0,0.8048109992093389
noise,0.0,4,Combination,hybrid,0.4,3.0,0.8048109992093389
noise,0.0,4,Combination,hybrid,0.6,3.0,0.7951657524814092
noise,0.0,4,Combination,hybrid,0.9,3.0,0.8048109992093389
noise,0.0,4,Combination,hybrid,1.3,3.0,0.8115558478722845
noise,0.0,4,Combination,hybrid,2.0,3.0,0.8115558478722845
noise,0.0,4,Dry,oracle,0.0,11.6,1.0
noise,0.0,4,Dry,oracle,0.2,3.3,0.7967610662472993
noise,0.0,4,Dry,oracle,0.4,3.0,0.8630152897016883
noise,0.0,4,Dry,oracle,0.6,3.0,0.8630152897016883
noise,0.0,4,Dry,oracle,0.9,3.0,0.8630152897016883
noise,0.0,4,Dry,oracle,1.3,3.0,0.8630152897016883
noise,0.0,4,Dry,oracle,2.0,3.0,0.8630152897016883
noise,0.0,4,Dry,rule,0.0,11.6,1.0
noise,0.0,4,Dry,rule,0.2,3.3,0.7967610662472993
noise,0.0,4,Dry,rule,0.4,3.0,0.8630152897016883
noise,0.0,4,Dry,rule,0.6,3.0,0.8630152897016883
noise,0.0,4,Dry,rule,0.9,3.0,0.8630152897016883
noise,0.0,4,Dry,rule,1.3,3.0,0.8630152897016883
noise,0.0,4,Dry,rule,2.0,3.0,0.8630152897016883
noise,0.0,4,Dry,learned,0.0,11.6,1.0
noise,0.0,4,Dry,learned,0.2,3.3,0.933745776545611
noise,0.0,4,Dry,learned,0.4,3.4,0.933745776545611
noise,0.0,4,Dry,learned,0.6,3.8,0.8899541168509599
noise,0.0,4,Dry,learned,0.9,3.8,0.8899541168509599
noise,0.0,4,Dry,learned,1.3,3.8,0.8899541168509599
noise,0.0,4,Dry,learned,2.0,3.9,0.8899541168509599
noise,0.0,4,Dry,hybrid,0.0,11.6,1.0
noise,0.0,4,Dry,hybrid,0.2,3.3,0.7967610662472993
noise,0.0,4,Dry,hybrid,0.4,3.0,0.8630152897016883
noise,0.0,4,Dry,hybrid,0.6,3.0,0.8579809428223729
noise,0.0,4,Dry,hybrid,0.9,3.0,0.8630152897016883
noise,0.0,4,Dry,hybrid,1.3,3.0,0.8603818544462509
noise,0.0,4,Dry,hybrid,2.0,3.0,0.8643145546088338
noise,0.0,4,Normal,oracle,0.0,8.4,0.4800032020044256
noise,0.0,4,Normal,oracle,0.2,3.0,1.0
noise,0.0,4,Normal,oracle,0.4,3.0,1.0
noise,0.0,4,Normal,oracle,0.6,3.0,1.0
noise,0.0,4,Normal,oracle,0.9,3.0,1.0
noise,0.0,4,Normal,oracle,1.3,3.0,1.0
noise,0.0,4,Normal,oracle,2.0,3.0,1.0
noise,0.0,4,Normal,rule,0.0,8.4,0.4800032020044256
noise,0.0,4,Normal,rule,0.2,3.0,1.0
noise,0.0,4,Normal,rule,0.4,3.0,1.0
noise,0.0,4,Normal,rule,0.6,3.0,1.0
noise,0.0,4,Normal,rule,0.9,3.0,1.0
noise,0.0,4,Normal,rule,1.3,3.0,1.0
noise,0.0,4,Normal,rule,2.0,3.0,1.0
noise,0.0,4,Normal,learned,0.0,8.4,0.4800032020044256
noise,0.0,4,Normal,learned,0.2,4.1,1.0
noise,0.0,4,Normal,learned,0.4,4.1,1.0
noise,0.0,4,Normal,learned,0.6,4.2,0.914856882358379
noise,0.0,4,Normal,learned,0.9,4.2,0.914856882358379
noise,0.0,4,Normal,learned,1.3,4.2,0.9216017310213245
noise,0.0,4,Normal,learned,2.0,4.2,0.914856882358379
noise,0.0,4,Normal,hybrid,0.0,8.4,0.4800032020044256
noise,0.0,4,Normal,hybrid,0.2,3.0,0.8643145546088338
noise,0.0,4,Normal,hybrid,0.4,3.0,0.8643145546088338
noise,0.0,4,Normal,hybrid,0.6,3.0,0.8643145546088338
noise,0.0,4,Normal,hybrid,0.9,3.0,0.8603818544462509
noise,0.0,4,Normal,hybrid,1.3,3.0,0.8482378089219645
noise,0.0,4,Normal,hybrid,2.0,3.0,0.7859162856301584
noise,0.0,4,Oily,oracle,0.0,8.6,0.3693362536342715
noise,0.0,4,Oily,oracle,0.2,3.2,0.7753366239771086
noise,0.0,4,Oily,oracle,0.4,3.1,0.7753366239771086
noise,0.0,4,Oily,oracle,0.6,3.0,0.8389574121760602
noise,0.0,4,Oily,oracle,0.9,3.0,0.8389574121760602
noise,0.0,4,Oily,oracle,1.3,3.0,0.8389574121760602
noise,0.0,4,Oily,oracle,2.0,3.0,0.8389574121760602
noise,0.0,4,Oily,rule,0.0,8.6,0.3693362536342715
noise,0.0,4,Oily,rule,0.2,3.2,0.7753366239771086
noise,0.0,4,Oily,rule,0.4,3.1,0.7753366239771086
noise,0.0,4,Oily,rule,0.6,3.0,0.8389574121760602
noise,0.0,4,Oily,rule,0.9,3.0,0.8389574121760602
noise,0.0,4,Oily,rule,1.3,3.0,0.8389574121760602
noise,0.0,4,Oily,rule,2.0,3.0,0.8389574121760602
noise,0.0,4,Oily,learned,0.0,8.6,0.3693362536342715
noise,0.0,4,Oily,learned,0.2,3.7,0.9216017310213245
noise,0.0,4,Oily,learned,0.4,3.7,0.9266360779006398
noise,0.0,4,Oily,learned,0.6,3.7,0.9266360779006398
noise,0.0,4,Oily,learned,0.9,3.7,0.9305687780632227
noise,0.0,4,Oily,learned,1.3,3.7,0.9305687780632227
noise,0.0,4,Oily,learned,2.0,3.7,0.8415908474314976
noise,0.0,4,Oily,hybrid,0.0,8.6,0.3693362536342715
noise,0.0,4,Oily,hybrid,0.2,3.3,0.7542686714597936
noise,0.0,4,Oily,hybrid,0.4,3.3,0.7542686714597936
noise,0.0,4,Oily,hybrid,0.6,3.3,0.7542686714597936
noise,0.0,4,Oily,hybrid,0.9,3.3,0.7542686714597936
noise,0.0,4,Oily,hybrid,1.3,3.2,0.8236998933965709
noise,0.0,4,Oily,hybrid,2.0,3.0,0.8899541168509599
noise,0.0,4,Sensitive,oracle,0.0,12.1,0.8630152897016883
noise,0.0,4,Sensitive,oracle,0.2,3.6,0.9052116356304493
noise,0.0,4,Sensitive,oracle,0.4,3.4,0.8611375561264455
noise,0.0,4,Sensitive,oracle,0.6,3.3,0.8611375561264455
noise,0.0,4,Sensitive,oracle,0.9,3.1,0.8611375561264455
noise,0.0,4,Sensitive,oracle,1.3,3.0,0.8611375561264455
noise,0.0,4,Sensitive,oracle,2.0,3.0,0.8611375561264455
noise,0.0,4,Sensitive,rule,0.0,12.1,0.8630152897016883
noise,0.0,4,Sensitive,rule,0.2,3.6,0.9052116356304493
noise,0.0,4,Sensitive,rule,0.4,3.4,0.8611375561264455
noise,0.0,4,Sensitive,rule,0.6,3.3,0.8611375561264455
noise,0.0,4,Sensitive,rule,0.9,3.1,0.8611375561264455
noise,0.0,4,Sensitive,rule,1.3,3.0,0.8611375561264455
noise,0.0,4,Sensitive,rule,2.0,3.0,0.8611375561264455
noise,0.0,4,Sensitive,learned,0.0,12.1,0.8630152897016883
noise,0.0,4,Sensitive,learned,0.2,3.8,0.7975167679274938
noise,0.0,4,Sensitive,learned,0.4,3.4,0.7799082337019198
noise,0.0,4,Sensitive,learned,0.6,3.4,0.7799082337019198
noise,0.0,4,Sensitive,learned,0.9,3.3,0.7799082337019198
noise,0.0,4,Sensitive,learned,1.3,3.1,0.7799082337019198
noise,0.0,4,Sensitive,learned,2.0,3.1,0.8611375561264455
noise,0.0,4,Sensitive,hybrid,0.0,12.1,0.8630152897016883
noise,0.0,4,Sensitive,hybrid,0.2,3.8,0.8415908474314976
noise,0.0,4,Sensitive,hybrid,0.4,3.4,0.8611375561264455
noise,0.0,4,Sensitive,hybrid,0.6,3.4,0.8611375561264455
noise,0.0,4,Sensitive,hybrid,0.9,3.2,0.8611375561264455
noise,0.0,4,Sensitive,hybrid,1.3,3.2,0.8611375561264455
noise,0.0,4,Sensitive,hybrid,2.0,3.0,0.7975167679274938
noise,0.5,0,Combination,oracle,0.0,6.9,1.0
noise,0.5,0,Combination,oracle,0.2,3.0,0.7885497208855956
noise,0.5,0,Combination,oracle,0.4,3.0,0.7885497208855956
noise,0.5,0,Combination,oracle,0.6,3.0,0.7885497208855956
noise,0.5,0,Combination,oracle,0.9,3.0,0.7885497208855956
noise,0.5,0,Combination,oracle,1.3,3.0,0.7885497208855956
noise,0.5,0,Combination,oracle,2.0,3.0,0.7885497208855956
noise,0.5,0,Combination,rule,0.0,6.9,1.0
noise,0.5,0,Combination,rule,0.2,3.0,0.7600791051976192
noise,0.5,0,Combination,rule,0.4,3.0,0.7542686714597936
noise,0.5,0,Combination,rule,0.6,3.0,0.7312625444731049
noise,0.5,0,Combination,rule,0.9,3.0,0.7241528458281337
noise,0.5,0,Combination,rule,1.3,3.0,0.7097402150304355
noise,0.5,0,Combination,rule,2.0,3.0,0.6212166613240647
noise,0.5,0,Combination,learned,0.0,6.9,1.0
noise,0.5,0,Combination,learned,0.2,4.2,0.9052116356304493
noise,0.5,0,Combination,learned,0.4,4.0,0.8200685179888283
noise,0.5,0,Combination,learned,0.6,4.1,0.7416702490101529
noise,0.5,0,Combination,learned,0.9,4.1,0.7264127302306636
noise,0.5,0,Combination,learned,1.3,4.1,0.67269340399873
noise,0.5,0,Combination,learned,2.0,3.7,0.6064391805443411
noise,0.5,0,Combination,hybrid,0.0,6.9,1.0
noise,0.5,0,Combination,hybrid,0.2,3.2,0.9266360779006398
noise,0.5,0,Combination,hybrid,0.4,3.2,0.9266360779006398
noise,0.5,0,Combination,hybrid,0.6,3.1,0.8521705090845473
noise,0.5,0,Combination,hybrid,0.9,3.0,0.8205228949141826
noise,0.5,0,Combination,hybrid,1.3,3.0,0.7948833326720566
noise,0.5,0,Combination,hybrid,2.0,3.0,0.7799082337019198
noise,0.5,0,Dry,oracle,0.0,13.4,1.0
noise,0.5,0,Dry,oracle,0.2,3.2,1.0
noise,0.5,0,Dry,oracle,0.4,3.0,1.0
noise,0.5,0,Dry,oracle,0.6,3.0,1.0
noise,0.5,0,Dry,oracle,0.9,3.0,1.0
noise,0.5,0,Dry,oracle,1.3,3.0,1.0
noise,0.5,0,Dry,oracle,2.0,3.0,1.0
noise,0.5,0,Dry,rule,0.0,13.4,1.0
noise,0.5,0,Dry,rule,0.2,3.2,1.0
noise,0.5,0,Dry,rule,0.4,3.0,1.0
noise,0.5,0,Dry,rule,0.6,3.0,1.0
noise,0.5,0,Dry,rule,0.9,3.0,0.9363792118010483
noise,0.5,0,Dry,rule,1.3,3.0,0.933745776545611
noise,0.5,0,Dry,rule,2.0,3.0,0.9266360779006398
noise,0.5,0,Dry,learned,0.0,13.4,1.0
noise,0.5,0,Dry,learned,0.2,4.2,0.8454256604216017
noise,0.5,0,Dry,learned,0.4,4.1,0.8200685179888283
noise,0.5,0,Dry,learned,0.6,4.3,0.8200685179888283
noise,0.5,0,Dry,learned,0.9,4.2,0.8200685179888283
noise,0.5,0,Dry,learned,1.3,4.3,0.8268133666517739
noise,0.5,0,Dry,learned,2.0,4.3,0.6870165078530993
noise,0.5,0,Dry,hybrid,0.0,13.4,1.0
noise,0.5,0,Dry,hybrid,0.2,3.4,1.0
noise,0.5,0,Dry,hybrid,0.4,3.3,1.0
noise,0.5,0,Dry,hybrid,0.6,3.3,1.0
noise,0.5,0,Dry,hybrid,0.9,3.2,1.0
noise,0.5,0,Dry,hybrid,1.3,3.2,1.0
noise,0.5,0,Dry,hybrid,2.0,3.2,1.0
noise,0.5,0,Normal,oracle,0.0,10.1,0.914856882358379
noise,0.5,0,Normal,oracle,0.2,3.0,0.8579809428223729
noise,0.5,0,Normal,oracle,0.4,3.0,0.8579809428223729
noise,0.5,0,Normal,oracle,0.6,3.0,0.8579809428223729
noise,0.5,0,Normal,oracle,0.9,3.0,0.8579809428223729
noise,0.5,0,Normal,oracle,1.3,3.0,0.8579809428223729
noise,0.5,0,Normal,oracle,2.0,3.0,0.8579809428223729
noise,0.5,0,Normal,rule,0.0,10.1,0.914856882358379
noise,0.5,0,Normal,rule,0.2,3.1,0.8200685179888283
noise,0.5,0,Normal,rule,0.4,3.0,0.8048109992093389
noise,0.5,0,Normal,rule,0.6,3.0,0.8048109992093389
noise,0.5,0,Normal,rule,0.9,3.0,0.8048109992093389
noise,0.5,0,Normal,rule,1.3,3.0,0.7827392871477701
noise,0.5,0,Normal,rule,2.0,3.0,0.7877736340270853
noise,0.5,0,Normal,learned,0.0,10.1,0.914856882358379
noise,0.5,0,Normal,learned,0.2,4.1,1.0
noise,0.5,0,Normal,learned,0.4,4.0,0.933745776545611
noise,0.5,0,Normal,learned,0.6,4.0,0.9052116356304493
noise,0.5,0,Normal,learned,0.9,4.1,0.9052116356304493
noise,0.5,0,Normal,learned,1.3,4.1,0.9052116356304493
noise,0.5,0,Normal,learned,2.0,4.1,0.9052116356304493
noise,0.5,0,Normal,hybrid,0.0,10.1,0.914856882358379
noise,0.5,0,Normal,hybrid,0.2,3.4,0.9266360779006398
noise,0.5,0,Normal,hybrid,0.4,3.3,0.9216017310213245
noise,0.5,0,Normal,hybrid,0.6,3.1,0.9266360779006398
noise,0.5,0,Normal,hybrid,0.9,3.1,0.933745776545611
noise,0.5,0,Normal,hybrid,1.3,3.1,0.933745776545611
noise,0.5,0,Normal,hybrid,2.0,3.0,0.8701249883466594
noise,0.5,0,Oily,oracle,0.0,9.0,0.7877736340270853
noise,0.5,0,Oily,oracle,0.2,3.1,0.7183627972686238
noise,0.5,0,Oily,oracle,0.4,3.0,0.7819835854675755
noise,0.5,0,Oily,oracle,0.6,3.0,0.7819835854675755
noise,0.5,0,Oily,oracle,0.9,3.0,0.7819835854675755
noise,0.5,0,Oily,oracle,1.3,3.0,0.7819835854675755
noise,0.5,0,Oily,oracle,2.0,3.0,0.7819835854675755
noise,0.5,0,Oily,rule,0.0,9.0,0.7877736340270853
noise,0.5,0,Oily,rule,0.2,3.1,0.6901935063354876
noise,0.5,0,Oily,rule,0.4,3.1,0.6678262889110271
noise,0.5,0,Oily,rule,0.6,3.1,0.6627919420317119
noise,0.5,0,Oily,rule,0.9,3.1,0.6627919420317119
noise,0.5,0,Oily,rule,1.3,3.0,0.7264127302306636
noise,0.5,0,Oily,rule,2.0,3.0,0.7381919257729244
noise,0.5,0,Oily,learned,0.0,9.0,0.7877736340270853
noise,0.5,0,Oily,learned,0.2,3.7,0.8701249883466594
noise,0.5,0,Oily,learned,0.4,3.6,0.9363792118010483
noise,0.5,0,Oily,learned,0.6,3.6,0.9363792118010483
noise,0.5,0,Oily,learned,0.9,3.6,0.9363792118010483
noise,0.5,0,Oily,learned,1.3,3.6,0.9363792118010483
noise,0.5,0,Oily,learned,2.0,3.7,0.9363792118010483
noise,0.5,0,Oily,hybrid,0.0,9.0,0.7877736340270853
noise,0.5,0,Oily,hybrid,0.2,3.4,0.8630152897016883
noise,0.5,0,Oily,hybrid,0.4,3.4,0.8603818544462509
noise,0.5,0,Oily,hybrid,0.6,3.3,0.8643145546088338
noise,0.5,0,Oily,hybrid,0.9,3.3,0.8643145546088338
noise,0.5,0,Oily,hybrid,1.3,3.2,0.8701249883466594
noise,0.5,0,Oily,hybrid,2.0,3.1,0.9363792118010483
noise,0.5,0,Sensitive,oracle,0.0,11.1,0.9305687780632227
noise,0.5,0,Sensitive,oracle,0.2,3.8,0.9266360779006398
noise,0.5,0,Sensitive,oracle,0.4,3.4,0.8701249883466594
noise,0.5,0,Sensitive,oracle,0.6,3.2,0.866947989864271
noise,0.5,0,Sensitive,oracle,0.9,3.2,0.8603818544462509
noise,0.5,0,Sensitive,oracle,1.3,3.2,0.8572048559638626
noise,0.5,0,Sensitive,oracle,2.0,3.2,0.8572048559638626
noise,0.5,0,Sensitive,rule,0.0,11.1,0.9305687780632227
noise,0.5,0,Sensitive,rule,0.2,3.9,0.9052116356304493
noise,0.5,0,Sensitive,rule,0.4,3.4,0.8268133666517739
noise,0.5,0,Sensitive,rule,0.6,3.4,0.8268133666517739
noise,0.5,0,Sensitive,rule,0.9,3.4,0.8268133666517739
noise,0.5,0,Sensitive,rule,1.3,3.4,0.7479350596733328
noise,0.5,0,Sensitive,rule,2.0,3.4,0.7421246259355072
noise,0.5,0,Sensitive,learned,0.0,11.1,0.9305687780632227
noise,0.5,0,Sensitive,learned,0.2,4.1,0.9305687780632227
noise,0.5,0,Sensitive,learned,0.4,3.9,0.933745776545611
noise,0.5,0,Sensitive,learned,0.6,3.8,1.0
noise,0.5,0,Sensitive,learned,0.9,3.7,1.0
noise,0.5,0,Sensitive,learned,1.3,3.4,0.933745776545611
noise,0.5,0,Sensitive,learned,2.0,3.4,0.914856882358379
noise,0.5,0,Sensitive,hybrid,0.0,11.1,0.9305687780632227
noise,0.5,0,Sensitive,hybrid,0.2,3.9,0.9052116356304493
noise,0.5,0,Sensitive,hybrid,0.4,3.6,0.914856882358379
noise,0.5,0,Sensitive,hybrid,0.6,3.6,0.914856882358379
noise,0.5,0,Sensitive,hybrid,0.9,3.4,0.8630152897016883
noise,0.5,0,Sensitive,hybrid,1.3,3.4,0.8572048559638626
noise,0.5,0,Sensitive,hybrid,2.0,3.4,0.7909506325094736
noise,0.5,1,Combination,oracle,0.0,10.5,0.8899541168509599
noise,0.5,1,Combination,oracle,0.2,3.0,0.9363792118010483
noise,0.5,1,Combination,oracle,0.4,3.0,0.9363792118010483
noise,0.5,1,Combination,oracle,0.6,3.0,0.9363792118010483
noise,0.5,1,Combination,oracle,0.9,3.0,0.9363792118010483
noise,0.5,1,Combination,oracle,1.3,3.0,0.9363792118010483
noise,0.5,1,Combination,oracle,2.0,3.0,0.9363792118010483
noise,0.5,1,Combination,rule,0.0,10.5,0.8899541168509599
noise,0.5,1,Combination,rule,0.2,3.3,0.933745776545611
noise,0.5,1,Combination,rule,0.4,3.2,1.0
noise,0.5,1,Combination,rule,0.6,3.1,0.9216017310213245
noise,0.5,1,Combination,rule,0.9,3.1,0.9052116356304493
noise,0.5,1,Combination,rule,1.3,3.1,0.8899541168509599
noise,0.5,1,Combination,rule,2.0,3.2,0.8899541168509599
noise,0.5,1,Combination,learned,0.0,10.5,0.8899541168509599
noise,0.5,1,Combination,learned,0.2,3.6,1.0
noise,0.5,1,Combination,learned,0.4,3.9,1.0
noise,0.5,1,Combination,learned,0.6,3.9,1.0
noise,0.5,1,Combination,learned,0.9,3.9,1.0
noise,0.5,1,Combination,learned,1.3,3.6,0.9363792118010483
noise,0.5,1,Combination,learned,2.0,3.6,0.914856882358379
noise,0.5,1,Combination,hybrid,0.0,10.5,0.8899541168509599
noise,0.5,1,Combination,hybrid,0.2,3.1,1.0
noise,0.5,1,Combination,hybrid,0.4,3.0,1.0
noise,0.5,1,Combination,hybrid,0.6,3.0,1.0
noise,0.5,1,Combination,hybrid,0.9,3.1,1.0
noise,0.5,1,Combination,hybrid,1.3,3.1,1.0
noise,0.5,1,Combination,hybrid,2.0,3.1,1.0
noise,0.5,1,Dry,oracle,0.0,9.3,0.9216017310213245
noise,0.5,1,Dry,oracle,0.2,3.2,0.9305687780632227
noise,0.5,1,Dry,oracle,0.4,3.0,0.9266360779006398
noise,0.5,1,Dry,oracle,0.6,3.0,0.9266360779006398
noise,0.5,1,Dry,oracle,0.9,3.0,0.9266360779006398
noise,0.5,1,Dry,oracle,1.3,3.0,0.9266360779006398
noise,0.5,1,Dry,oracle,2.0,3.0,0.9266360779006398
noise,0.5,1,Dry,rule,0.0,9.3,0.9216017310213245
noise,0.5,1,Dry,rule,0.2,3.4,1.0
noise,0.5,1,Dry,rule,0.4,3.3,0.9363792118010483
noise,0.5,1,Dry,rule,0.6,3.3,0.8899541168509599
noise,0.5,1,Dry,rule,0.9,3.3,0.8899541168509599
noise,0.5,1,Dry,rule,1.3,3.2,0.8899541168509599
noise,0.5,1,Dry,rule,2.0,3.1,0.8611375561264455
noise,0.5,1,Dry,learned,0.0,9.3,0.9216017310213245
noise,0.5,1,Dry,learned,0.2,4.3,0.7909506325094736
noise,0.5,1,Dry,learned,0.4,3.8,0.8268133666517739
noise,0.5,1,Dry,learned,0.6,4.1,0.8200685179888283
noise,0.5,1,Dry,learned,0.9,4.1,0.8115558478722845
noise,0.5,1,Dry,learned,1.3,4.1,0.8165901947515998
noise,0.5,1,Dry,learned,2.0,4.1,0.8165901947515998
noise,0.5,1,Dry,hybrid,0.0,9.3,0.9216017310213245
noise,0.5,1,Dry,hybrid,0.2,3.3,1.0
noise,0.5,1,Dry,hybrid,0.4,3.3,1.0
noise,0.5,1,Dry,hybrid,0.6,3.2,1.0
noise,0.5,1,Dry,hybrid,0.9,3.1,1.0
noise,0.5,1,Dry,hybrid,1.3,3.1,1.0
noise,0.5,1,Dry,hybrid,2.0,3.0,1.0
noise,0.5,1,Normal,oracle,0.0,8.6,0.7799082337019198
noise,0.5,1,Normal,oracle,0.2,3.0,0.8579809428223729
noise,0.5,1,Normal,oracle,0.4,3.0,0.8579809428223729
noise,0.5,1,Normal,oracle,0.6,3.0,0.8579809428223729
noise,0.5,1,Normal,oracle,0.9,3.0,0.8579809428223729
noise,0.5,1,Normal,oracle,1.3,3.0,0.8579809428223729
noise,0.5,1,Normal,oracle,2.0,3.0,0.8579809428223729
noise,0.5,1,Normal,rule,0.0,8.6,0.7799082337019198
noise,0.5,1,Normal,rule,0.2,3.3,0.7104770117651424
noise,0.5,1,Normal,rule,0.4,3.3,0.7162874455029681
noise,0.5,1,Normal,rule,0.6,3.3,0.7799082337019198
noise,0.5,1,Normal,rule,0.9,3.2,0.7799082337019198
noise,0.5,1,Normal,rule,1.3,3.3,0.7799082337019198
noise,0.5,1,Normal,rule,2.0,3.3,0.7799082337019198
noise,0.5,1,Normal,learned,0.0,8.6,0.7799082337019198
noise,0.5,1,Normal,learned,0.2,3.4,0.9216017310213245
noise,0.5,1,Normal,learned,0.4,3.4,0.9216017310213245
noise,0.5,1,Normal,learned,0.6,3.4,0.9216017310213245
noise,0.5,1,Normal,learned,0.9,3.7,0.8482378089219645
noise,0.5,1,Normal,learned,1.3,4.0,0.793584067764911
noise,0.5,1,Normal,learned,2.0,4.0,0.7655934900767002
noise,0.5,1,Normal,hybrid,0.0,8.6,0.7799082337019198
noise,0.5,1,Normal,hybrid,0.2,3.1,1.0
noise,0.5,1,Normal,hybrid,0.4,3.1,1.0
noise,0.5,1,Normal,hybrid,0.6,3.1,1.0
noise,0.5,1,Normal,hybrid,0.9,3.1,1.0
noise,0.5,1,Normal,hybrid,1.3,3.1,1.0
noise,0.5,1,Normal,hybrid,2.0,3.1,1.0
noise,0.5,1,Oily,oracle,0.0,11.0,0.8630152897016883
noise,0.5,1,Oily,oracle,0.2,3.3,0.7951657524814092
noise,0.5,1,Oily,oracle,0.4,3.1,0.6906478832608419
noise,0.5,1,Oily,oracle,0.6,3.0,0.6906478832608419
noise,0.5,1,Oily,oracle,0.9,3.0,0.6906478832608419
noise,0.5,1,Oily,oracle,1.3,3.0,0.6906478832608419
noise,0.5,1,Oily,oracle,2.0,3.0,0.6906478832608419
noise,0.5,1,Oily,rule,0.0,11.0,0.8630152897016883
noise,0.5,1,Oily,rule,0.2,3.3,0.7353797772725615
noise,0.5,1,Oily,rule,0.4,3.2,0.6214990811334173
noise,0.5,1,Oily,rule,0.6,3.2,0.6214990811334173
noise,0.5,1,Oily,rule,0.9,3.2,0.685119869332369
noise,0.5,1,Oily,rule,1.3,3.2,0.6947651160602988
noise,0.5,1,Oily,rule,2.0,3.3,0.7015099647232445
noise,0.5,1,Oily,learned,0.0,11.0,0.8630152897016883
noise,0.5,1,Oily,learned,0.2,4.1,0.8512360941594274
noise,0.5,1,Oily,learned,0.4,4.0,0.9305687780632227
noise,0.5,1,Oily,learned,0.6,3.9,0.866947989864271
noise,0.5,1,Oily,learned,0.9,3.9,0.8415908474314976
noise,0.5,1,Oily,learned,1.3,3.4,0.8263333286520083
noise,0.5,1,Oily,learned,2.0,3.4,0.8165901947515998
noise,0.5,1,Oily,hybrid,0.0,11.0,0.8630152897016883
noise,0.5,1,Oily,hybrid,0.2,3.4,0.8521705090845473
noise,0.5,1,Oily,hybrid,0.4,3.4,0.866947989864271
noise,0.5,1,Oily,hybrid,0.6,3.3,0.9266360779006398
noise,0.5,1,Oily,hybrid,0.9,3.3,0.9305687780632227
noise,0.5,1,Oily,hybrid,1.3,3.2,0.866947989864271
noise,0.5,1,Oily,hybrid,2.0,3.0,0.866947989864271
noise,0.5,1,Sensitive,oracle,0.0,11.0,0.7917063341896682
noise,0.5,1,Sensitive,oracle,0.2,3.4,1.0
noise,0.5,1,Sensitive,oracle,0.4,3.4,1.0
noise,0.5,1,Sensitive,oracle,0.6,3.3,1.0
noise,0.5,1,Sensitive,oracle,0.9,3.2,1.0
noise,0.5,1,Sensitive,oracle,1.3,3.1,1.0
noise,0.5,1,Sensitive,oracle,2.0,3.0,1.0
noise,0.5,1,Sensitive,rule,0.0,11.0,0.7917063341896682
noise,0.5,1,Sensitive,rule,0.2,3.5,0.9305687780632227
noise,0.5,1,Sensitive,rule,0.4,3.4,0.9305687780632227
noise,0.5,1,Sensitive,rule,0.6,3.4,0.9266360779006398
noise,0.5,1,Sensitive,rule,0.9,3.3,0.9266360779006398
noise,0.5,1,Sensitive,rule,1.3,3.3,0.9305687780632227
noise,0.5,1,Sensitive,rule,2.0,3.3,0.9305687780632227
noise,0.5,1,Sensitive,learned,0.0,11.0,0.7917063341896682
noise,0.5,1,Sensitive,learned,0.2,4.1,0.9363792118010483
noise,0.5,1,Sensitive,learned,0.4,3.6,1.0
noise,0.5,1,Sensitive,learned,0.6,3.4,1.0
noise,0.5,1,Sensitive,learned,0.9,3.4,1.0
noise,0.5,1,Sensitive,learned,1.3,3.7,0.9305687780632227
noise,0.5,1,Sensitive,learned,2.0,3.7,0.9216017310213245
noise,0.5,1,Sensitive,hybrid,0.0,11.0,0.7917063341896682
noise,0.5,1,Sensitive,hybrid,0.2,3.6,0.9363792118010483
noise,0.5,1,Sensitive,hybrid,0.4,3.4,0.8701249883466594
noise,0.5,1,Sensitive,hybrid,0.6,3.3,0.9363792118010483
noise,0.5,1,Sensitive,hybrid,0.9,3.2,1.0
noise,0.5,1,Sensitive,hybrid,1.3,3.2,1.0
noise,0.5,1,Sensitive,hybrid,2.0,3.2,1.0
noise,0.5,2,Combination,oracle,0.0,13.2,0.933745776545611
noise,0.5,2,Combination,oracle,0.2,3.0,0.7778721720600672
noise,0.5,2,Combination,oracle,0.4,3.0,0.7778721720600672
noise,0.5,2,Combination,oracle,0.6,3.0,0.7778721720600672
noise,0.5,2,Combination,oracle,0.9,3.0,0.7778721720600672
noise,0.5,2,Combination,oracle,1.3,3.0,0.7778721720600672
noise,0.5,2,Combination,oracle,2.0,3.0,0.7778721720600672
noise,0.5,2,Combination,rule,0.0,13.2,0.933745776545611
noise,0.5,2,Combination,rule,0.2,3.1,0.67269340399873
noise,0.5,2,Combination,rule,0.4,3.1,0.67269340399873
noise,0.5,2,Combination,rule,0.6,3.1,0.6659485553357843
noise,0.5,2,Combination,rule,0.9,3.1,0.6659485553357843
noise,0.5,2,Combination,rule,1.3,3.1,0.6659485553357843
noise,0.5,2,Combination,rule,2.0,3.1,0.6659485553357843
noise,0.5,2,Combination,learned,0.0,13.2,0.933745776545611
noise,0.5,2,Combination,learned,0.2,3.6,0.914856882358379
noise,0.5,2,Combination,learned,0.4,3.6,0.914856882358379
noise,0.5,2,Combination,learned,0.6,3.6,0.8414929602590189
noise,0.5,2,Combination,learned,0.9,3.6,0.8414929602590189
noise,0.5,2,Combination,learned,1.3,3.2,0.8414929602590189
noise,0.5,2,Combination,learned,2.0,3.4,0.8414929602590189
noise,0.5,2,Combination,hybrid,0.0,13.2,0.933745776545611
noise,0.5,2,Combination,hybrid,0.2,3.1,0.8611375561264455
noise,0.5,2,Combination,hybrid,0.4,3.1,0.8611375561264455
noise,0.5,2,Combination,hybrid,0.6,3.1,0.8611375561264455
noise,0.5,2,Combination,hybrid,0.9,3.1,0.7948833326720566
noise,0.5,2,Combination,hybrid,1.3,3.1,0.7948833326720566
noise,0.5,2,Combination,hybrid,2.0,3.1,0.7877736340270853
noise,0.5,2,Dry,oracle,0.0,10.9,0.9305687780632227
noise,0.5,2,Dry,oracle,0.2,3.6,0.8611375561264455
noise,0.5,2,Dry,oracle,0.4,3.4,0.7827392871477701
noise,0.5,2,Dry,oracle,0.6,3.3,0.70937536504841
noise,0.5,2,Dry,oracle,0.9,3.1,0.70937536504841
noise,0.5,2,Dry,oracle,1.3,3.1,0.70937536504841
noise,0.5,2,Dry,oracle,2.0,3.0,0.70937536504841
noise,0.5,2,Dry,rule,0.0,10.9,0.9305687780632227
noise,0.5,2,Dry,rule,0.2,3.8,0.914856882358379
noise,0.5,2,Dry,rule,0.4,3.5,0.8579809428223729
noise,0.5,2,Dry,rule,0.6,3.3,0.7909506325094736
noise,0.5,2,Dry,rule,0.9,3.3,0.793584067764911
noise,0.5,2,Dry,rule,1.3,3.3,0.8389574121760602
noise,0.5,2,Dry,rule,2.0,3.3,0.8389574121760602
noise,0.5,2,Dry,learned,0.0,10.9,0.9305687780632227
noise,0.5,2,Dry,learned,0.2,3.8,0.8899541168509599
noise,0.5,2,Dry,learned,0.4,3.8,0.835780413693672
noise,0.5,2,Dry,learned,0.6,3.7,0.8389574121760602
noise,0.5,2,Dry,learned,0.9,3.8,0.8630152897016883
noise,0.5,2,Dry,learned,1.3,3.8,0.866947989864271
noise,0.5,2,Dry,learned,2.0,3.8,0.9305687780632227
noise,0.5,2,Dry,hybrid,0.0,10.9,0.9305687780632227
noise,0.5,2,Dry,hybrid,0.2,3.7,0.7975167679274938
noise,0.5,2,Dry,hybrid,0.4,3.5,0.8263333286520083
noise,0.5,2,Dry,hybrid,0.6,3.5,0.8415908474314976
noise,0.5,2,Dry,hybrid,0.9,3.5,0.8512360941594274
noise,0.5,2,Dry,hybrid,1.3,3.4,0.9216017310213245
noise,0.5,2,Dry,hybrid,2.0,3.1,0.8521705090845473
noise,0.5,2,Normal,oracle,0.0,10.6,0.9266360779006398
noise,0.5,2,Normal,oracle,0.2,3.2,0.6947651160602988
noise,0.5,2,Normal,oracle,0.4,3.0,0.6947651160602988
noise,0.5,2,Normal,oracle,0.6,3.0,0.6947651160602988
noise,0.5,2,Normal,oracle,0.9,3.0,0.6947651160602988
noise,0.5,2,Normal,oracle,1.3,3.0,0.6947651160602988
noise,0.5,2,Normal,oracle,2.0,3.0,0.6947651160602988
noise,0.5,2,Normal,rule,0.0,10.6,0.9266360779006398
noise,0.5,2,Normal,rule,0.2,3.3,0.7479350596733328
noise,0.5,2,Normal,rule,0.4,3.1,0.8165901947515998
noise,0.5,2,Normal,rule,0.6,3.2,0.8364586133797036
noise,0.5,2,Normal,rule,0.9,3.2,0.8268133666517739
noise,0.5,2,Normal,rule,1.3,3.2,0.8268133666517739
noise,0.5,2,Normal,rule,2.0,3.2,0.8165901947515998
noise,0.5,2,Normal,learned,0.0,10.6,0.9266360779006398
noise,0.5,2,Normal,learned,0.2,4.0,0.9216017310213245
noise,0.5,2,Normal,learned,0.4,3.8,0.9305687780632227
noise,0.5,2,Normal,learned,0.6,3.8,1.0
noise,0.5,2,Normal,learned,0.9,3.9,1.0
noise,0.5,2,Normal,learned,1.3,3.9,1.0
noise,0.5,2,Normal,learned,2.0,3.8,1.0
noise,0.5,2,Normal,hybrid,0.0,10.6,0.9266360779006398
noise,0.5,2,Normal,hybrid,0.2,3.5,0.8899541168509599
noise,0.5,2,Normal,hybrid,0.4,3.3,0.9266360779006398
noise,0.5,2,Normal,hybrid,0.6,3.2,1.0
noise,0.5,2,Normal,hybrid,0.9,3.2,1.0
noise,0.5,2,Normal,hybrid,1.3,3.2,1.0
noise,0.5,2,Normal,hybrid,2.0,3.2,1.0
noise,0.5,2,Oily,oracle,0.0,10.7,0.7917063341896682
noise,0.5,2,Oily,oracle,0.2,3.2,0.791726719367984
noise,0.5,2,Oily,oracle,0.4,3.1,0.8553475075669357
noise,0.5,2,Oily,oracle,0.6,3.0,0.9216017310213245
noise,0.5,2,Oily,oracle,0.9,3.0,0.9216017310213245
noise,0.5,2,Oily,oracle,1.3,3.0,0.9216017310213245
noise,0.5,2,Oily,oracle,2.0,3.0,0.9216017310213245
noise,0.5,2,Oily,rule,0.0,10.7,0.7917063341896682
noise,0.5,2,Oily,rule,0.2,3.2,0.7241528458281337
noise,0.5,2,Oily,rule,0.4,3.2,0.7123736502858729
noise,0.5,2,Oily,rule,0.6,3.1,0.7123736502858729
noise,0.5,2,Oily,rule,0.9,3.1,0.70937536504841
noise,0.5,2,Oily,rule,1.3,3.1,0.7026305163854644
noise,0.5,2,Oily,rule,2.0,3.1,0.6975961695061491
noise,0.5,2,Oily,learned,0.0,10.7,0.7917063341896682
noise,0.5,2,Oily,learned,0.2,3.8,0.8603818544462509
noise,0.5,2,Oily,learned,0.4,4.1,0.914856882358379
noise,0.5,2,Oily,learned,0.6,4.1,0.9266360779006398
noise,0.5,2,Oily,learned,0.9,3.7,0.9266360779006398
noise,0.5,2,Oily,learned,1.3,3.7,0.933745776545611
noise,0.5,2,Oily,learned,2.0,3.7,0.933745776545611
noise,0.5,2,Oily,hybrid,0.0,10.7,0.7917063341896682
noise,0.5,2,Oily,hybrid,0.2,3.2,0.8512360941594274
noise,0.5,2,Oily,hybrid,0.4,3.1,0.8899541168509599
noise,0.5,2,Oily,hybrid,0.6,3.0,0.8899541168509599
noise,0.5,2,Oily,hybrid,0.9,3.0,0.9052116356304493
noise,0.5,2,Oily,hybrid,1.3,3.0,0.9052116356304493
noise,0.5,2,Oily,hybrid,2.0,3.0,0.9052116356304493
noise,0.5,2,Sensitive,oracle,0.0,8.1,0.7948833326720566
noise,0.5,2,Sensitive,oracle,0.2,3.3,0.9266360779006398
noise,0.5,2,Sensitive,oracle,0.4,3.1,0.8630152897016883
noise,0.5,2,Sensitive,oracle,0.6,3.0,0.7967610662472993
noise,0.5,2,Sensitive,oracle,0.9,3.0,0.7967610662472993
noise,0.5,2,Sensitive,oracle,1.3,3.0,0.7967610662472993
noise,0.5,2,Sensitive,oracle,2.0,3.0,0.7967610662472993
noise,0.5,2,Sensitive,rule,0.0,8.1,0.7948833326720566
noise,0.5,2,Sensitive,rule,0.2,3.4,0.9052116356304493
noise,0.5,2,Sensitive,rule,0.4,3.4,0.8611375561264455
noise,0.5,2,Sensitive,rule,0.6,3.2,0.8611375561264455
noise,0.5,2,Sensitive,rule,0.9,3.2,0.7975167679274938
noise,0.5,2,Sensitive,rule,1.3,3.2,0.7254521107352793
noise,0.5,2,Sensitive,rule,2.0,3.2,0.6470538417566039
noise,0.5,2,Sensitive,learned,0.0,8.1,0.7948833326720566
noise,0.5,2,Sensitive,learned,0.2,3.5,0.9305687780632227
noise,0.5,2,Sensitive,learned,0.4,3.5,0.9216017310213245
noise,0.5,2,Sensitive,learned,0.6,3.4,0.914856882358379
noise,0.5,2,Sensitive,learned,0.9,3.4,0.914856882358379
noise,0.5,2,Sensitive,learned,1.3,3.5,0.914856882358379
noise,0.5,2,Sensitive,learned,2.0,3.6,0.9052116356304493
noise,0.5,2,Sensitive,hybrid,0.0,8.1,0.7948833326720566
noise,0.5,2,Sensitive,hybrid,0.2,3.4,1.0
noise,0.5,2,Sensitive,hybrid,0.4,3.2,0.933745776545611
noise,0.5,2,Sensitive,hybrid,0.6,3.2,0.9305687780632227
noise,0.5,2,Sensitive,hybrid,0.9,3.2,0.9305687780632227
noise,0.5,2,Sensitive,hybrid,1.3,3.2,0.9266360779006398
noise,0.5,2,Sensitive,hybrid,2.0,3.2,0.914856882358379
noise,0.5,3,Combination,oracle,0.0,9.4,0.835780413693672
noise,0.5,3,Combination,oracle,0.2,3.0,1.0
noise,0.5,3,Combination,oracle,0.4,3.0,1.0
noise,0.5,3,Combination,oracle,0.6,3.0,1.0
noise,0.5,3,Combination,oracle,0.9,3.0,1.0
noise,0.5,3,Combination,oracle,1.3,3.0,1.0
noise,0.5,3,Combination,oracle,2.0,3.0,1.0
noise,0.5,3,Combination,rule,0.0,9.4,0.835780413693672
noise,0.5,3,Combination,rule,0.2,3.1,0.9266360779006398
noise,0.5,3,Combination,rule,0.4,3.1,0.8521705090845473
noise,0.5,3,Combination,rule,0.6,3.1,0.8521705090845473
noise,0.5,3,Combination,rule,0.9,3.1,0.8482378089219645
noise,0.5,3,Combination,rule,1.3,3.2,0.8482378089219645
noise,0.5,3,Combination,rule,2.0,3.2,0.8268133666517739
noise,0.5,3,Combination,learned,0.0,9.4,0.835780413693672
noise,0.5,3,Combination,learned,0.2,3.7,1.0
noise,0.5,3,Combination,learned,0.4,3.9,1.0
noise,0.5,3,Combination,learned,0.6,3.9,1.0
noise,0.5,3,Combination,learned,0.9,3.9,1.0
noise,0.5,3,Combination,learned,1.3,3.9,0.9216017310213245
noise,0.5,3,Combination,learned,2.0,4.1,0.7788065869851872
noise,0.5,3,Combination,hybrid,0.0,9.4,0.835780413693672
noise,0.5,3,Combination,hybrid,0.2,3.1,1.0
noise,0.5,3,Combination,hybrid,0.4,3.1,1.0
noise,0.5,3,Combination,hybrid,0.6,3.2,1.0
noise,0.5,3,Combination,hybrid,0.9,3.2,1.0
noise,0.5,3,Combination,hybrid,1.3,3.2,1.0
noise,0.5,3,Combination,hybrid,2.0,3.1,1.0
noise,0.5,3,Dry,oracle,0.0,9.4,0.6163668470816234
noise,0.5,3,Dry,oracle,0.2,3.5,0.8899541168509599
noise,0.5,3,Dry,oracle,0.4,3.3,0.8115558478722845
noise,0.5,3,Dry,oracle,0.6,3.3,0.8115558478722845
noise,0.5,3,Dry,oracle,0.9,3.1,0.8115558478722845
noise,0.5,3,Dry,oracle,1.3,3.0,0.7479350596733328
noise,0.5,3,Dry,oracle,2.0,3.0,0.7479350596733328
noise,0.5,3,Dry,rule,0.0,9.4,0.6163668470816234
noise,0.5,3,Dry,rule,0.2,3.7,0.7948833326720566
noise,0.5,3,Dry,rule,0.4,3.5,0.8611375561264455
noise,0.5,3,Dry,rule,0.6,3.4,0.8611375561264455
noise,0.5,3,Dry,rule,0.9,3.3,0.7975167679274938
noise,0.5,3,Dry,rule,1.3,3.3,0.7917063341896682
noise,0.5,3,Dry,rule,2.0,3.2,0.7877736340270853
noise,0.5,3,Dry,learned,0.0,9.4,0.6163668470816234
noise,0.5,3,Dry,learned,0.2,4.0,0.8899541168509599
noise,0.5,3,Dry,learned,0.4,4.0,0.8611375561264455
noise,0.5,3,Dry,learned,0.6,4.0,0.8611375561264455
noise,0.5,3,Dry,learned,0.9,4.0,0.8611375561264455
noise,0.5,3,Dry,learned,1.3,4.0,0.7799082337019198
noise,0.5,3,Dry,learned,2.0,4.0,0.8611375561264455
noise,0.5,3,Dry,hybrid,0.0,9.4,0.6163668470816234
noise,0.5,3,Dry,hybrid,0.2,3.7,0.8579809428223729
noise,0.5,3,Dry,hybrid,0.4,3.7,0.914856882358379
noise,0.5,3,Dry,hybrid,0.6,3.6,0.9216017310213245
noise,0.5,3,Dry,hybrid,0.9,3.5,0.9266360779006398
noise,0.5,3,Dry,hybrid,1.3,3.5,0.9266360779006398
noise,0.5,3,Dry,hybrid,2.0,3.6,0.9305687780632227
noise,0.5,3,Normal,oracle,0.0,8.0,0.8611375561264455
noise,0.5,3,Normal,oracle,0.2,3.0,0.84860265890399
noise,0.5,3,Normal,oracle,0.4,3.0,0.84860265890399
noise,0.5,3,Normal,oracle,0.6,3.0,0.84860265890399
noise,0.5,3,Normal,oracle,0.9,3.0,0.84860265890399
noise,0.5,3,Normal,oracle,1.3,3.0,0.84860265890399
noise,0.5,3,Normal,oracle,2.0,3.0,0.84860265890399
noise,0.5,3,Normal,rule,0.0,8.0,0.8611375561264455
noise,0.5,3,Normal,rule,0.2,3.3,0.8611375561264455
noise,0.5,3,Normal,rule,0.4,3.2,0.8611375561264455
noise,0.5,3,Normal,rule,0.6,3.1,0.8263333286520083
noise,0.5,3,Normal,rule,0.9,3.1,0.7917063341896682
noise,0.5,3,Normal,rule,1.3,3.2,0.7917063341896682
noise,0.5,3,Normal,rule,2.0,3.2,0.8205228949141826
noise,0.5,3,Normal,learned,0.0,8.0,0.8611375561264455
noise,0.5,3,Normal,learned,0.2,3.8,0.9363792118010483
noise,0.5,3,Normal,learned,0.4,3.9,0.8572048559638626
noise,0.5,3,Normal,learned,0.6,3.9,0.8414929602590189
noise,0.5,3,Normal,learned,0.9,3.9,0.7631925784528222
noise,0.5,3,Normal,learned,1.3,3.9,0.7573821447149965
noise,0.5,3,Normal,learned,2.0,4.2,0.7026305163854644
noise,0.5,3,Normal,hybrid,0.0,8.0,0.8611375561264455
noise,0.5,3,Normal,hybrid,0.2,3.5,1.0
noise,0.5,3,Normal,hybrid,0.4,3.4,1.0
noise,0.5,3,Normal,hybrid,0.6,3.3,1.0
noise,0.5,3,Normal,hybrid,0.9,3.3,1.0
noise,0.5,3,Normal,hybrid,1.3,3.3,1.0
noise,0.5,3,Normal,hybrid,2.0,3.2,0.9363792118010483
noise,0.5,3,Oily,oracle,0.0,8.7,0.8268133666517739
noise,0.5,3,Oily,oracle,0.2,3.1,0.6500332220485792
noise,0.5,3,Oily,oracle,0.4,3.0,0.6500332220485792
noise,0.5,3,Oily,oracle,0.6,3.0,0.6500332220485792
noise,0.5,3,Oily,oracle,0.9,3.0,0.6500332220485792
noise,0.5,3,Oily,oracle,1.3,3.0,0.6500332220485792
noise,0.5,3,Oily,oracle,2.0,3.0,0.6500332220485792
noise,0.5,3,Oily,rule,0.0,8.7,0.8268133666517739
noise,0.5,3,Oily,rule,0.2,3.1,0.866947989864271
noise,0.5,3,Oily,rule,0.4,3.1,0.8521705090845473
noise,0.5,3,Oily,rule,0.6,3.1,0.835780413693672
noise,0.5,3,Oily,rule,0.9,3.2,0.835780413693672
noise,0.5,3,Oily,rule,1.3,3.2,0.8414929602590189
noise,0.5,3,Oily,rule,2.0,3.2,0.8268133666517739
noise,0.5,3,Oily,learned,0.0,8.7,0.8268133666517739
noise,0.5,3,Oily,learned,0.2,3.3,0.9363792118010483
noise,0.5,3,Oily,learned,0.4,3.5,1.0
noise,0.5,3,Oily,learned,0.6,3.6,0.9363792118010483
noise,0.5,3,Oily,learned,0.9,3.6,0.914856882358379
noise,0.5,3,Oily,learned,1.3,3.7,0.835780413693672
noise,0.5,3,Oily,learned,2.0,3.7,0.8268133666517739
noise,0.5,3,Oily,hybrid,0.0,8.7,0.8268133666517739
noise,0.5,3,Oily,hybrid,0.2,3.3,0.9363792118010483
noise,0.5,3,Oily,hybrid,0.4,3.2,1.0
noise,0.5,3,Oily,hybrid,0.6,3.2,1.0
noise,0.5,3,Oily,hybrid,0.9,3.2,1.0
noise,0.5,3,Oily,hybrid,1.3,3.2,1.0
noise,0.5,3,Oily,hybrid,2.0,3.2,1.0
noise,0.5,3,Sensitive,oracle,0.0,8.1,0.9216017310213245
noise,0.5,3,Sensitive,oracle,0.2,3.3,1.0
noise,0.5,3,Sensitive,oracle,0.4,3.2,0.933745776545611
noise,0.5,3,Sensitive,oracle,0.6,3.2,0.9305687780632227
noise,0.5,3,Sensitive,oracle,0.9,3.2,0.9305687780632227
noise,0.5,3,Sensitive,oracle,1.3,3.1,0.9305687780632227
noise,0.5,3,Sensitive,oracle,2.0,3.0,0.866947989864271
noise,0.5,3,Sensitive,rule,0.0,8.1,0.9216017310213245
noise,0.5,3,Sensitive,rule,0.2,3.2,0.9363792118010483
noise,0.5,3,Sensitive,rule,0.4,3.2,0.9266360779006398
noise,0.5,3,Sensitive,rule,0.6,3.2,0.9266360779006398
noise,0.5,3,Sensitive,rule,0.9,3.1,0.9216017310213245
noise,0.5,3,Sensitive,rule,1.3,3.0,0.8512360941594274
noise,0.5,3,Sensitive,rule,2.0,3.0,0.8415908474314976
noise,0.5,3,Sensitive,learned,0.0,8.1,0.9216017310213245
noise,0.5,3,Sensitive,learned,0.2,3.8,0.9363792118010483
noise,0.5,3,Sensitive,learned,0.4,3.9,1.0
noise,0.5,3,Sensitive,learned,0.6,3.9,1.0
noise,0.5,3,Sensitive,learned,0.9,3.9,1.0
noise,0.5,3,Sensitive,learned,1.3,3.5,1.0
noise,0.5,3,Sensitive,learned,2.0,3.5,1.0
noise,0.5,3,Sensitive,hybrid,0.0,8.1,0.9216017310213245
noise,0.5,3,Sensitive,hybrid,0.2,3.5,0.933745776545611
noise,0.5,3,Sensitive,hybrid,0.4,3.5,0.9363792118010483
noise,0.5,3,Sensitive,hybrid,0.6,3.4,1.0
noise,0.5,3,Sensitive,hybrid,0.9,3.3,1.0
noise,0.5,3,Sensitive,hybrid,1.3,3.3,1.0
noise,0.5,3,Sensitive,hybrid,2.0,3.2,0.9363792118010483
noise,0.5,4,Combination,oracle,0.0,8.9,0.7191184989488184
noise,0.5,4,Combination,oracle,0.2,3.0,0.7720617383222416
noise,0.5,4,Combination,oracle,0.4,3.0,0.7720617383222416
noise,0.5,4,Combination,oracle,0.6,3.0,0.7720617383222416
noise,0.5,4,Combination,oracle,0.9,3.0,0.7720617383222416
noise,0.5,4,Combination,oracle,1.3,3.0,0.7720617383222416
noise,0.5,4,Combination,oracle,2.0,3.0,0.7720617383222416
noise,0.5,4,Combination,rule,0.0,8.9,0.7191184989488184
noise,0.5,4,Combination,rule,0.2,3.1,0.599976751690748
noise,0.5,4,Combination,rule,0.4,3.0,0.599976751690748
noise,0.5,4,Combination,rule,0.6,3.0,0.599976751690748
noise,0.5,4,Combination,rule,0.9,3.0,0.599976751690748
noise,0.5,4,Combination,rule,1.3,3.0,0.599976751690748
noise,0.5,4,Combination,rule,2.0,3.0,0.6067216003536937
noise,0.5,4,Combination,learned,0.0,8.9,0.7191184989488184
noise,0.5,4,Combination,learned,0.2,3.8,0.7542686714597936
noise,0.5,4,Combination,learned,0.4,4.0,0.8048109992093389
noise,0.5,4,Combination,learned,0.6,4.1,0.7759944384848245
noise,0.5,4,Combination,learned,0.9,4.2,0.7759944384848245
noise,0.5,4,Combination,learned,1.3,4.2,0.7827392871477701
noise,0.5,4,Combination,learned,2.0,4.1,0.7827392871477701
noise,0.5,4,Combination,hybrid,0.0,8.9,0.7191184989488184
noise,0.5,4,Combination,hybrid,0.2,3.1,0.685119869332369
noise,0.5,4,Combination,hybrid,0.4,3.0,0.7510916729774054
noise,0.5,4,Combination,hybrid,0.6,3.0,0.7663491917568948
noise,0.5,4,Combination,hybrid,0.9,3.0,0.7663491917568948
noise,0.5,4,Combination,hybrid,1.3,3.0,0.7000949683025057
noise,0.5,4,Combination,hybrid,2.0,3.0,0.7027284035579431
noise,0.5,4,Dry,oracle,0.0,11.6,1.0
noise,0.5,4,Dry,oracle,0.2,3.3,0.7967610662472993
noise,0.5,4,Dry,oracle,0.4,3.0,0.8630152897016883
noise,0.5,4,Dry,oracle,0.6,3.0,0.8630152897016883
noise,0.5,4,Dry,oracle,0.9,3.0,0.8630152897016883
noise,0.5,4,Dry,oracle,1.3,3.0,0.8630152897016883
noise,0.5,4,Dry,oracle,2.0,3.0,0.8630152897016883
noise,0.5,4,Dry,rule,0.0,11.6,1.0
noise,0.5,4,Dry,rule,0.2,3.2,0.8200685179888283
noise,0.5,4,Dry,rule,0.4,3.2,0.7663491917568948
noise,0.5,4,Dry,rule,0.6,3.2,0.685119869332369
noise,0.5,4,Dry,rule,0.9,3.1,0.685119869332369
noise,0.5,4,Dry,rule,1.3,3.0,0.685119869332369
noise,0.5,4,Dry,rule,2.0,3.0,0.685119869332369
noise,0.5,4,Dry,learned,0.0,11.6,1.0
noise,0.5,4,Dry,learned,0.2,3.3,0.933745776545611
noise,0.5,4,Dry,learned,0.4,3.4,0.933745776545611
noise,0.5,4,Dry,learned,0.6,3.8,0.8899541168509599
noise,0.5,4,Dry,learned,0.9,3.8,0.8899541168509599
noise,0.5,4,Dry,learned,1.3,3.8,0.8899541168509599
noise,0.5,4,Dry,learned,2.0,3.9,0.8899541168509599
noise,0.5,4,Dry,hybrid,0.0,11.6,1.0
noise,0.5,4,Dry,hybrid,0.2,3.2,0.793584067764911
noise,0.5,4,Dry,hybrid,0.4,3.1,0.8200685179888283
noise,0.5,4,Dry,hybrid,0.6,3.1,0.6947651160602988
noise,0.5,4,Dry,hybrid,0.9,3.1,0.6947651160602988
noise,0.5,4,Dry,hybrid,1.3,3.1,0.685119869332369
noise,0.5,4,Dry,hybrid,2.0,3.0,0.6947651160602988
noise,0.5,4,Normal,oracle,0.0,8.4,0.4800032020044256
noise,0.5,4,Normal,oracle,0.2,3.0,1.0
noise,0.5,4,Normal,oracle,0.4,3.0,1.0
noise,0.5,4,Normal,oracle,0.6,3.0,1.0
noise,0.5,4,Normal,oracle,0.9,3.0,1.0
noise,0.5,4,Normal,oracle,1.3,3.0,1.0
noise,0.5,4,Normal,oracle,2.0,3.0,1.0
noise,0.5,4,Normal,rule,0.0,8.4,0.4800032020044256
noise,0.5,4,Normal,rule,0.2,3.1,0.8318477135310891
noise,0.5,4,Normal,rule,0.4,3.0,0.7827392871477701
noise,0.5,4,Normal,rule,0.6,3.0,0.6947651160602988
noise,0.5,4,Normal,rule,0.9,3.0,0.6947651160602988
noise,0.5,4,Normal,rule,1.3,3.0,0.6214990811334173
noise,0.5,4,Normal,rule,2.0,3.0,0.6188656458779801
noise,0.5,4,Normal,learned,0.0,8.4,0.4800032020044256
noise,0.5,4,Normal,learned,0.2,4.1,1.0
noise,0.5,4,Normal,learned,0.4,4.1,1.0
noise,0.5,4,Normal,learned,0.6,4.2,0.914856882358379
noise,0.5,4,Normal,learned,0.9,4.2,0.914856882358379
noise,0.5,4,Normal,learned,1.3,4.2,0.9216017310213245
noise,0.5,4,Normal,learned,2.0,4.2,0.914856882358379
noise,0.5,4,Normal,hybrid,0.0,8.4,0.4800032020044256
noise,0.5,4,Normal,hybrid,0.2,3.1,0.8643145546088338
noise,0.5,4,Normal,hybrid,0.4,3.1,0.8115558478722845
noise,0.5,4,Normal,hybrid,0.6,3.1,0.7827392871477701
noise,0.5,4,Normal,hybrid,0.9,3.1,0.7827392871477701
noise,0.5,4,Normal,hybrid,1.3,3.0,0.7759944384848245
noise,0.5,4,Normal,hybrid,2.0,3.0,0.7759944384848245
noise,0.5,4,Oily,oracle,0.0,8.6,0.3693362536342715
noise,0.5,4,Oily,oracle,0.2,3.2,0.7753366239771086
noise,0.5,4,Oily,oracle,0.4,3.1,0.7753366239771086
noise,0.5,4,Oily,oracle,0.6,3.0,0.8389574121760602
noise,0.5,4,Oily,oracle,0.9,3.0,0.8389574121760602
noise,0.5,4,Oily,oracle,1.3,3.0,0.8389574121760602
noise,0.5,4,Oily,oracle,2.0,3.0,0.8389574121760602
noise,0.5,4,Oily,rule,0.0,8.6,0.3693362536342715
noise,0.5,4,Oily,rule,0.2,3.3,0.772837825180752
noise,0.5,4,Oily,rule,0.4,3.3,0.8454256604216017
noise,0.5,4,Oily,rule,0.6,3.2,0.8579809428223729
noise,0.5,4,Oily,rule,0.9,3.2,0.84860265890399
noise,0.5,4,Oily,rule,1.3,3.1,0.8415908474314976
noise,0.5,4,Oily,rule,2.0,3.1,0.914856882358379
noise,0.5,4,Oily,learned,0.0,8.6,0.3693362536342715
noise,0.5,4,Oily,learned,0.2,3.7,0.9216017310213245
noise,0.5,4,Oily,learned,0.4,3.7,0.9266360779006398
noise,0.5,4,Oily,learned,0.6,3.7,0.9266360779006398
noise,0.5,4,Oily,learned,0.9,3.7,0.9305687780632227
noise,0.5,4,Oily,learned,1.3,3.7,0.9305687780632227
noise,0.5,4,Oily,learned,2.0,3.7,0.8415908474314976
noise,0.5,4,Oily,hybrid,0.0,8.6,0.3693362536342715
noise,0.5,4,Oily,hybrid,0.2,3.3,0.77523873680463
noise,0.5,4,Oily,hybrid,0.4,3.4,0.7791714369672127
noise,0.5,4,Oily,hybrid,0.6,3.4,0.7859162856301584
noise,0.5,4,Oily,hybrid,0.9,3.3,0.7859162856301584
noise,0.5,4,Oily,hybrid,1.3,3.2,0.8630152897016883
noise,0.5,4,Oily,hybrid,2.0,3.1,0.933745776545611
noise,0.5,4,Sensitive,oracle,0.0,12.1,0.8630152897016883
noise,0.5,4,Sensitive,oracle,0.2,3.6,0.9052116356304493
noise,0.5,4,Sensitive,oracle,0.4,3.4,0.8611375561264455
noise,0.5,4,Sensitive,oracle,0.6,3.3,0.8611375561264455
noise,0.5,4,Sensitive,oracle,0.9,3.1,0.8611375561264455
noise,0.5,4,Sensitive,oracle,1.3,3.0,0.8611375561264455
noise,0.5,4,Sensitive,oracle,2.0,3.0,0.8611375561264455
noise,0.5,4,Sensitive,rule,0.0,12.1,0.8630152897016883
noise,0.5,4,Sensitive,rule,0.2,3.7,0.7799082337019198
noise,0.5,4,Sensitive,rule,0.4,3.5,0.7799082337019198
noise,0.5,4,Sensitive,rule,0.6,3.5,0.7799082337019198
noise,0.5,4,Sensitive,rule,0.9,3.5,0.7799082337019198
noise,0.5,4,Sensitive,rule,1.3,3.3,0.6698623505528797
noise,0.5,4,Sensitive,rule,2.0,3.2,0.5559026721867443
noise,0.5,4,Sensitive,learned,0.0,12.1,0.8630152897016883
noise,0.5,4,Sensitive,learned,0.2,3.8,0.7975167679274938
noise,0.5,4,Sensitive,learned,0.4,3.4,0.7799082337019198
noise,0.5,4,Sensitive,learned,0.6,3.4,0.7799082337019198
noise,0.5,4,Sensitive,learned,0.9,3.3,0.7799082337019198
noise,0.5,4,Sensitive,learned,1.3,3.1,0.7799082337019198
noise,0.5,4,Sensitive,learned,2.0,3.1,0.8611375561264455
noise,0.5,4,Sensitive,hybrid,0.0,12.1,0.8630152897016883
noise,0.5,4,Sensitive,hybrid,0.2,3.8,0.7162874455029681
noise,0.5,4,Sensitive,hybrid,0.4,3.6,0.7799082337019198
noise,0.5,4,Sensitive,hybrid,0.6,3.4,0.7799082337019198
noise,0.5,4,Sensitive,hybrid,0.9,3.4,0.7799082337019198
noise,0.5,4,Sensitive,hybrid,1.3,3.3,0.7799082337019198
noise,0.5,4,Sensitive,hybrid,2.0,3.1,0.7162874455029681
noise,1.0,0,Combination,oracle,0.0,6.9,1.0
noise,1.0,0,Combination,oracle,0.2,3.0,0.7885497208855956
noise,1.0,0,Combination,oracle,0.4,3.0,0.7885497208855956
noise,1.0,0,Combination,oracle,0.6,3.0,0.7885497208855956
noise,1.0,0,Combination,oracle,0.9,3.0,0.7885497208855956
noise,1.0,0,Combination,oracle,1.3,3.0,0.7885497208855956
noise,1.0,0,Combination,oracle,2.0,3.0,0.7885497208855956
noise,1.0,0,Combination,rule,0.0,6.9,1.0
noise,1.0,0,Combination,rule,0.2,3.4,0.8048109992093389
noise,1.0,0,Combination,rule,0.4,3.3,0.7759944384848245
noise,1.0,0,Combination,rule,0.6,3.3,0.6390097281865127
noise,1.0,0,Combination,rule,0.9,3.3,0.6339753813071974
noise,1.0,0,Combination,rule,1.3,3.3,0.6090726157997783
noise,1.0,0,Combination,rule,2.0,3.3,0.6090726157997783
noise,1.0,0,Combination,learned,0.0,6.9,1.0
noise,1.0,0,Combination,learned,0.2,4.2,0.9052116356304493
noise,1.0,0,Combination,learned,0.4,4.0,0.8200685179888283
noise,1.0,0,Combination,learned,0.6,4.1,0.7416702490101529
noise,1.0,0,Combination,learned,0.9,4.1,0.7264127302306636
noise,1.0,0,Combination,learned,1.3,4.1,0.67269340399873
noise,1.0,0,Combination,learned,2.0,3.7,0.6064391805443411
noise,1.0,0,Combination,hybrid,0.0,6.9,1.0
noise,1.0,0,Combination,hybrid,0.2,3.4,0.9216017310213245
noise,1.0,0,Combination,hybrid,0.4,3.2,0.8482378089219645
noise,1.0,0,Combination,hybrid,0.6,3.2,0.7877736340270853
noise,1.0,0,Combination,hybrid,0.9,3.1,0.7877736340270853
noise,1.0,0,Combination,hybrid,1.3,3.1,0.6442227883107535
noise,1.0,0,Combination,hybrid,2.0,3.1,0.642923523403608
noise,1.0,0,Dry,oracle,0.0,13.4,1.0
noise,1.0,0,Dry,oracle,0.2,3.2,1.0
noise,1.0,0,Dry,oracle,0.4,3.0,1.0
noise,1.0,0,Dry,oracle,0.6,3.0,1.0
noise,1.0,0,Dry,oracle,0.9,3.0,1.0
noise,1.0,0,Dry,oracle,1.3,3.0,1.0
noise,1.0,0,Dry,oracle,2.0,3.0,1.0
noise,1.0,0,Dry,rule,0.0,13.4,1.0
noise,1.0,0,Dry,rule,0.2,3.3,1.0
noise,1.0,0,Dry,rule,0.4,3.1,1.0
noise,1.0,0,Dry,rule,0.6,3.1,0.9363792118010483
noise,1.0,0,Dry,rule,0.9,3.2,0.866947989864271
noise,1.0,0,Dry,rule,1.3,3.2,0.8603818544462509
noise,1.0,0,Dry,rule,2.0,3.1,0.8521705090845473
noise,1.0,0,Dry,learned,0.0,13.4,1.0
noise,1.0,0,Dry,learned,0.2,4.2,0.8454256604216017
noise,1.0,0,Dry,learned,0.4,4.1,0.8200685179888283
noise,1.0,0,Dry,learned,0.6,4.3,0.8200685179888283
noise,1.0,0,Dry,learned,0.9,4.2,0.8200685179888283
noise,1.0,0,Dry,learned,1.3,4.3,0.8268133666517739
noise,1.0,0,Dry,learned,2.0,4.3,0.6870165078530993
noise,1.0,0,Dry,hybrid,0.0,13.4,1.0
noise,1.0,0,Dry,hybrid,0.2,3.5,1.0
noise,1.0,0,Dry,hybrid,0.4,3.4,1.0
noise,1.0,0,Dry,hybrid,0.6,3.3,1.0
noise,1.0,0,Dry,hybrid,0.9,3.3,1.0
noise,1.0,0,Dry,hybrid,1.3,3.3,1.0
noise,1.0,0,Dry,hybrid,2.0,3.2,0.9305687780632227
noise,1.0,0,Normal,oracle,0.0,10.1,0.914856882358379
noise,1.0,0,Normal,oracle,0.2,3.0,0.8579809428223729
noise,1.0,0,Normal,oracle,0.4,3.0,0.8579809428223729
noise,1.0,0,Normal,oracle,0.6,3.0,0.8579809428223729
noise,1.0,0,Normal,oracle,0.9,3.0,0.8579809428223729
noise,1.0,0,Normal,oracle,1.3,3.0,0.8579809428223729
noise,1.0,0,Normal,oracle,2.0,3.0,0.8579809428223729
noise,1.0,0,Normal,rule,0.0,10.1,0.914856882358379
noise,1.0,0,Normal,rule,0.2,3.2,0.8048109992093389
noise,1.0,0,Normal,rule,0.4,3.1,0.8048109992093389
noise,1.0,0,Normal,rule,0.6,3.0,0.7759944384848245
noise,1.0,0,Normal,rule,0.9,3.0,0.7877736340270853
noise,1.0,0,Normal,rule,1.3,3.0,0.7877736340270853
noise,1.0,0,Normal,rule,2.0,3.2,0.6578986223737447
noise,1.0,0,Normal,learned,0.0,10.1,0.914856882358379
noise,1.0,0,Normal,learned,0.2,4.1,1.0
noise,1.0,0,Normal,learned,0.4,4.0,0.933745776545611
noise,1.0,0,Normal,learned,0.6,4.0,0.9052116356304493
noise,1.0,0,Normal,learned,0.9,4.1,0.9052116356304493
noise,1.0,0,Normal,learned,1.3,4.1,0.9052116356304493
noise,1.0,0,Normal,learned,2.0,4.1,0.9052116356304493
noise,1.0,0,Normal,hybrid,0.0,10.1,0.914856882358379
noise,1.0,0,Normal,hybrid,0.2,3.4,0.9266360779006398
noise,1.0,0,Normal,hybrid,0.4,3.3,0.9216017310213245
noise,1.0,0,Normal,hybrid,0.6,3.3,0.9305687780632227
noise,1.0,0,Normal,hybrid,0.9,3.2,0.933745776545611
noise,1.0,0,Normal,hybrid,1.3,3.2,0.933745776545611
noise,1.0,0,Normal,hybrid,2.0,3.1,0.8701249883466594
noise,1.0,0,Oily,oracle,0.0,9.0,0.7877736340270853
noise,1.0,0,Oily,oracle,0.2,3.1,0.7183627972686238
noise,1.0,0,Oily,oracle,0.4,3.0,0.7819835854675755
noise,1.0,0,Oily,oracle,0.6,3.0,0.7819835854675755
noise,1.0,0,Oily,oracle,0.9,3.0,0.7819835854675755
noise,1.0,0,Oily,oracle,1.3,3.0,0.7819835854675755
noise,1.0,0,Oily,oracle,2.0,3.0,0.7819835854675755
noise,1.0,0,Oily,rule,0.0,9.0,0.7877736340270853
noise,1.0,0,Oily,rule,0.2,3.3,0.5867945846769145
noise,1.0,0,Oily,rule,0.4,3.4,0.5836175861945261
noise,1.0,0,Oily,rule,0.6,3.5,0.5009732673492617
noise,1.0,0,Oily,rule,0.9,3.5,0.5036067026046991
noise,1.0,0,Oily,rule,1.3,3.5,0.5384313152574521
noise,1.0,0,Oily,rule,2.0,3.5,0.5352543167750637
noise,1.0,0,Oily,learned,0.0,9.0,0.7877736340270853
noise,1.0,0,Oily,learned,0.2,3.7,0.8701249883466594
noise,1.0,0,Oily,learned,0.4,3.6,0.9363792118010483
noise,1.0,0,Oily,learned,0.6,3.6,0.9363792118010483
noise,1.0,0,Oily,learned,0.9,3.6,0.9363792118010483
noise,1.0,0,Oily,learned,1.3,3.6,0.9363792118010483
noise,1.0,0,Oily,learned,2.0,3.7,0.9363792118010483
noise,1.0,0,Oily,hybrid,0.0,9.0,0.7877736340270853
noise,1.0,0,Oily,hybrid,0.2,3.4,0.8603818544462509
noise,1.0,0,Oily,hybrid,0.4,3.4,0.8572048559638626
noise,1.0,0,Oily,hybrid,0.6,3.4,0.8572048559638626
noise,1.0,0,Oily,hybrid,0.9,3.4,0.8572048559638626
noise,1.0,0,Oily,hybrid,1.3,3.3,0.8643145546088338
noise,1.0,0,Oily,hybrid,2.0,3.3,0.8643145546088338
noise,1.0,0,Sensitive,oracle,0.0,11.1,0.9305687780632227
noise,1.0,0,Sensitive,oracle,0.2,3.8,0.9266360779006398
noise,1.0,0,Sensitive,oracle,0.4,3.4,0.8701249883466594
noise,1.0,0,Sensitive,oracle,0.6,3.2,0.866947989864271
noise,1.0,0,Sensitive,oracle,0.9,3.2,0.8603818544462509
noise,1.0,0,Sensitive,oracle,1.3,3.2,0.8572048559638626
noise,1.0,0,Sensitive,oracle,2.0,3.2,0.8572048559638626
noise,1.0,0,Sensitive,rule,0.0,11.1,0.9305687780632227
noise,1.0,0,Sensitive,rule,0.2,4.3,0.8899541168509599
noise,1.0,0,Sensitive,rule,0.4,3.9,0.8048109992093389
noise,1.0,0,Sensitive,rule,0.6,3.6,0.8048109992093389
noise,1.0,0,Sensitive,rule,0.9,3.6,0.7951657524814092
noise,1.0,0,Sensitive,rule,1.3,3.4,0.7289115290270202
noise,1.0,0,Sensitive,rule,2.0,3.4,0.7100226348397881
noise,1.0,0,Sensitive,learned,0.0,11.1,0.9305687780632227
noise,1.0,0,Sensitive,learned,0.2,4.1,0.9305687780632227
noise,1.0,0,Sensitive,learned,0.4,3.9,0.933745776545611
noise,1.0,0,Sensitive,learned,0.6,3.8,1.0
noise,1.0,0,Sensitive,learned,0.9,3.7,1.0
noise,1.0,0,Sensitive,learned,1.3,3.4,0.933745776545611
noise,1.0,0,Sensitive,learned,2.0,3.4,0.914856882358379
noise,1.0,0,Sensitive,hybrid,0.0,11.1,0.9305687780632227
noise,1.0,0,Sensitive,hybrid,0.2,4.3,0.9052116356304493
noise,1.0,0,Sensitive,hybrid,0.4,3.9,0.914856882358379
noise,1.0,0,Sensitive,hybrid,0.6,3.9,0.9216017310213245
noise,1.0,0,Sensitive,hybrid,0.9,3.6,0.8553475075669357
noise,1.0,0,Sensitive,hybrid,1.3,3.4,0.7819835854675755
noise,1.0,0,Sensitive,hybrid,2.0,3.4,0.7542686714597936
noise,1.0,1,Combination,oracle,0.0,10.5,0.8899541168509599
noise,1.0,1,Combination,oracle,0.2,3.0,0.9363792118010483
noise,1.0,1,Combination,oracle,0.4,3.0,0.9363792118010483
noise,1.0,1,Combination,oracle,0.6,3.0,0.9363792118010483
noise,1.0,1,Combination,oracle,0.9,3.0,0.9363792118010483
noise,1.0,1,Combination,oracle,1.3,3.0,0.9363792118010483
noise,1.0,1,Combination,oracle,2.0,3.0,0.9363792118010483
noise,1.0,1,Combination,rule,0.0,10.5,0.8899541168509599
noise,1.0,1,Combination,rule,0.2,3.5,0.9266360779006398
noise,1.0,1,Combination,rule,0.4,3.5,0.8572048559638626
noise,1.0,1,Combination,rule,0.6,3.5,0.8263333286520083
noise,1.0,1,Combination,rule,0.9,3.5,0.8263333286520083
noise,1.0,1,Combination,rule,1.3,3.5,0.8611375561264455
noise,1.0,1,Combination,rule,2.0,3.5,0.8611375561264455
noise,1.0,1,Combination,learned,0.0,10.5,0.8899541168509599
noise,1.0,1,Combination,learned,0.2,3.6,1.0
noise,1.0,1,Combination,learned,0.4,3.9,1.0
noise,1.0,1,Combination,learned,0.6,3.9,1.0
noise,1.0,1,Combination,learned,0.9,3.9,1.0
noise,1.0,1,Combination,learned,1.3,3.6,0.9363792118010483
noise,1.0,1,Combination,learned,2.0,3.6,0.914856882358379
noise,1.0,1,Combination,hybrid,0.0,10.5,0.8899541168509599
noise,1.0,1,Combination,hybrid,0.2,3.1,1.0
noise,1.0,1,Combination,hybrid,0.4,3.2,1.0
noise,1.0,1,Combination,hybrid,0.6,3.1,1.0
noise,1.0,1,Combination,hybrid,0.9,3.1,1.0
noise,1.0,1,Combination,hybrid,1.3,3.1,1.0
noise,1.0,1,Combination,hybrid,2.0,3.1,1.0
noise,1.0,1,Dry,oracle,0.0,9.3,0.9216017310213245
noise,1.0,1,Dry,oracle,0.2,3.2,0.9305687780632227
noise,1.0,1,Dry,oracle,0.4,3.0,0.9266360779006398
noise,1.0,1,Dry,oracle,0.6,3.0,0.9266360779006398
noise,1.0,1,Dry,oracle,0.9,3.0,0.9266360779006398
noise,1.0,1,Dry,oracle,1.3,3.0,0.9266360779006398
noise,1.0,1,Dry,oracle,2.0,3.0,0.9266360779006398
noise,1.0,1,Dry,rule,0.0,9.3,0.9216017310213245
noise,1.0,1,Dry,rule,0.2,3.5,1.0
noise,1.0,1,Dry,rule,0.4,3.5,0.914856882358379
noise,1.0,1,Dry,rule,0.6,3.5,0.8899541168509599
noise,1.0,1,Dry,rule,0.9,3.5,0.8899541168509599
noise,1.0,1,Dry,rule,1.3,3.5,0.8611375561264455
noise,1.0,1,Dry,rule,2.0,3.4,0.8611375561264455
noise,1.0,1,Dry,learned,0.0,9.3,0.9216017310213245
noise,1.0,1,Dry,learned,0.2,4.3,0.7909506325094736
noise,1.0,1,Dry,learned,0.4,3.8,0.8268133666517739
noise,1.0,1,Dry,learned,0.6,4.1,0.8200685179888283
noise,1.0,1,Dry,learned,0.9,4.1,0.8115558478722845
noise,1.0,1,Dry,learned,1.3,4.1,0.8165901947515998
noise,1.0,1,Dry,learned,2.0,4.1,0.8165901947515998
noise,1.0,1,Dry,hybrid,0.0,9.3,0.9216017310213245
noise,1.0,1,Dry,hybrid,0.2,3.3,1.0
noise,1.0,1,Dry,hybrid,0.4,3.3,1.0
noise,1.0,1,Dry,hybrid,0.6,3.2,1.0
noise,1.0,1,Dry,hybrid,0.9,3.1,1.0
noise,1.0,1,Dry,hybrid,1.3,3.1,1.0
noise,1.0,1,Dry,hybrid,2.0,3.1,1.0
noise,1.0,1,Normal,oracle,0.0,8.6,0.7799082337019198
noise,1.0,1,Normal,oracle,0.2,3.0,0.8579809428223729
noise,1.0,1,Normal,oracle,0.4,3.0,0.8579809428223729
noise,1.0,1,Normal,oracle,0.6,3.0,0.8579809428223729
noise,1.0,1,Normal,oracle,0.9,3.0,0.8579809428223729
noise,1.0,1,Normal,oracle,1.3,3.0,0.8579809428223729
noise,1.0,1,Normal,oracle,2.0,3.0,0.8579809428223729
noise,1.0,1,Normal,rule,0.0,8.6,0.7799082337019198
noise,1.0,1,Normal,rule,0.2,3.6,0.7015099647232445
noise,1.0,1,Normal,rule,0.4,3.6,0.7065443116025597
noise,1.0,1,Normal,rule,0.6,3.5,0.7104770117651424
noise,1.0,1,Normal,rule,0.9,3.6,0.7136540102475308
noise,1.0,1,Normal,rule,1.3,3.6,0.7136540102475308
noise,1.0,1,Normal,rule,2.0,3.6,0.7162874455029681
noise,1.0,1,Normal,learned,0.0,8.6,0.7799082337019198
noise,1.0,1,Normal,learned,0.2,3.4,0.9216017310213245
noise,1.0,1,Normal,learned,0.4,3.4,0.9216017310213245
noise,1.0,1,Normal,learned,0.6,3.4,0.9216017310213245
noise,1.0,1,Normal,learned,0.9,3.7,0.8482378089219645
noise,1.0,1,Normal,learned,1.3,4.0,0.793584067764911
noise,1.0,1,Normal,learned,2.0,4.0,0.7655934900767002
noise,1.0,1,Normal,hybrid,0.0,8.6,0.7799082337019198
noise,1.0,1,Normal,hybrid,0.2,3.2,1.0
noise,1.0,1,Normal,hybrid,0.4,3.2,1.0
noise,1.0,1,Normal,hybrid,0.6,3.2,1.0
noise,1.0,1,Normal,hybrid,0.9,3.1,1.0
noise,1.0,1,Normal,hybrid,1.3,3.1,1.0
noise,1.0,1,Normal,hybrid,2.0,3.1,1.0
noise,1.0,1,Oily,oracle,0.0,11.0,0.8630152897016883
noise,1.0,1,Oily,oracle,0.2,3.3,0.7951657524814092
noise,1.0,1,Oily,oracle,0.4,3.1,0.6906478832608419
noise,1.0,1,Oily,oracle,0.6,3.0,0.6906478832608419
noise,1.0,1,Oily,oracle,0.9,3.0,0.6906478832608419
noise,1.0,1,Oily,oracle,1.3,3.0,0.6906478832608419
noise,1.0,1,Oily,oracle,2.0,3.0,0.6906478832608419
noise,1.0,1,Oily,rule,0.0,11.0,0.8630152897016883
noise,1.0,1,Oily,rule,0.2,3.5,0.6410457898283652
noise,1.0,1,Oily,rule,0.4,3.5,0.6410457898283652
noise,1.0,1,Oily,rule,0.6,3.4,0.6698623505528797
noise,1.0,1,Oily,rule,0.9,3.6,0.6698623505528797
noise,1.0,1,Oily,rule,1.3,3.6,0.6698623505528797
noise,1.0,1,Oily,rule,2.0,3.4,0.6036081270984908
noise,1.0,1,Oily,learned,0.0,11.0,0.8630152897016883
noise,1.0,1,Oily,learned,0.2,4.1,0.8512360941594274
noise,1.0,1,Oily,learned,0.4,4.0,0.9305687780632227
noise,1.0,1,Oily,learned,0.6,3.9,0.866947989864271
noise,1.0,1,Oily,learned,0.9,3.9,0.8415908474314976
noise,1.0,1,Oily,learned,1.3,3.4,0.8263333286520083
noise,1.0,1,Oily,learned,2.0,3.4,0.8165901947515998
noise,1.0,1,Oily,hybrid,0.0,11.0,0.8630152897016883
noise,1.0,1,Oily,hybrid,0.2,3.5,0.914856882358379
noise,1.0,1,Oily,hybrid,0.4,3.4,0.9266360779006398
noise,1.0,1,Oily,hybrid,0.6,3.3,0.9266360779006398
noise,1.0,1,Oily,hybrid,0.9,3.3,0.9305687780632227
noise,1.0,1,Oily,hybrid,1.3,3.3,0.9305687780632227
noise,1.0,1,Oily,hybrid,2.0,3.1,0.793584067764911
noise,1.0,1,Sensitive,oracle,0.0,11.0,0.7917063341896682
noise,1.0,1,Sensitive,oracle,0.2,3.4,1.0
noise,1.0,1,Sensitive,oracle,0.4,3.4,1.0
noise,1.0,1,Sensitive,oracle,0.6,3.3,1.0
noise,1.0,1,Sensitive,oracle,0.9,3.2,1.0
noise,1.0,1,Sensitive,oracle,1.3,3.1,1.0
noise,1.0,1,Sensitive,oracle,2.0,3.0,1.0
noise,1.0,1,Sensitive,rule,0.0,11.0,0.7917063341896682
noise,1.0,1,Sensitive,rule,0.2,4.1,0.8643145546088338
noise,1.0,1,Sensitive,rule,0.4,3.6,0.914856882358379
noise,1.0,1,Sensitive,rule,0.6,3.5,0.914856882358379
noise,1.0,1,Sensitive,rule,0.9,3.5,0.914856882358379
noise,1.0,1,Sensitive,rule,1.3,3.4,0.914856882358379
noise,1.0,1,Sensitive,rule,2.0,3.4,0.8454256604216017
noise,1.0,1,Sensitive,learned,0.0,11.0,0.7917063341896682
noise,1.0,1,Sensitive,learned,0.2,4.1,0.9363792118010483
noise,1.0,1,Sensitive,learned,0.4,3.6,1.0
noise,1.0,1,Sensitive,learned,0.6,3.4,1.0
noise,1.0,1,Sensitive,learned,0.9,3.4,1.0
noise,1.0,1,Sensitive,learned,1.3,3.7,0.9305687780632227
noise,1.0,1,Sensitive,learned,2.0,3.7,0.9216017310213245
noise,1.0,1,Sensitive,hybrid,0.0,11.0,0.7917063341896682
noise,1.0,1,Sensitive,hybrid,0.2,3.6,0.9363792118010483
noise,1.0,1,Sensitive,hybrid,0.4,3.3,0.9363792118010483
noise,1.0,1,Sensitive,hybrid,0.6,3.3,0.9363792118010483
noise,1.0,1,Sensitive,hybrid,0.9,3.2,1.0
noise,1.0,1,Sensitive,hybrid,1.3,3.3,0.9363792118010483
noise,1.0,1,Sensitive,hybrid,2.0,3.2,0.933745776545611
noise,1.0,2,Combination,oracle,0.0,13.2,0.933745776545611
noise,1.0,2,Combination,oracle,0.2,3.0,0.7778721720600672
noise,1.0,2,Combination,oracle,0.4,3.0,0.7778721720600672
noise,1.0,2,Combination,oracle,0.6,3.0,0.7778721720600672
noise,1.0,2,Combination,oracle,0.9,3.0,0.7778721720600672
noise,1.0,2,Combination,oracle,1.3,3.0,0.7778721720600672
noise,1.0,2,Combination,oracle,2.0,3.0,0.7778721720600672
noise,1.0,2,Combination,rule,0.0,13.2,0.933745776545611
noise,1.0,2,Combination,rule,0.2,3.3,0.6969179698201174
noise,1.0,2,Combination,rule,0.4,3.3,0.6777277508780453
noise,1.0,2,Combination,rule,0.6,3.3,0.6777277508780453
noise,1.0,2,Combination,rule,0.9,3.4,0.6777277508780453
noise,1.0,2,Combination,rule,1.3,3.4,0.6777277508780453
noise,1.0,2,Combination,rule,2.0,3.4,0.6777277508780453
noise,1.0,2,Combination,learned,0.0,13.2,0.933745776545611
noise,1.0,2,Combination,learned,0.2,3.6,0.914856882358379
noise,1.0,2,Combination,learned,0.4,3.6,0.914856882358379
noise,1.0,2,Combination,learned,0.6,3.6,0.8414929602590189
noise,1.0,2,Combination,learned,0.9,3.6,0.8414929602590189
noise,1.0,2,Combination,learned,1.3,3.2,0.8414929602590189
noise,1.0,2,Combination,learned,2.0,3.4,0.8414929602590189
noise,1.0,2,Combination,hybrid,0.0,13.2,0.933745776545611
noise,1.0,2,Combination,hybrid,0.2,3.2,0.8611375561264455
noise,1.0,2,Combination,hybrid,0.4,3.2,0.8611375561264455
noise,1.0,2,Combination,hybrid,0.6,3.2,0.7948833326720566
noise,1.0,2,Combination,hybrid,0.9,3.2,0.7948833326720566
noise,1.0,2,Combination,hybrid,1.3,3.1,0.7917063341896682
noise,1.0,2,Combination,hybrid,2.0,3.1,0.8205228949141826
noise,1.0,2,Dry,oracle,0.0,10.9,0.9305687780632227
noise,1.0,2,Dry,oracle,0.2,3.6,0.8611375561264455
noise,1.0,2,Dry,oracle,0.4,3.4,0.7827392871477701
noise,1.0,2,Dry,oracle,0.6,3.3,0.70937536504841
noise,1.0,2,Dry,oracle,0.9,3.1,0.70937536504841
noise,1.0,2,Dry,oracle,1.3,3.1,0.70937536504841
noise,1.0,2,Dry,oracle,2.0,3.0,0.70937536504841
noise,1.0,2,Dry,rule,0.0,10.9,0.9305687780632227
noise,1.0,2,Dry,rule,0.2,3.8,0.9363792118010483
noise,1.0,2,Dry,rule,0.4,3.7,0.9363792118010483
noise,1.0,2,Dry,rule,0.6,3.6,0.8553475075669357
noise,1.0,2,Dry,rule,0.9,3.5,0.8553475075669357
noise,1.0,2,Dry,rule,1.3,3.3,0.8579809428223729
noise,1.0,2,Dry,rule,2.0,3.3,0.8572048559638626
noise,1.0,2,Dry,learned,0.0,10.9,0.9305687780632227
noise,1.0,2,Dry,learned,0.2,3.8,0.8899541168509599
noise,1.0,2,Dry,learned,0.4,3.8,0.835780413693672
noise,1.0,2,Dry,learned,0.6,3.7,0.8389574121760602
noise,1.0,2,Dry,learned,0.9,3.8,0.8630152897016883
noise,1.0,2,Dry,learned,1.3,3.8,0.866947989864271
noise,1.0,2,Dry,learned,2.0,3.8,0.9305687780632227
noise,1.0,2,Dry,hybrid,0.0,10.9,0.9305687780632227
noise,1.0,2,Dry,hybrid,0.2,3.8,0.7702043899253147
noise,1.0,2,Dry,hybrid,0.4,3.7,0.8006937664098821
noise,1.0,2,Dry,hybrid,0.6,3.8,0.8643145546088338
noise,1.0,2,Dry,hybrid,0.9,3.7,0.9363792118010483
noise,1.0,2,Dry,hybrid,1.3,3.6,0.8553475075669357
noise,1.0,2,Dry,hybrid,2.0,3.4,0.8899541168509599
noise,1.0,2,Normal,oracle,0.0,10.6,0.9266360779006398
noise,1.0,2,Normal,oracle,0.2,3.2,0.6947651160602988
noise,1.0,2,Normal,oracle,0.4,3.0,0.6947651160602988
noise,1.0,2,Normal,oracle,0.6,3.0,0.6947651160602988
noise,1.0,2,Normal,oracle,0.9,3.0,0.6947651160602988
noise,1.0,2,Normal,oracle,1.3,3.0,0.6947651160602988
noise,1.0,2,Normal,oracle,2.0,3.0,0.6947651160602988
noise,1.0,2,Normal,rule,0.0,10.6,0.9266360779006398
noise,1.0,2,Normal,rule,0.2,3.7,0.7721596254947203
noise,1.0,2,Normal,rule,0.4,3.6,0.7909506325094736
noise,1.0,2,Normal,rule,0.6,3.4,0.7859162856301584
noise,1.0,2,Normal,rule,0.9,3.4,0.78180487222265
noise,1.0,2,Normal,rule,1.3,3.5,0.84860265890399
noise,1.0,2,Normal,rule,2.0,3.4,0.914856882358379
noise,1.0,2,Normal,learned,0.0,10.6,0.9266360779006398
noise,1.0,2,Normal,learned,0.2,4.0,0.9216017310213245
noise,1.0,2,Normal,learned,0.4,3.8,0.9305687780632227
noise,1.0,2,Normal,learned,0.6,3.8,1.0
noise,1.0,2,Normal,learned,0.9,3.9,1.0
noise,1.0,2,Normal,learned,1.3,3.9,1.0
noise,1.0,2,Normal,learned,2.0,3.8,1.0
noise,1.0,2,Normal,hybrid,0.0,10.6,0.9266360779006398
noise,1.0,2,Normal,hybrid,0.2,3.5,1.0
noise,1.0,2,Normal,hybrid,0.4,3.4,1.0
noise,1.0,2,Normal,hybrid,0.6,3.4,1.0
noise,1.0,2,Normal,hybrid,0.9,3.4,1.0
noise,1.0,2,Normal,hybrid,1.3,3.3,1.0
noise,1.0,2,Normal,hybrid,2.0,3.2,0.9216017310213245
noise,1.0,2,Oily,oracle,0.0,10.7,0.7917063341896682
noise,1.0,2,Oily,oracle,0.2,3.2,0.791726719367984
noise,1.0,2,Oily,oracle,0.4,3.1,0.8553475075669357
noise,1.0,2,Oily,oracle,0.6,3.0,0.9216017310213245
noise,1.0,2,Oily,oracle,0.9,3.0,0.9216017310213245
noise,1.0,2,Oily,oracle,1.3,3.0,0.9216017310213245
noise,1.0,2,Oily,oracle,2.0,3.0,0.9216017310213245
noise,1.0,2,Oily,rule,0.0,10.7,0.7917063341896682
noise,1.0,2,Oily,rule,0.2,3.4,0.7026305163854644
noise,1.0,2,Oily,rule,0.4,3.2,0.6331992944486871
noise,1.0,2,Oily,rule,0.6,3.3,0.542042305486879
noise,1.0,2,Oily,rule,0.9,3.3,0.5478527392247047
noise,1.0,2,Oily,rule,1.3,3.2,0.6064391805443411
noise,1.0,2,Oily,rule,2.0,3.3,0.6090726157997783
noise,1.0,2,Oily,learned,0.0,10.7,0.7917063341896682
noise,1.0,2,Oily,learned,0.2,3.8,0.8603818544462509
noise,1.0,2,Oily,learned,0.4,4.1,0.914856882358379
noise,1.0,2,Oily,learned,0.6,4.1,0.9266360779006398
noise,1.0,2,Oily,learned,0.9,3.7,0.9266360779006398
noise,1.0,2,Oily,learned,1.3,3.7,0.933745776545611
noise,1.0,2,Oily,learned,2.0,3.7,0.933745776545611
noise,1.0,2,Oily,hybrid,0.0,10.7,0.7917063341896682
noise,1.0,2,Oily,hybrid,0.2,3.2,0.8415908474314976
noise,1.0,2,Oily,hybrid,0.4,3.1,0.9052116356304493
noise,1.0,2,Oily,hybrid,0.6,3.1,0.9052116356304493
noise,1.0,2,Oily,hybrid,0.9,3.1,0.9052116356304493
noise,1.0,2,Oily,hybrid,1.3,3.1,0.914856882358379
noise,1.0,2,Oily,hybrid,2.0,3.1,0.914856882358379
noise,1.0,2,Sensitive,oracle,0.0,8.1,0.7948833326720566
noise,1.0,2,Sensitive,oracle,0.2,3.3,0.9266360779006398
noise,1.0,2,Sensitive,oracle,0.4,3.1,0.8630152897016883
noise,1.0,2,Sensitive,oracle,0.6,3.0,0.7967610662472993
noise,1.0,2,Sensitive,oracle,0.9,3.0,0.7967610662472993
noise,1.0,2,Sensitive,oracle,1.3,3.0,0.7967610662472993
noise,1.0,2,Sensitive,oracle,2.0,3.0,0.7967610662472993
noise,1.0,2,Sensitive,rule,0.0,8.1,0.7948833326720566
noise,1.0,2,Sensitive,rule,0.2,3.4,0.8611375561264455
noise,1.0,2,Sensitive,rule,0.4,3.4,0.8611375561264455
noise,1.0,2,Sensitive,rule,0.6,3.4,0.8611375561264455
noise,1.0,2,Sensitive,rule,0.9,3.5,0.7948833326720566
noise,1.0,2,Sensitive,rule,1.3,3.3,0.6578986223737447
noise,1.0,2,Sensitive,rule,2.0,3.3,0.7241528458281337
noise,1.0,2,Sensitive,learned,0.0,8.1,0.7948833326720566
noise,1.0,2,Sensitive,learned,0.2,3.5,0.9305687780632227
noise,1.0,2,Sensitive,learned,0.4,3.5,0.9216017310213245
noise,1.0,2,Sensitive,learned,0.6,3.4,0.914856882358379
noise,1.0,2,Sensitive,learned,0.9,3.4,0.914856882358379
noise,1.0,2,Sensitive,learned,1.3,3.5,0.914856882358379
noise,1.0,2,Sensitive,learned,2.0,3.6,0.9052116356304493
noise,1.0,2,Sensitive,hybrid,0.0,8.1,0.7948833326720566
noise,1.0,2,Sensitive,hybrid,0.2,3.4,1.0
noise,1.0,2,Sensitive,hybrid,0.4,3.2,0.9305687780632227
noise,1.0,2,Sensitive,hybrid,0.6,3.2,0.9305687780632227
noise,1.0,2,Sensitive,hybrid,0.9,3.2,0.9266360779006398
noise,1.0,2,Sensitive,hybrid,1.3,3.3,0.9216017310213245
noise,1.0,2,Sensitive,hybrid,2.0,3.3,0.9216017310213245
noise,1.0,3,Combination,oracle,0.0,9.4,0.835780413693672
noise,1.0,3,Combination,oracle,0.2,3.0,1.0
noise,1.0,3,Combination,oracle,0.4,3.0,1.0
noise,1.0,3,Combination,oracle,0.6,3.0,1.0
noise,1.0,3,Combination,oracle,0.9,3.0,1.0
noise,1.0,3,Combination,oracle,1.3,3.0,1.0
noise,1.0,3,Combination,oracle,2.0,3.0,1.0
noise,1.0,3,Combination,rule,0.0,9.4,0.835780413693672
noise,1.0,3,Combination,rule,0.2,3.2,0.8521705090845473
noise,1.0,3,Combination,rule,0.4,3.2,0.8572048559638626
noise,1.0,3,Combination,rule,0.6,3.2,0.8572048559638626
noise,1.0,3,Combination,rule,0.9,3.2,0.8572048559638626
noise,1.0,3,Combination,rule,1.3,3.2,0.8521705090845473
noise,1.0,3,Combination,rule,2.0,3.2,0.8521705090845473
noise,1.0,3,Combination,learned,0.0,9.4,0.835780413693672
noise,1.0,3,Combination,learned,0.2,3.7,1.0
noise,1.0,3,Combination,learned,0.4,3.9,1.0
noise,1.0,3,Combination,learned,0.6,3.9,1.0
noise,1.0,3,Combination,learned,0.9,3.9,1.0
noise,1.0,3,Combination,learned,1.3,3.9,0.9216017310213245
noise,1.0,3,Combination,learned,2.0,4.1,0.7788065869851872
noise,1.0,3,Combination,hybrid,0.0,9.4,0.835780413693672
noise,1.0,3,Combination,hybrid,0.2,3.2,1.0
noise,1.0,3,Combination,hybrid,0.4,3.2,1.0
noise,1.0,3,Combination,hybrid,0.6,3.2,1.0
noise,1.0,3,Combination,hybrid,0.9,3.2,1.0
noise,1.0,3,Combination,hybrid,1.3,3.2,1.0
noise,1.0,3,Combination,hybrid,2.0,3.2,0.9363792118010483
noise,1.0,3,Dry,oracle,0.0,9.4,0.6163668470816234
noise,1.0,3,Dry,oracle,0.2,3.5,0.8899541168509599
noise,1.0,3,Dry,oracle,0.4,3.3,0.8115558478722845
noise,1.0,3,Dry,oracle,0.6,3.3,0.8115558478722845
noise,1.0,3,Dry,oracle,0.9,3.1,0.8115558478722845
noise,1.0,3,Dry,oracle,1.3,3.0,0.7479350596733328
noise,1.0,3,Dry,oracle,2.0,3.0,0.7479350596733328
noise,1.0,3,Dry,rule,0.0,9.4,0.6163668470816234
noise,1.0,3,Dry,rule,0.2,3.7,0.8165901947515998
noise,1.0,3,Dry,rule,0.4,3.7,0.8236998933965709
noise,1.0,3,Dry,rule,0.6,3.4,0.9052116356304493
noise,1.0,3,Dry,rule,0.9,3.4,0.7753366239771086
noise,1.0,3,Dry,rule,1.3,3.4,0.7605591431973849
noise,1.0,3,Dry,rule,2.0,3.3,0.7624164915943118
noise,1.0,3,Dry,learned,0.0,9.4,0.6163668470816234
noise,1.0,3,Dry,learned,0.2,4.0,0.8899541168509599
noise,1.0,3,Dry,learned,0.4,4.0,0.8611375561264455
noise,1.0,3,Dry,learned,0.6,4.0,0.8611375561264455
noise,1.0,3,Dry,learned,0.9,4.0,0.8611375561264455
noise,1.0,3,Dry,learned,1.3,4.0,0.7799082337019198
noise,1.0,3,Dry,learned,2.0,4.0,0.8611375561264455
noise,1.0,3,Dry,hybrid,0.0,9.4,0.6163668470816234
noise,1.0,3,Dry,hybrid,0.2,3.7,0.8512360941594274
noise,1.0,3,Dry,hybrid,0.4,3.7,0.9216017310213245
noise,1.0,3,Dry,hybrid,0.6,3.7,0.914856882358379
noise,1.0,3,Dry,hybrid,0.9,3.6,0.9305687780632227
noise,1.0,3,Dry,hybrid,1.3,3.6,0.9305687780632227
noise,1.0,3,Dry,hybrid,2.0,3.6,0.9305687780632227
noise,1.0,3,Normal,oracle,0.0,8.0,0.8611375561264455
noise,1.0,3,Normal,oracle,0.2,3.0,0.84860265890399
noise,1.0,3,Normal,oracle,0.4,3.0,0.84860265890399
noise,1.0,3,Normal,oracle,0.6,3.0,0.84860265890399
noise,1.0,3,Normal,oracle,0.9,3.0,0.84860265890399
noise,1.0,3,Normal,oracle,1.3,3.0,0.84860265890399
noise,1.0,3,Normal,oracle,2.0,3.0,0.84860265890399
noise,1.0,3,Normal,rule,0.0,8.0,0.8611375561264455
noise,1.0,3,Normal,rule,0.2,3.3,0.8899541168509599
noise,1.0,3,Normal,rule,0.4,3.3,0.8899541168509599
noise,1.0,3,Normal,rule,0.6,3.3,0.8415908474314976
noise,1.0,3,Normal,rule,0.9,3.3,0.8389574121760602
noise,1.0,3,Normal,rule,1.3,3.3,0.8521705090845473
noise,1.0,3,Normal,rule,2.0,3.3,0.8521705090845473
noise,1.0,3,Normal,learned,0.0,8.0,0.8611375561264455
noise,1.0,3,Normal,learned,0.2,3.8,0.9363792118010483
noise,1.0,3,Normal,learned,0.4,3.9,0.8572048559638626
noise,1.0,3,Normal,learned,0.6,3.9,0.8414929602590189
noise,1.0,3,Normal,learned,0.9,3.9,0.7631925784528222
noise,1.0,3,Normal,learned,1.3,3.9,0.7573821447149965
noise,1.0,3,Normal,learned,2.0,4.2,0.7026305163854644
noise,1.0,3,Normal,hybrid,0.0,8.0,0.8611375561264455
noise,1.0,3,Normal,hybrid,0.2,3.5,1.0
noise,1.0,3,Normal,hybrid,0.4,3.5,1.0
noise,1.0,3,Normal,hybrid,0.6,3.5,0.933745776545611
noise,1.0,3,Normal,hybrid,0.9,3.4,0.9305687780632227
noise,1.0,3,Normal,hybrid,1.3,3.3,0.9305687780632227
noise,1.0,3,Normal,hybrid,2.0,3.3,0.8630152897016883
noise,1.0,3,Oily,oracle,0.0,8.7,0.8268133666517739
noise,1.0,3,Oily,oracle,0.2,3.1,0.6500332220485792
noise,1.0,3,Oily,oracle,0.4,3.0,0.6500332220485792
noise,1.0,3,Oily,oracle,0.6,3.0,0.6500332220485792
noise,1.0,3,Oily,oracle,0.9,3.0,0.6500332220485792
noise,1.0,3,Oily,oracle,1.3,3.0,0.6500332220485792
noise,1.0,3,Oily,oracle,2.0,3.0,0.6500332220485792
noise,1.0,3,Oily,rule,0.0,8.7,0.8268133666517739
noise,1.0,3,Oily,rule,0.2,3.2,0.8603818544462509
noise,1.0,3,Oily,rule,0.4,3.2,0.8553475075669357
noise,1.0,3,Oily,rule,0.6,3.2,0.8572048559638626
noise,1.0,3,Oily,rule,0.9,3.2,0.8572048559638626
noise,1.0,3,Oily,rule,1.3,3.2,0.8521705090845473
noise,1.0,3,Oily,rule,2.0,3.2,0.8521705090845473
noise,1.0,3,Oily,learned,0.0,8.7,0.8268133666517739
noise,1.0,3,Oily,learned,0.2,3.3,0.9363792118010483
noise,1.0,3,Oily,learned,0.4,3.5,1.0
noise,1.0,3,Oily,learned,0.6,3.6,0.9363792118010483
noise,1.0,3,Oily,learned,0.9,3.6,0.914856882358379
noise,1.0,3,Oily,learned,1.3,3.7,0.835780413693672
noise,1.0,3,Oily,learned,2.0,3.7,0.8268133666517739
noise,1.0,3,Oily,hybrid,0.0,8.7,0.8268133666517739
noise,1.0,3,Oily,hybrid,0.2,3.3,0.9363792118010483
noise,1.0,3,Oily,hybrid,0.4,3.2,1.0
noise,1.0,3,Oily,hybrid,0.6,3.2,1.0
noise,1.0,3,Oily,hybrid,0.9,3.2,1.0
noise,1.0,3,Oily,hybrid,1.3,3.2,1.0
noise,1.0,3,Oily,hybrid,2.0,3.2,1.0
noise,1.0,3,Sensitive,oracle,0.0,8.1,0.9216017310213245
noise,1.0,3,Sensitive,oracle,0.2,3.3,1.0
noise,1.0,3,Sensitive,oracle,0.4,3.2,0.933745776545611
noise,1.0,3,Sensitive,oracle,0.6,3.2,0.9305687780632227
noise,1.0,3,Sensitive,oracle,0.9,3.2,0.9305687780632227
noise,1.0,3,Sensitive,oracle,1.3,3.1,0.9305687780632227
noise,1.0,3,Sensitive,oracle,2.0,3.0,0.866947989864271
noise,1.0,3,Sensitive,rule,0.0,8.1,0.9216017310213245
noise,1.0,3,Sensitive,rule,0.2,3.2,0.933745776545611
noise,1.0,3,Sensitive,rule,0.4,3.2,0.9216017310213245
noise,1.0,3,Sensitive,rule,0.6,3.1,0.914856882358379
noise,1.0,3,Sensitive,rule,0.9,3.1,0.914856882358379
noise,1.0,3,Sensitive,rule,1.3,3.0,0.84860265890399
noise,1.0,3,Sensitive,rule,2.0,3.0,0.8454256604216017
noise,1.0,3,Sensitive,learned,0.0,8.1,0.9216017310213245
noise,1.0,3,Sensitive,learned,0.2,3.8,0.9363792118010483
noise,1.0,3,Sensitive,learned,0.4,3.9,1.0
noise,1.0,3,Sensitive,learned,0.6,3.9,1.0
noise,1.0,3,Sensitive,learned,0.9,3.9,1.0
noise,1.0,3,Sensitive,learned,1.3,3.5,1.0
noise,1.0,3,Sensitive,learned,2.0,3.5,1.0
noise,1.0,3,Sensitive,hybrid,0.0,8.1,0.9216017310213245
noise,1.0,3,Sensitive,hybrid,0.2,3.5,0.933745776545611
noise,1.0,3,Sensitive,hybrid,0.4,3.5,0.9363792118010483
noise,1.0,3,Sensitive,hybrid,0.6,3.4,1.0
noise,1.0,3,Sensitive,hybrid,0.9,3.3,1.0
noise,1.0,3,Sensitive,hybrid,1.3,3.3,1.0
noise,1.0,3,Sensitive,hybrid,2.0,3.3,1.0
noise,1.0,4,Combination,oracle,0.0,8.9,0.7191184989488184
noise,1.0,4,Combination,oracle,0.2,3.0,0.7720617383222416
noise,1.0,4,Combination,oracle,0.4,3.0,0.7720617383222416
noise,1.0,4,Combination,oracle,0.6,3.0,0.7720617383222416
noise,1.0,4,Combination,oracle,0.9,3.0,0.7720617383222416
noise,1.0,4,Combination,oracle,1.3,3.0,0.7720617383222416
noise,1.0,4,Combination,oracle,2.0,3.0,0.7720617383222416
noise,1.0,4,Combination,rule,0.0,8.9,0.7191184989488184
noise,1.0,4,Combination,rule,0.2,3.3,0.5337225282363591
noise,1.0,4,Combination,rule,0.4,3.3,0.5363559634917964
noise,1.0,4,Combination,rule,0.6,3.3,0.543100812154742
noise,1.0,4,Combination,rule,0.9,3.2,0.611755947233009
noise,1.0,4,Combination,rule,1.3,3.2,0.611755947233009
noise,1.0,4,Combination,rule,2.0,3.2,0.611755947233009
noise,1.0,4,Combination,learned,0.0,8.9,0.7191184989488184
noise,1.0,4,Combination,learned,0.2,3.8,0.7542686714597936
noise,1.0,4,Combination,learned,0.4,4.0,0.8048109992093389
noise,1.0,4,Combination,learned,0.6,4.1,0.7759944384848245
noise,1.0,4,Combination,learned,0.9,4.2,0.7759944384848245
noise,1.0,4,Combination,learned,1.3,4.2,0.7827392871477701
noise,1.0,4,Combination,learned,2.0,4.1,0.7827392871477701
noise,1.0,4,Combination,hybrid,0.0,8.9,0.7191184989488184
noise,1.0,4,Combination,hybrid,0.2,3.2,0.7663491917568948
noise,1.0,4,Combination,hybrid,0.4,3.2,0.7510916729774054
noise,1.0,4,Combination,hybrid,0.6,3.2,0.7663491917568948
noise,1.0,4,Combination,hybrid,0.9,3.2,0.7663491917568948
noise,1.0,4,Combination,hybrid,1.3,3.2,0.7663491917568948
noise,1.0,4,Combination,hybrid,2.0,3.1,0.7000949683025057
noise,1.0,4,Dry,oracle,0.0,11.6,1.0
noise,1.0,4,Dry,oracle,0.2,3.3,0.7967610662472993
noise,1.0,4,Dry,oracle,0.4,3.0,0.8630152897016883
noise,1.0,4,Dry,oracle,0.6,3.0,0.8630152897016883
noise,1.0,4,Dry,oracle,0.9,3.0,0.8630152897016883
noise,1.0,4,Dry,oracle,1.3,3.0,0.8630152897016883
noise,1.0,4,Dry,oracle,2.0,3.0,0.8630152897016883
noise,1.0,4,Dry,rule,0.0,11.6,1.0
noise,1.0,4,Dry,rule,0.2,3.5,0.7663491917568948
noise,1.0,4,Dry,rule,0.4,3.5,0.6214990811334173
noise,1.0,4,Dry,rule,0.6,3.4,0.6214990811334173
noise,1.0,4,Dry,rule,0.9,3.4,0.6188656458779801
noise,1.0,4,Dry,rule,1.3,3.4,0.6156886473955917
noise,1.0,4,Dry,rule,2.0,3.3,0.6036081270984908
noise,1.0,4,Dry,learned,0.0,11.6,1.0
noise,1.0,4,Dry,learned,0.2,3.3,0.933745776545611
noise,1.0,4,Dry,learned,0.4,3.4,0.933745776545611
noise,1.0,4,Dry,learned,0.6,3.8,0.8899541168509599
noise,1.0,4,Dry,learned,0.9,3.8,0.8899541168509599
noise,1.0,4,Dry,learned,1.3,3.8,0.8899541168509599
noise,1.0,4,Dry,learned,2.0,3.9,0.8899541168509599
noise,1.0,4,Dry,hybrid,0.0,11.6,1.0
noise,1.0,4,Dry,hybrid,0.2,3.3,0.7116179486056783
noise,1.0,4,Dry,hybrid,0.4,3.2,0.8115558478722845
noise,1.0,4,Dry,hybrid,0.6,3.2,0.6947651160602988
noise,1.0,4,Dry,hybrid,0.9,3.2,0.685119869332369
noise,1.0,4,Dry,hybrid,1.3,3.2,0.685119869332369
noise,1.0,4,Dry,hybrid,2.0,3.2,0.6947651160602988
noise,1.0,4,Normal,oracle,0.0,8.4,0.4800032020044256
noise,1.0,4,Normal,oracle,0.2,3.0,1.0
noise,1.0,4,Normal,oracle,0.4,3.0,1.0
noise,1.0,4,Normal,oracle,0.6,3.0,1.0
noise,1.0,4,Normal,oracle,0.9,3.0,1.0
noise,1.0,4,Normal,oracle,1.3,3.0,1.0
noise,1.0,4,Normal,oracle,2.0,3.0,1.0
noise,1.0,4,Normal,rule,0.0,8.4,0.4800032020044256
noise,1.0,4,Normal,rule,0.2,3.2,0.7827392871477701
noise,1.0,4,Normal,rule,0.4,3.2,0.6947651160602988
noise,1.0,4,Normal,rule,0.6,3.2,0.6947651160602988
noise,1.0,4,Normal,rule,0.9,3.2,0.685119869332369
noise,1.0,4,Normal,rule,1.3,3.2,0.685119869332369
noise,1.0,4,Normal,rule,2.0,3.1,0.6214990811334173
noise,1.0,4,Normal,learned,0.0,8.4,0.4800032020044256
noise,1.0,4,Normal,learned,0.2,4.1,1.0
noise,1.0,4,Normal,learned,0.4,4.1,1.0
noise,1.0,4,Normal,learned,0.6,4.2,0.914856882358379
noise,1.0,4,Normal,learned,0.9,4.2,0.914856882358379
noise,1.0,4,Normal,learned,1.3,4.2,0.9216017310213245
noise,1.0,4,Normal,learned,2.0,4.2,0.914856882358379
noise,1.0,4,Normal,hybrid,0.0,8.4,0.4800032020044256
noise,1.0,4,Normal,hybrid,0.2,3.1,0.8482378089219645
noise,1.0,4,Normal,hybrid,0.4,3.2,0.8165901947515998
noise,1.0,4,Normal,hybrid,0.6,3.2,0.7917063341896682
noise,1.0,4,Normal,hybrid,0.9,3.2,0.7827392871477701
noise,1.0,4,Normal,hybrid,1.3,3.2,0.7759944384848245
noise,1.0,4,Normal,hybrid,2.0,3.2,0.7759944384848245
noise,1.0,4,Oily,oracle,0.0,8.6,0.3693362536342715
noise,1.0,4,Oily,oracle,0.2,3.2,0.7753366239771086
noise,1.0,4,Oily,oracle,0.4,3.1,0.7753366239771086
noise,1.0,4,Oily,oracle,0.6,3.0,0.8389574121760602
noise,1.0,4,Oily,oracle,0.9,3.0,0.8389574121760602
noise,1.0,4,Oily,oracle,1.3,3.0,0.8389574121760602
noise,1.0,4,Oily,oracle,2.0,3.0,0.8389574121760602
noise,1.0,4,Oily,rule,0.0,8.6,0.3693362536342715
noise,1.0,4,Oily,rule,0.2,3.8,0.791726719367984
noise,1.0,4,Oily,rule,0.4,3.7,0.8603818544462509
noise,1.0,4,Oily,rule,0.6,3.5,0.8572048559638626
noise,1.0,4,Oily,rule,0.9,3.5,0.8579809428223729
noise,1.0,4,Oily,rule,1.3,3.4,0.9216017310213245
noise,1.0,4,Oily,rule,2.0,3.4,0.914856882358379
noise,1.0,4,Oily,learned,0.0,8.6,0.3693362536342715
noise,1.0,4,Oily,learned,0.2,3.7,0.9216017310213245
noise,1.0,4,Oily,learned,0.4,3.7,0.9266360779006398
noise,1.0,4,Oily,learned,0.6,3.7,0.9266360779006398
noise,1.0,4,Oily,learned,0.9,3.7,0.9305687780632227
noise,1.0,4,Oily,learned,1.3,3.7,0.9305687780632227
noise,1.0,4,Oily,learned,2.0,3.7,0.8415908474314976
noise,1.0,4,Oily,hybrid,0.0,8.6,0.3693362536342715
noise,1.0,4,Oily,hybrid,0.2,3.4,0.7788065869851872
noise,1.0,4,Oily,hybrid,0.4,3.4,0.7859162856301584
noise,1.0,4,Oily,hybrid,0.6,3.4,0.793584067764911
noise,1.0,4,Oily,hybrid,0.9,3.4,0.866947989864271
noise,1.0,4,Oily,hybrid,1.3,3.3,0.9363792118010483
noise,1.0,4,Oily,hybrid,2.0,3.3,0.9363792118010483
noise,1.0,4,Sensitive,oracle,0.0,12.1,0.8630152897016883
noise,1.0,4,Sensitive,oracle,0.2,3.6,0.9052116356304493
noise,1.0,4,Sensitive,oracle,0.4,3.4,0.8611375561264455
noise,1.0,4,Sensitive,oracle,0.6,3.3,0.8611375561264455
noise,1.0,4,Sensitive,oracle,0.9,3.1,0.8611375561264455
noise,1.0,4,Sensitive,oracle,1.3,3.0,0.8611375561264455
noise,1.0,4,Sensitive,oracle,2.0,3.0,0.8611375561264455
noise,1.0,4,Sensitive,rule,0.0,12.1,0.8630152897016883
noise,1.0,4,Sensitive,rule,0.2,4.3,0.7065443116025597
noise,1.0,4,Sensitive,rule,0.4,3.9,0.6371130896657824
noise,1.0,4,Sensitive,rule,0.6,3.9,0.5766692999492191
noise,1.0,4,Sensitive,rule,0.9,3.8,0.5341769051617135
noise,1.0,4,Sensitive,rule,1.3,3.6,0.505360344437199
noise,1.0,4,Sensitive,rule,2.0,3.5,0.5014276442746162
noise,1.0,4,Sensitive,learned,0.0,12.1,0.8630152897016883
noise,1.0,4,Sensitive,learned,0.2,3.8,0.7975167679274938
noise,1.0,4,Sensitive,learned,0.4,3.4,0.7799082337019198
noise,1.0,4,Sensitive,learned,0.6,3.4,0.7799082337019198
noise,1.0,4,Sensitive,learned,0.9,3.3,0.7799082337019198
noise,1.0,4,Sensitive,learned,1.3,3.1,0.7799082337019198
noise,1.0,4,Sensitive,learned,2.0,3.1,0.8611375561264455
noise,1.0,4,Sensitive,hybrid,0.0,12.1,0.8630152897016883
noise,1.0,4,Sensitive,hybrid,0.2,3.9,0.7104770117651424
noise,1.0,4,Sensitive,hybrid,0.4,3.7,0.7799082337019198
noise,1.0,4,Sensitive,hybrid,0.6,3.5,0.7799082337019198
noise,1.0,4,Sensitive,hybrid,0.9,3.5,0.7799082337019198
noise,1.0,4,Sensitive,hybrid,1.3,3.4,0.7799082337019198
noise,1.0,4,Sensitive,hybrid,2.0,3.3,0.7104770117651424
noise,2.0,0,Combination,oracle,0.0,6.9,1.0
noise,2.0,0,Combination,oracle,0.2,3.0,0.7885497208855956
noise,2.0,0,Combination,oracle,0.4,3.0,0.7885497208855956
noise,2.0,0,Combination,oracle,0.6,3.0,0.7885497208855956
noise,2.0,0,Combination,oracle,0.9,3.0,0.7885497208855956
noise,2.0,0,Combination,oracle,1.3,3.0,0.7885497208855956
noise,2.0,0,Combination,oracle,2.0,3.0,0.7885497208855956
noise,2.0,0,Combination,rule,0.0,6.9,1.0
noise,2.0,0,Combination,rule,0.2,3.7,0.6848374495230164
noise,2.0,0,Combination,rule,0.4,3.5,0.608296528941268
noise,2.0,0,Combination,rule,0.6,3.6,0.6032621820619527
noise,2.0,0,Combination,rule,0.9,3.6,0.5868720866710774
noise,2.0,0,Combination,rule,1.3,3.6,0.5232512984721257
noise,2.0,0,Combination,rule,2.0,3.6,0.5206178632166883
noise,2.0,0,Combination,learned,0.0,6.9,1.0
noise,2.0,0,Combination,learned,0.2,4.2,0.9052116356304493
noise,2.0,0,Combination,learned,0.4,4.0,0.8200685179888283
noise,2.0,0,Combination,learned,0.6,4.1,0.7416702490101529
noise,2.0,0,Combination,learned,0.9,4.1,0.7264127302306636
noise,2.0,0,Combination,learned,1.3,4.1,0.67269340399873
noise,2.0,0,Combination,learned,2.0,3.7,0.6064391805443411
noise,2.0,0,Combination,hybrid,0.0,6.9,1.0
noise,2.0,0,Combination,hybrid,0.2,3.8,0.8572048559638626
noise,2.0,0,Combination,hybrid,0.4,3.7,0.7254521107352793
noise,2.0,0,Combination,hybrid,0.6,3.7,0.6528642754944295
noise,2.0,0,Combination,hybrid,0.9,3.7,0.5399873388995391
noise,2.0,0,Combination,hybrid,1.3,3.7,0.606241562353928
noise,2.0,0,Combination,hybrid,2.0,3.5,0.6698623505528797
noise,2.0,0,Dry,oracle,0.0,13.4,1.0
noise,2.0,0,Dry,oracle,0.2,3.2,1.0
noise,2.0,0,Dry,oracle,0.4,3.0,1.0
noise,2.0,0,Dry,oracle,0.6,3.0,1.0
noise,2.0,0,Dry,oracle,0.9,3.0,1.0
noise,2.0,0,Dry,oracle,1.3,3.0,1.0
noise,2.0,0,Dry,oracle,2.0,3.0,1.0
noise,2.0,0,Dry,rule,0.0,13.4,1.0
noise,2.0,0,Dry,rule,0.2,3.7,0.9363792118010483
noise,2.0,0,Dry,rule,0.4,3.5,0.9305687780632227
noise,2.0,0,Dry,rule,0.6,3.6,0.914856882358379
noise,2.0,0,Dry,rule,0.9,3.7,0.8364586133797036
noise,2.0,0,Dry,rule,1.3,3.7,0.8268133666517739
noise,2.0,0,Dry,rule,2.0,3.4,0.6470538417566039
noise,2.0,0,Dry,learned,0.0,13.4,1.0
noise,2.0,0,Dry,learned,0.2,4.2,0.8454256604216017
noise,2.0,0,Dry,learned,0.4,4.1,0.8200685179888283
noise,2.0,0,Dry,learned,0.6,4.3,0.8200685179888283
noise,2.0,0,Dry,learned,0.9,4.2,0.8200685179888283
noise,2.0,0,Dry,learned,1.3,4.3,0.8268133666517739
noise,2.0,0,Dry,learned,2.0,4.3,0.6870165078530993
noise,2.0,0,Dry,hybrid,0.0,13.4,1.0
noise,2.0,0,Dry,hybrid,0.2,4.0,0.8701249883466594
noise,2.0,0,Dry,hybrid,0.4,3.7,0.9305687780632227
noise,2.0,0,Dry,hybrid,0.6,4.0,0.9266360779006398
noise,2.0,0,Dry,hybrid,0.9,4.0,0.9305687780632227
noise,2.0,0,Dry,hybrid,1.3,4.0,0.9305687780632227
noise,2.0,0,Dry,hybrid,2.0,3.4,0.7123736502858729
noise,2.0,0,Normal,oracle,0.0,10.1,0.914856882358379
noise,2.0,0,Normal,oracle,0.2,3.0,0.8579809428223729
noise,2.0,0,Normal,oracle,0.4,3.0,0.8579809428223729
noise,2.0,0,Normal,oracle,0.6,3.0,0.8579809428223729
noise,2.0,0,Normal,oracle,0.9,3.0,0.8579809428223729
noise,2.0,0,Normal,oracle,1.3,3.0,0.8579809428223729
noise,2.0,0,Normal,oracle,2.0,3.0,0.8579809428223729
noise,2.0,0,Normal,rule,0.0,10.1,0.914856882358379
noise,2.0,0,Normal,rule,0.2,3.3,0.8048109992093389
noise,2.0,0,Normal,rule,0.4,3.3,0.7827392871477701
noise,2.0,0,Normal,rule,0.6,3.4,0.7065632165480472
noise,2.0,0,Normal,rule,0.9,3.4,0.6969179698201174
noise,2.0,0,Normal,rule,1.3,3.5,0.6816604510406281
noise,2.0,0,Normal,rule,2.0,3.4,0.6212166613240647
noise,2.0,0,Normal,learned,0.0,10.1,0.914856882358379
noise,2.0,0,Normal,learned,0.2,4.1,1.0
noise,2.0,0,Normal,learned,0.4,4.0,0.933745776545611
noise,2.0,0,Normal,learned,0.6,4.0,0.9052116356304493
noise,2.0,0,Normal,learned,0.9,4.1,0.9052116356304493
noise,2.0,0,Normal,learned,1.3,4.1,0.9052116356304493
noise,2.0,0,Normal,learned,2.0,4.1,0.9052116356304493
noise,2.0,0,Normal,hybrid,0.0,10.1,0.914856882358379
noise,2.0,0,Normal,hybrid,0.2,3.8,1.0
noise,2.0,0,Normal,hybrid,0.4,3.7,1.0
noise,2.0,0,Normal,hybrid,0.6,3.7,1.0
noise,2.0,0,Normal,hybrid,0.9,3.7,1.0
noise,2.0,0,Normal,hybrid,1.3,3.7,1.0
noise,2.0,0,Normal,hybrid,2.0,3.6,0.933745776545611
noise,2.0,0,Oily,oracle,0.0,9.0,0.7877736340270853
noise,2.0,0,Oily,oracle,0.2,3.1,0.7183627972686238
noise,2.0,0,Oily,oracle,0.4,3.0,0.7819835854675755
noise,2.0,0,Oily,oracle,0.6,3.0,0.7819835854675755
noise,2.0,0,Oily,oracle,0.9,3.0,0.7819835854675755
noise,2.0,0,Oily,oracle,1.3,3.0,0.7819835854675755
noise,2.0,0,Oily,oracle,2.0,3.0,0.7819835854675755
noise,2.0,0,Oily,rule,0.0,9.0,0.7877736340270853
noise,2.0,0,Oily,rule,0.2,3.8,0.4553242592576837
noise,2.0,0,Oily,rule,0.4,3.8,0.4553242592576837
noise,2.0,0,Oily,rule,0.6,4.2,0.34051969290975714
noise,2.0,0,Oily,rule,0.9,4.1,0.4080731812712916
noise,2.0,0,Oily,rule,1.3,4.1,0.40346228142267715
noise,2.0,0,Oily,rule,2.0,4.1,0.38820476264318776
noise,2.0,0,Oily,learned,0.0,9.0,0.7877736340270853
noise,2.0,0,Oily,learned,0.2,3.7,0.8701249883466594
noise,2.0,0,Oily,learned,0.4,3.6,0.9363792118010483
noise,2.0,0,Oily,learned,0.6,3.6,0.9363792118010483
noise,2.0,0,Oily,learned,0.9,3.6,0.9363792118010483
noise,2.0,0,Oily,learned,1.3,3.6,0.9363792118010483
noise,2.0,0,Oily,learned,2.0,3.7,0.9363792118010483
noise,2.0,0,Oily,hybrid,0.0,9.0,0.7877736340270853
noise,2.0,0,Oily,hybrid,0.2,3.8,0.8572048559638626
noise,2.0,0,Oily,hybrid,0.4,3.8,0.8521705090845473
noise,2.0,0,Oily,hybrid,0.6,3.8,0.8482378089219645
noise,2.0,0,Oily,hybrid,0.9,3.8,0.8482378089219645
noise,2.0,0,Oily,hybrid,1.3,3.7,0.8572048559638626
noise,2.0,0,Oily,hybrid,2.0,3.7,0.8572048559638626
noise,2.0,0,Sensitive,oracle,0.0,11.1,0.9305687780632227
noise,2.0,0,Sensitive,oracle,0.2,3.8,0.9266360779006398
noise,2.0,0,Sensitive,oracle,0.4,3.4,0.8701249883466594
noise,2.0,0,Sensitive,oracle,0.6,3.2,0.866947989864271
noise,2.0,0,Sensitive,oracle,0.9,3.2,0.8603818544462509
noise,2.0,0,Sensitive,oracle,1.3,3.2,0.8572048559638626
noise,2.0,0,Sensitive,oracle,2.0,3.2,0.8572048559638626
noise,2.0,0,Sensitive,rule,0.0,11.1,0.9305687780632227
noise,2.0,0,Sensitive,rule,0.2,4.2,0.7104770117651424
noise,2.0,0,Sensitive,rule,0.4,3.9,0.685119869332369
noise,2.0,0,Sensitive,rule,0.6,4.0,0.6214990811334173
noise,2.0,0,Sensitive,rule,0.9,4.0,0.6156886473955917
noise,2.0,0,Sensitive,rule,1.3,3.8,0.543100812154742
noise,2.0,0,Sensitive,rule,2.0,3.5,0.599976751690748
noise,2.0,0,Sensitive,learned,0.0,11.1,0.9305687780632227
noise,2.0,0,Sensitive,learned,0.2,4.1,0.9305687780632227
noise,2.0,0,Sensitive,learned,0.4,3.9,0.933745776545611
noise,2.0,0,Sensitive,learned,0.6,3.8,1.0
noise,2.0,0,Sensitive,learned,0.9,3.7,1.0
noise,2.0,0,Sensitive,learned,1.3,3.4,0.933745776545611
noise,2.0,0,Sensitive,learned,2.0,3.4,0.914856882358379
noise,2.0,0,Sensitive,hybrid,0.0,11.1,0.9305687780632227
noise,2.0,0,Sensitive,hybrid,0.2,4.3,0.9052116356304493
noise,2.0,0,Sensitive,hybrid,0.4,4.6,0.8389574121760602
noise,2.0,0,Sensitive,hybrid,0.6,4.3,0.8389574121760602
noise,2.0,0,Sensitive,hybrid,0.9,3.9,0.8512360941594274
noise,2.0,0,Sensitive,hybrid,1.3,3.9,0.8318477135310891
noise,2.0,0,Sensitive,hybrid,2.0,3.8,0.7917063341896682
noise,2.0,1,Combination,oracle,0.0,10.5,0.8899541168509599
noise,2.0,1,Combination,oracle,0.2,3.0,0.9363792118010483
noise,2.0,1,Combination,oracle,0.4,3.0,0.9363792118010483
noise,2.0,1,Combination,oracle,0.6,3.0,0.9363792118010483
noise,2.0,1,Combination,oracle,0.9,3.0,0.9363792118010483
noise,2.0,1,Combination,oracle,1.3,3.0,0.9363792118010483
noise,2.0,1,Combination,oracle,2.0,3.0,0.9363792118010483
noise,2.0,1,Combination,rule,0.0,10.5,0.8899541168509599
noise,2.0,1,Combination,rule,0.2,3.9,0.9216017310213245
noise,2.0,1,Combination,rule,0.4,3.5,0.8521705090845473
noise,2.0,1,Combination,rule,0.6,3.6,0.8415908474314976
noise,2.0,1,Combination,rule,0.9,3.6,0.7975167679274938
noise,2.0,1,Combination,rule,1.3,3.6,0.7975167679274938
noise,2.0,1,Combination,rule,2.0,3.6,0.7948833326720566
noise,2.0,1,Combination,learned,0.0,10.5,0.8899541168509599
noise,2.0,1,Combination,learned,0.2,3.6,1.0
noise,2.0,1,Combination,learned,0.4,3.9,1.0
noise,2.0,1,Combination,learned,0.6,3.9,1.0
noise,2.0,1,Combination,learned,0.9,3.9,1.0
noise,2.0,1,Combination,learned,1.3,3.6,0.9363792118010483
noise,2.0,1,Combination,learned,2.0,3.6,0.914856882358379
noise,2.0,1,Combination,hybrid,0.0,10.5,0.8899541168509599
noise,2.0,1,Combination,hybrid,0.2,3.2,1.0
noise,2.0,1,Combination,hybrid,0.4,3.4,1.0
noise,2.0,1,Combination,hybrid,0.6,3.4,1.0
noise,2.0,1,Combination,hybrid,0.9,3.3,1.0
noise,2.0,1,Combination,hybrid,1.3,3.3,1.0
noise,2.0,1,Combination,hybrid,2.0,3.4,1.0
noise,2.0,1,Dry,oracle,0.0,9.3,0.9216017310213245
noise,2.0,1,Dry,oracle,0.2,3.2,0.9305687780632227
noise,2.0,1,Dry,oracle,0.4,3.0,0.9266360779006398
noise,2.0,1,Dry,oracle,0.6,3.0,0.9266360779006398
noise,2.0,1,Dry,oracle,0.9,3.0,0.9266360779006398
noise,2.0,1,Dry,oracle,1.3,3.0,0.9266360779006398
noise,2.0,1,Dry,oracle,2.0,3.0,0.9266360779006398
noise,2.0,1,Dry,rule,0.0,9.3,0.9216017310213245
noise,2.0,1,Dry,rule,0.2,3.9,0.9305687780632227
noise,2.0,1,Dry,rule,0.4,3.9,0.9266360779006398
noise,2.0,1,Dry,rule,0.6,3.6,0.8415908474314976
noise,2.0,1,Dry,rule,0.9,3.5,0.8899541168509599
noise,2.0,1,Dry,rule,1.3,3.5,0.8899541168509599
noise,2.0,1,Dry,rule,2.0,3.5,0.8899541168509599
noise,2.0,1,Dry,learned,0.0,9.3,0.9216017310213245
noise,2.0,1,Dry,learned,0.2,4.3,0.7909506325094736
noise,2.0,1,Dry,learned,0.4,3.8,0.8268133666517739
noise,2.0,1,Dry,learned,0.6,4.1,0.8200685179888283
noise,2.0,1,Dry,learned,0.9,4.1,0.8115558478722845
noise,2.0,1,Dry,learned,1.3,4.1,0.8165901947515998
noise,2.0,1,Dry,learned,2.0,4.1,0.8165901947515998
noise,2.0,1,Dry,hybrid,0.0,9.3,0.9216017310213245
noise,2.0,1,Dry,hybrid,0.2,4.1,0.933745776545611
noise,2.0,1,Dry,hybrid,0.4,3.3,1.0
noise,2.0,1,Dry,hybrid,0.6,3.2,1.0
noise,2.0,1,Dry,hybrid,0.9,3.2,1.0
noise,2.0,1,Dry,hybrid,1.3,3.2,1.0
noise,2.0,1,Dry,hybrid,2.0,3.2,1.0
noise,2.0,1,Normal,oracle,0.0,8.6,0.7799082337019198
noise,2.0,1,Normal,oracle,0.2,3.0,0.8579809428223729
noise,2.0,1,Normal,oracle,0.4,3.0,0.8579809428223729
noise,2.0,1,Normal,oracle,0.6,3.0,0.8579809428223729
noise,2.0,1,Normal,oracle,0.9,3.0,0.8579809428223729
noise,2.0,1,Normal,oracle,1.3,3.0,0.8579809428223729
noise,2.0,1,Normal,oracle,2.0,3.0,0.8579809428223729
noise,2.0,1,Normal,rule,0.0,8.6,0.7799082337019198
noise,2.0,1,Normal,rule,0.2,3.8,0.7015099647232445
noise,2.0,1,Normal,rule,0.4,3.8,0.7136540102475308
noise,2.0,1,Normal,rule,0.6,3.7,0.7136540102475308
noise,2.0,1,Normal,rule,0.9,3.7,0.7799082337019198
noise,2.0,1,Normal,rule,1.3,3.7,0.7799082337019198
noise,2.0,1,Normal,rule,2.0,3.7,0.7799082337019198
noise,2.0,1,Normal,learned,0.0,8.6,0.7799082337019198
noise,2.0,1,Normal,learned,0.2,3.4,0.9216017310213245
noise,2.0,1,Normal,learned,0.4,3.4,0.9216017310213245
noise,2.0,1,Normal,learned,0.6,3.4,0.9216017310213245
noise,2.0,1,Normal,learned,0.9,3.7,0.8482378089219645
noise,2.0,1,Normal,learned,1.3,4.0,0.793584067764911
noise,2.0,1,Normal,learned,2.0,4.0,0.7655934900767002
noise,2.0,1,Normal,hybrid,0.0,8.6,0.7799082337019198
noise,2.0,1,Normal,hybrid,0.2,3.7,1.0
noise,2.0,1,Normal,hybrid,0.4,3.3,1.0
noise,2.0,1,Normal,hybrid,0.6,3.3,1.0
noise,2.0,1,Normal,hybrid,0.9,3.2,1.0
noise,2.0,1,Normal,hybrid,1.3,3.2,1.0
noise,2.0,1,Normal,hybrid,2.0,3.2,1.0
noise,2.0,1,Oily,oracle,0.0,11.0,0.8630152897016883
noise,2.0,1,Oily,oracle,0.2,3.3,0.7951657524814092
noise,2.0,1,Oily,oracle,0.4,3.1,0.6906478832608419
noise,2.0,1,Oily,oracle,0.6,3.0,0.6906478832608419
noise,2.0,1,Oily,oracle,0.9,3.0,0.6906478832608419
noise,2.0,1,Oily,oracle,1.3,3.0,0.6906478832608419
noise,2.0,1,Oily,oracle,2.0,3.0,0.6906478832608419
noise,2.0,1,Oily,rule,0.0,11.0,0.8630152897016883
noise,2.0,1,Oily,rule,0.2,4.5,0.5774250016294136
noise,2.0,1,Oily,rule,0.4,4.0,0.5774250016294136
noise,2.0,1,Oily,rule,0.6,3.8,0.6410457898283652
noise,2.0,1,Oily,rule,0.9,3.9,0.6410457898283652
noise,2.0,1,Oily,rule,1.3,3.8,0.5774250016294136
noise,2.0,1,Oily,rule,2.0,3.7,0.5368103404171507
noise,2.0,1,Oily,learned,0.0,11.0,0.8630152897016883
noise,2.0,1,Oily,learned,0.2,4.1,0.8512360941594274
noise,2.0,1,Oily,learned,0.4,4.0,0.9305687780632227
noise,2.0,1,Oily,learned,0.6,3.9,0.866947989864271
noise,2.0,1,Oily,learned,0.9,3.9,0.8415908474314976
noise,2.0,1,Oily,learned,1.3,3.4,0.8263333286520083
noise,2.0,1,Oily,learned,2.0,3.4,0.8165901947515998
noise,2.0,1,Oily,hybrid,0.0,11.0,0.8630152897016883
noise,2.0,1,Oily,hybrid,0.2,3.9,0.8899541168509599
noise,2.0,1,Oily,hybrid,0.4,4.0,0.9052116356304493
noise,2.0,1,Oily,hybrid,0.6,3.8,0.914856882358379
noise,2.0,1,Oily,hybrid,0.9,3.8,0.9216017310213245
noise,2.0,1,Oily,hybrid,1.3,3.5,0.9266360779006398
noise,2.0,1,Oily,hybrid,2.0,3.2,0.793584067764911
noise,2.0,1,Sensitive,oracle,0.0,11.0,0.7917063341896682
noise,2.0,1,Sensitive,oracle,0.2,3.4,1.0
noise,2.0,1,Sensitive,oracle,0.4,3.4,1.0
noise,2.0,1,Sensitive,oracle,0.6,3.3,1.0
noise,2.0,1,Sensitive,oracle,0.9,3.2,1.0
noise,2.0,1,Sensitive,oracle,1.3,3.1,1.0
noise,2.0,1,Sensitive,oracle,2.0,3.0,1.0
noise,2.0,1,Sensitive,rule,0.0,11.0,0.7917063341896682
noise,2.0,1,Sensitive,rule,0.2,4.2,0.8454256604216017
noise,2.0,1,Sensitive,rule,0.4,3.7,0.914856882358379
noise,2.0,1,Sensitive,rule,0.6,3.7,0.914856882358379
noise,2.0,1,Sensitive,rule,0.9,3.7,0.914856882358379
noise,2.0,1,Sensitive,rule,1.3,3.5,0.8414929602590189
noise,2.0,1,Sensitive,rule,2.0,3.6,0.8318477135310891
noise,2.0,1,Sensitive,learned,0.0,11.0,0.7917063341896682
noise,2.0,1,Sensitive,learned,0.2,4.1,0.9363792118010483
noise,2.0,1,Sensitive,learned,0.4,3.6,1.0
noise,2.0,1,Sensitive,learned,0.6,3.4,1.0
noise,2.0,1,Sensitive,learned,0.9,3.4,1.0
noise,2.0,1,Sensitive,learned,1.3,3.7,0.9305687780632227
noise,2.0,1,Sensitive,learned,2.0,3.7,0.9216017310213245
noise,2.0,1,Sensitive,hybrid,0.0,11.0,0.7917063341896682
noise,2.0,1,Sensitive,hybrid,0.2,4.3,0.933745776545611
noise,2.0,1,Sensitive,hybrid,0.4,3.7,0.933745776545611
noise,2.0,1,Sensitive,hybrid,0.6,3.7,0.933745776545611
noise,2.0,1,Sensitive,hybrid,0.9,3.7,0.933745776545611
noise,2.0,1,Sensitive,hybrid,1.3,3.7,0.9305687780632227
noise,2.0,1,Sensitive,hybrid,2.0,3.3,0.9305687780632227
noise,2.0,2,Combination,oracle,0.0,13.2,0.933745776545611
noise,2.0,2,Combination,oracle,0.2,3.0,0.7778721720600672
noise,2.0,2,Combination,oracle,0.4,3.0,0.7778721720600672
noise,2.0,2,Combination,oracle,0.6,3.0,0.7778721720600672
noise,2.0,2,Combination,oracle,0.9,3.0,0.7778721720600672
noise,2.0,2,Combination,oracle,1.3,3.0,0.7778721720600672
noise,2.0,2,Combination,oracle,2.0,3.0,0.7778721720600672
noise,2.0,2,Combination,rule,0.0,13.2,0.933745776545611
noise,2.0,2,Combination,rule,0.2,3.9,0.7289115290270202
noise,2.0,2,Combination,rule,0.4,3.7,0.7951657524814092
noise,2.0,2,Combination,rule,0.6,3.7,0.7951657524814092
noise,2.0,2,Combination,rule,0.9,3.7,0.7951657524814092
noise,2.0,2,Combination,rule,1.3,3.7,0.7315449642824575
noise,2.0,2,Combination,rule,2.0,3.7,0.7289115290270202
noise,2.0,2,Combination,learned,0.0,13.2,0.933745776545611
noise,2.0,2,Combination,learned,0.2,3.6,0.914856882358379
noise,2.0,2,Combination,learned,0.4,3.6,0.914856882358379
noise,2.0,2,Combination,learned,0.6,3.6,0.8414929602590189
noise,2.0,2,Combination,learned,0.9,3.6,0.8414929602590189
noise,2.0,2,Combination,learned,1.3,3.2,0.8414929602590189
noise,2.0,2,Combination,learned,2.0,3.4,0.8414929602590189
noise,2.0,2,Combination,hybrid,0.0,13.2,0.933745776545611
noise,2.0,2,Combination,hybrid,0.2,3.3,0.8899541168509599
noise,2.0,2,Combination,hybrid,0.4,3.3,0.8899541168509599
noise,2.0,2,Combination,hybrid,0.6,3.2,0.8263333286520083
noise,2.0,2,Combination,hybrid,0.9,3.2,0.8263333286520083
noise,2.0,2,Combination,hybrid,1.3,3.2,0.8236998933965709
noise,2.0,2,Combination,hybrid,2.0,3.1,0.8236998933965709
noise,2.0,2,Dry,oracle,0.0,10.9,0.9305687780632227
noise,2.0,2,Dry,oracle,0.2,3.6,0.8611375561264455
noise,2.0,2,Dry,oracle,0.4,3.4,0.7827392871477701
noise,2.0,2,Dry,oracle,0.6,3.3,0.70937536504841
noise,2.0,2,Dry,oracle,0.9,3.1,0.70937536504841
noise,2.0,2,Dry,oracle,1.3,3.1,0.70937536504841
noise,2.0,2,Dry,oracle,2.0,3.0,0.70937536504841
noise,2.0,2,Dry,rule,0.0,10.9,0.9305687780632227
noise,2.0,2,Dry,rule,0.2,4.5,0.8630152897016883
noise,2.0,2,Dry,rule,0.4,4.3,0.7859162856301584
noise,2.0,2,Dry,rule,0.6,4.2,0.7846170207230129
noise,2.0,2,Dry,rule,0.9,3.9,0.866947989864271
noise,2.0,2,Dry,rule,1.3,3.7,0.866947989864271
noise,2.0,2,Dry,rule,2.0,3.6,0.8630152897016883
noise,2.0,2,Dry,learned,0.0,10.9,0.9305687780632227
noise,2.0,2,Dry,learned,0.2,3.8,0.8899541168509599
noise,2.0,2,Dry,learned,0.4,3.8,0.835780413693672
noise,2.0,2,Dry,learned,0.6,3.7,0.8389574121760602
noise,2.0,2,Dry,learned,0.9,3.8,0.8630152897016883
noise,2.0,2,Dry,learned,1.3,3.8,0.866947989864271
noise,2.0,2,Dry,learned,2.0,3.8,0.9305687780632227
noise,2.0,2,Dry,hybrid,0.0,10.9,0.9305687780632227
noise,2.0,2,Dry,hybrid,0.2,4.0,0.7702043899253147
noise,2.0,2,Dry,hybrid,0.4,4.0,0.7254521107352793
noise,2.0,2,Dry,hybrid,0.6,3.9,0.7312625444731049
noise,2.0,2,Dry,hybrid,0.9,3.8,0.7975167679274938
noise,2.0,2,Dry,hybrid,1.3,3.6,0.8165901947515998
noise,2.0,2,Dry,hybrid,2.0,3.6,0.7951657524814092
noise,2.0,2,Normal,oracle,0.0,10.6,0.9266360779006398
noise,2.0,2,Normal,oracle,0.2,3.2,0.6947651160602988
noise,2.0,2,Normal,oracle,0.4,3.0,0.6947651160602988
noise,2.0,2,Normal,oracle,0.6,3.0,0.6947651160602988
noise,2.0,2,Normal,oracle,0.9,3.0,0.6947651160602988
noise,2.0,2,Normal,oracle,1.3,3.0,0.6947651160602988
noise,2.0,2,Normal,oracle,2.0,3.0,0.6947651160602988
noise,2.0,2,Normal,rule,0.0,10.6,0.9266360779006398
noise,2.0,2,Normal,rule,0.2,4.6,0.793584067764911
noise,2.0,2,Normal,rule,0.4,4.3,0.8572048559638626
noise,2.0,2,Normal,rule,0.6,4.1,0.7967610662472993
noise,2.0,2,Normal,rule,0.9,4.0,0.8701249883466594
noise,2.0,2,Normal,rule,1.3,3.9,0.9363792118010483
noise,2.0,2,Normal,rule,2.0,3.9,0.9363792118010483
noise,2.0,2,Normal,learned,0.0,10.6,0.9266360779006398
noise,2.0,2,Normal,learned,0.2,4.0,0.9216017310213245
noise,2.0,2,Normal,learned,0.4,3.8,0.9305687780632227
noise,2.0,2,Normal,learned,0.6,3.8,1.0
noise,2.0,2,Normal,learned,0.9,3.9,1.0
noise,2.0,2,Normal,learned,1.3,3.9,1.0
noise,2.0,2,Normal,learned,2.0,3.8,1.0
noise,2.0,2,Normal,hybrid,0.0,10.6,0.9266360779006398
noise,2.0,2,Normal,hybrid,0.2,3.6,0.9363792118010483
noise,2.0,2,Normal,hybrid,0.4,3.5,1.0
noise,2.0,2,Normal,hybrid,0.6,3.6,0.9363792118010483
noise,2.0,2,Normal,hybrid,0.9,3.6,0.933745776545611
noise,2.0,2,Normal,hybrid,1.3,3.6,0.9266360779006398
noise,2.0,2,Normal,hybrid,2.0,3.5,0.8482378089219645
noise,2.0,2,Oily,oracle,0.0,10.7,0.7917063341896682
noise,2.0,2,Oily,oracle,0.2,3.2,0.791726719367984
noise,2.0,2,Oily,oracle,0.4,3.1,0.8553475075669357
noise,2.0,2,Oily,oracle,0.6,3.0,0.9216017310213245
noise,2.0,2,Oily,oracle,0.9,3.0,0.9216017310213245
noise,2.0,2,Oily,oracle,1.3,3.0,0.9216017310213245
noise,2.0,2,Oily,oracle,2.0,3.0,0.9216017310213245
noise,2.0,2,Oily,rule,0.0,10.7,0.7917063341896682
noise,2.0,2,Oily,rule,0.2,4.3,0.642923523403608
noise,2.0,2,Oily,rule,0.4,4.3,0.6500332220485792
noise,2.0,2,Oily,rule,0.6,4.3,0.6311443278613471
noise,2.0,2,Oily,rule,0.9,4.2,0.6214990811334173
noise,2.0,2,Oily,rule,1.3,4.2,0.6214990811334173
noise,2.0,2,Oily,rule,2.0,3.9,0.6214990811334173
noise,2.0,2,Oily,learned,0.0,10.7,0.7917063341896682
noise,2.0,2,Oily,learned,0.2,3.8,0.8603818544462509
noise,2.0,2,Oily,learned,0.4,4.1,0.914856882358379
noise,2.0,2,Oily,learned,0.6,4.1,0.9266360779006398
noise,2.0,2,Oily,learned,0.9,3.7,0.9266360779006398
noise,2.0,2,Oily,learned,1.3,3.7,0.933745776545611
noise,2.0,2,Oily,learned,2.0,3.7,0.933745776545611
noise,2.0,2,Oily,hybrid,0.0,10.7,0.7917063341896682
noise,2.0,2,Oily,hybrid,0.2,3.4,0.7479350596733328
noise,2.0,2,Oily,hybrid,0.4,3.4,0.8200685179888283
noise,2.0,2,Oily,hybrid,0.6,3.3,0.8364586133797036
noise,2.0,2,Oily,hybrid,0.9,3.3,0.8268133666517739
noise,2.0,2,Oily,hybrid,1.3,3.3,0.8318477135310891
noise,2.0,2,Oily,hybrid,2.0,3.3,0.8414929602590189
noise,2.0,2,Sensitive,oracle,0.0,8.1,0.7948833326720566
noise,2.0,2,Sensitive,oracle,0.2,3.3,0.9266360779006398
noise,2.0,2,Sensitive,oracle,0.4,3.1,0.8630152897016883
noise,2.0,2,Sensitive,oracle,0.6,3.0,0.7967610662472993
noise,2.0,2,Sensitive,oracle,0.9,3.0,0.7967610662472993
noise,2.0,2,Sensitive,oracle,1.3,3.0,0.7967610662472993
noise,2.0,2,Sensitive,oracle,2.0,3.0,0.7967610662472993
noise,2.0,2,Sensitive,rule,0.0,8.1,0.7948833326720566
noise,2.0,2,Sensitive,rule,0.2,3.4,0.8611375561264455
noise,2.0,2,Sensitive,rule,0.4,3.6,0.8611375561264455
noise,2.0,2,Sensitive,rule,0.6,3.7,0.7254521107352793
noise,2.0,2,Sensitive,rule,0.9,3.7,0.7215194105726964
noise,2.0,2,Sensitive,rule,1.3,3.7,0.7133080652109928
noise,2.0,2,Sensitive,rule,2.0,3.7,0.70937536504841
noise,2.0,2,Sensitive,learned,0.0,8.1,0.7948833326720566
noise,2.0,2,Sensitive,learned,0.2,3.5,0.9305687780632227
noise,2.0,2,Sensitive,learned,0.4,3.5,0.9216017310213245
noise,2.0,2,Sensitive,learned,0.6,3.4,0.914856882358379
noise,2.0,2,Sensitive,learned,0.9,3.4,0.914856882358379
noise,2.0,2,Sensitive,learned,1.3,3.5,0.914856882358379
noise,2.0,2,Sensitive,learned,2.0,3.6,0.9052116356304493
noise,2.0,2,Sensitive,hybrid,0.0,8.1,0.7948833326720566
noise,2.0,2,Sensitive,hybrid,0.2,3.8,0.933745776545611
noise,2.0,2,Sensitive,hybrid,0.4,3.3,0.9216017310213245
noise,2.0,2,Sensitive,hybrid,0.6,3.3,0.9216017310213245
noise,2.0,2,Sensitive,hybrid,0.9,3.4,0.9266360779006398
noise,2.0,2,Sensitive,hybrid,1.3,3.4,0.9216017310213245
noise,2.0,2,Sensitive,hybrid,2.0,3.3,0.914856882358379
noise,2.0,3,Combination,oracle,0.0,9.4,0.835780413693672
noise,2.0,3,Combination,oracle,0.2,3.0,1.0
noise,2.0,3,Combination,oracle,0.4,3.0,1.0
noise,2.0,3,Combination,oracle,0.6,3.0,1.0
noise,2.0,3,Combination,oracle,0.9,3.0,1.0
noise,2.0,3,Combination,oracle,1.3,3.0,1.0
noise,2.0,3,Combination,oracle,2.0,3.0,1.0
noise,2.0,3,Combination,rule,0.0,9.4,0.835780413693672
noise,2.0,3,Combination,rule,0.2,3.3,0.8521705090845473
noise,2.0,3,Combination,rule,0.4,3.4,0.8572048559638626
noise,2.0,3,Combination,rule,0.6,3.4,0.8521705090845473
noise,2.0,3,Combination,rule,0.9,3.4,0.8521705090845473
noise,2.0,3,Combination,rule,1.3,3.4,0.8553475075669357
noise,2.0,3,Combination,rule,2.0,3.3,0.8572048559638626
noise,2.0,3,Combination,learned,0.0,9.4,0.835780413693672
noise,2.0,3,Combination,learned,0.2,3.7,1.0
noise,2.0,3,Combination,learned,0.4,3.9,1.0
noise,2.0,3,Combination,learned,0.6,3.9,1.0
noise,2.0,3,Combination,learned,0.9,3.9,1.0
noise,2.0,3,Combination,learned,1.3,3.9,0.9216017310213245
noise,2.0,3,Combination,learned,2.0,4.1,0.7788065869851872
noise,2.0,3,Combination,hybrid,0.0,9.4,0.835780413693672
noise,2.0,3,Combination,hybrid,0.2,3.4,1.0
noise,2.0,3,Combination,hybrid,0.4,3.4,1.0
noise,2.0,3,Combination,hybrid,0.6,3.4,1.0
noise,2.0,3,Combination,hybrid,0.9,3.4,1.0
noise,2.0,3,Combination,hybrid,1.3,3.4,0.933745776545611
noise,2.0,3,Combination,hybrid,2.0,3.4,0.9052116356304493
noise,2.0,3,Dry,oracle,0.0,9.4,0.6163668470816234
noise,2.0,3,Dry,oracle,0.2,3.5,0.8899541168509599
noise,2.0,3,Dry,oracle,0.4,3.3,0.8115558478722845
noise,2.0,3,Dry,oracle,0.6,3.3,0.8115558478722845
noise,2.0,3,Dry,oracle,0.9,3.1,0.8115558478722845
noise,2.0,3,Dry,oracle,1.3,3.0,0.7479350596733328
noise,2.0,3,Dry,oracle,2.0,3.0,0.7479350596733328
noise,2.0,3,Dry,rule,0.0,9.4,0.6163668470816234
noise,2.0,3,Dry,rule,0.2,4.0,0.8048109992093389
noise,2.0,3,Dry,rule,0.4,4.1,0.7421246259355072
noise,2.0,3,Dry,rule,0.6,4.1,0.7605591431973849
noise,2.0,3,Dry,rule,0.9,4.0,0.6901935063354876
noise,2.0,3,Dry,rule,1.3,3.9,0.750637296052051
noise,2.0,3,Dry,rule,2.0,3.4,0.7534494445524138
noise,2.0,3,Dry,learned,0.0,9.4,0.6163668470816234
noise,2.0,3,Dry,learned,0.2,4.0,0.8899541168509599
noise,2.0,3,Dry,learned,0.4,4.0,0.8611375561264455
noise,2.0,3,Dry,learned,0.6,4.0,0.8611375561264455
noise,2.0,3,Dry,learned,0.9,4.0,0.8611375561264455
noise,2.0,3,Dry,learned,1.3,4.0,0.7799082337019198
noise,2.0,3,Dry,learned,2.0,4.0,0.8611375561264455
noise,2.0,3,Dry,hybrid,0.0,9.4,0.6163668470816234
noise,2.0,3,Dry,hybrid,0.2,3.7,0.8579809428223729
noise,2.0,3,Dry,hybrid,0.4,3.8,0.914856882358379
noise,2.0,3,Dry,hybrid,0.6,3.7,0.9216017310213245
noise,2.0,3,Dry,hybrid,0.9,3.6,0.9305687780632227
noise,2.0,3,Dry,hybrid,1.3,3.6,0.9266360779006398
noise,2.0,3,Dry,hybrid,2.0,3.6,0.9305687780632227
noise,2.0,3,Normal,oracle,0.0,8.0,0.8611375561264455
noise,2.0,3,Normal,oracle,0.2,3.0,0.84860265890399
noise,2.0,3,Normal,oracle,0.4,3.0,0.84860265890399
noise,2.0,3,Normal,oracle,0.6,3.0,0.84860265890399
noise,2.0,3,Normal,oracle,0.9,3.0,0.84860265890399
noise,2.0,3,Normal,oracle,1.3,3.0,0.84860265890399
noise,2.0,3,Normal,oracle,2.0,3.0,0.84860265890399
noise,2.0,3,Normal,rule,0.0,8.0,0.8611375561264455
noise,2.0,3,Normal,rule,0.2,3.5,0.8611375561264455
noise,2.0,3,Normal,rule,0.4,3.4,0.8899541168509599
noise,2.0,3,Normal,rule,0.6,3.4,0.8579809428223729
noise,2.0,3,Normal,rule,0.9,3.4,0.8553475075669357
noise,2.0,3,Normal,rule,1.3,3.4,0.791726719367984
noise,2.0,3,Normal,rule,2.0,3.5,0.8521705090845473
noise,2.0,3,Normal,learned,0.0,8.0,0.8611375561264455
noise,2.0,3,Normal,learned,0.2,3.8,0.9363792118010483
noise,2.0,3,Normal,learned,0.4,3.9,0.8572048559638626
noise,2.0,3,Normal,learned,0.6,3.9,0.8414929602590189
noise,2.0,3,Normal,learned,0.9,3.9,0.7631925784528222
noise,2.0,3,Normal,learned,1.3,3.9,0.7573821447149965
noise,2.0,3,Normal,learned,2.0,4.2,0.7026305163854644
noise,2.0,3,Normal,hybrid,0.0,8.0,0.8611375561264455
noise,2.0,3,Normal,hybrid,0.2,3.5,1.0
noise,2.0,3,Normal,hybrid,0.4,3.5,0.9216017310213245
noise,2.0,3,Normal,hybrid,0.6,3.6,0.9052116356304493
noise,2.0,3,Normal,hybrid,0.9,3.5,0.8389574121760602
noise,2.0,3,Normal,hybrid,1.3,3.4,0.8268133666517739
noise,2.0,3,Normal,hybrid,2.0,3.4,0.8200685179888283
noise,2.0,3,Oily,oracle,0.0,8.7,0.8268133666517739
noise,2.0,3,Oily,oracle,0.2,3.1,0.6500332220485792
noise,2.0,3,Oily,oracle,0.4,3.0,0.6500332220485792
noise,2.0,3,Oily,oracle,0.6,3.0,0.6500332220485792
noise,2.0,3,Oily,oracle,0.9,3.0,0.6500332220485792
noise,2.0,3,Oily,oracle,1.3,3.0,0.6500332220485792
noise,2.0,3,Oily,oracle,2.0,3.0,0.6500332220485792
noise,2.0,3,Oily,rule,0.0,8.7,0.8268133666517739
noise,2.0,3,Oily,rule,0.2,3.3,0.8454256604216017
noise,2.0,3,Oily,rule,0.4,3.3,0.8572048559638626
noise,2.0,3,Oily,rule,0.6,3.3,0.8521705090845473
noise,2.0,3,Oily,rule,0.9,3.3,0.8521705090845473
noise,2.0,3,Oily,rule,1.3,3.3,0.8521705090845473
noise,2.0,3,Oily,rule,2.0,3.3,0.8553475075669357
noise,2.0,3,Oily,learned,0.0,8.7,0.8268133666517739
noise,2.0,3,Oily,learned,0.2,3.3,0.9363792118010483
noise,2.0,3,Oily,learned,0.4,3.5,1.0
noise,2.0,3,Oily,learned,0.6,3.6,0.9363792118010483
noise,2.0,3,Oily,learned,0.9,3.6,0.914856882358379
noise,2.0,3,Oily,learned,1.3,3.7,0.835780413693672
noise,2.0,3,Oily,learned,2.0,3.7,0.8268133666517739
noise,2.0,3,Oily,hybrid,0.0,8.7,0.8268133666517739
noise,2.0,3,Oily,hybrid,0.2,3.3,0.9363792118010483
noise,2.0,3,Oily,hybrid,0.4,3.2,1.0
noise,2.0,3,Oily,hybrid,0.6,3.2,1.0
noise,2.0,3,Oily,hybrid,0.9,3.2,1.0
noise,2.0,3,Oily,hybrid,1.3,3.3,0.9363792118010483
noise,2.0,3,Oily,hybrid,2.0,3.3,0.9266360779006398
noise,2.0,3,Sensitive,oracle,0.0,8.1,0.9216017310213245
noise,2.0,3,Sensitive,oracle,0.2,3.3,1.0
noise,2.0,3,Sensitive,oracle,0.4,3.2,0.933745776545611
noise,2.0,3,Sensitive,oracle,0.6,3.2,0.9305687780632227
noise,2.0,3,Sensitive,oracle,0.9,3.2,0.9305687780632227
noise,2.0,3,Sensitive,oracle,1.3,3.1,0.9305687780632227
noise,2.0,3,Sensitive,oracle,2.0,3.0,0.866947989864271
noise,2.0,3,Sensitive,rule,0.0,8.1,0.9216017310213245
noise,2.0,3,Sensitive,rule,0.2,3.6,0.9266360779006398
noise,2.0,3,Sensitive,rule,0.4,3.5,0.914856882358379
noise,2.0,3,Sensitive,rule,0.6,3.5,0.9052116356304493
noise,2.0,3,Sensitive,rule,0.9,3.5,0.84860265890399
noise,2.0,3,Sensitive,rule,1.3,3.5,0.8454256604216017
noise,2.0,3,Sensitive,rule,2.0,3.5,0.8414929602590189
noise,2.0,3,Sensitive,learned,0.0,8.1,0.9216017310213245
noise,2.0,3,Sensitive,learned,0.2,3.8,0.9363792118010483
noise,2.0,3,Sensitive,learned,0.4,3.9,1.0
noise,2.0,3,Sensitive,learned,0.6,3.9,1.0
noise,2.0,3,Sensitive,learned,0.9,3.9,1.0
noise,2.0,3,Sensitive,learned,1.3,3.5,1.0
noise,2.0,3,Sensitive,learned,2.0,3.5,1.0
noise,2.0,3,Sensitive,hybrid,0.0,8.1,0.9216017310213245
noise,2.0,3,Sensitive,hybrid,0.2,3.8,0.933745776545611
noise,2.0,3,Sensitive,hybrid,0.4,3.5,0.933745776545611
noise,2.0,3,Sensitive,hybrid,0.6,3.5,0.933745776545611
noise,2.0,3,Sensitive,hybrid,0.9,3.3,1.0
noise,2.0,3,Sensitive,hybrid,1.3,3.4,1.0
noise,2.0,3,Sensitive,hybrid,2.0,3.4,1.0
noise,2.0,4,Combination,oracle,0.0,8.9,0.7191184989488184
noise,2.0,4,Combination,oracle,0.2,3.0,0.7720617383222416
noise,2.0,4,Combination,oracle,0.4,3.0,0.7720617383222416
noise,2.0,4,Combination,oracle,0.6,3.0,0.7720617383222416
noise,2.0,4,Combination,oracle,0.9,3.0,0.7720617383222416
noise,2.0,4,Combination,oracle,1.3,3.0,0.7720617383222416
noise,2.0,4,Combination,oracle,2.0,3.0,0.7720617383222416
noise,2.0,4,Combination,rule,0.0,8.9,0.7191184989488184
noise,2.0,4,Combination,rule,0.2,3.5,0.5658245193320781
noise,2.0,4,Combination,rule,0.4,3.5,0.5684579545875155
noise,2.0,4,Combination,rule,0.6,3.5,0.5684579545875155
noise,2.0,4,Combination,rule,0.9,3.5,0.5684579545875155
noise,2.0,4,Combination,rule,1.3,3.5,0.5645252544249326
noise,2.0,4,Combination,rule,2.0,3.5,0.5645252544249326
noise,2.0,4,Combination,learned,0.0,8.9,0.7191184989488184
noise,2.0,4,Combination,learned,0.2,3.8,0.7542686714597936
noise,2.0,4,Combination,learned,0.4,4.0,0.8048109992093389
noise,2.0,4,Combination,learned,0.6,4.1,0.7759944384848245
noise,2.0,4,Combination,learned,0.9,4.2,0.7759944384848245
noise,2.0,4,Combination,learned,1.3,4.2,0.7827392871477701
noise,2.0,4,Combination,learned,2.0,4.1,0.7827392871477701
noise,2.0,4,Combination,hybrid,0.0,8.9,0.7191184989488184
noise,2.0,4,Combination,hybrid,0.2,3.6,0.7663491917568948
noise,2.0,4,Combination,hybrid,0.4,3.5,0.7663491917568948
noise,2.0,4,Combination,hybrid,0.6,3.2,0.7759944384848245
noise,2.0,4,Combination,hybrid,0.9,3.2,0.7759944384848245
noise,2.0,4,Combination,hybrid,1.3,3.2,0.7759944384848245
noise,2.0,4,Combination,hybrid,2.0,3.1,0.7191184989488184
noise,2.0,4,Dry,oracle,0.0,11.6,1.0
noise,2.0,4,Dry,oracle,0.2,3.3,0.7967610662472993
noise,2.0,4,Dry,oracle,0.4,3.0,0.8630152897016883
noise,2.0,4,Dry,oracle,0.6,3.0,0.8630152897016883
noise,2.0,4,Dry,oracle,0.9,3.0,0.8630152897016883
noise,2.0,4,Dry,oracle,1.3,3.0,0.8630152897016883
noise,2.0,4,Dry,oracle,2.0,3.0,0.8630152897016883
noise,2.0,4,Dry,rule,0.0,11.6,1.0
noise,2.0,4,Dry,rule,0.2,4.3,0.7241528458281337
noise,2.0,4,Dry,rule,0.4,4.0,0.6311443278613471
noise,2.0,4,Dry,rule,0.6,4.0,0.6352557412688554
noise,2.0,4,Dry,rule,0.9,4.0,0.6253338941235215
noise,2.0,4,Dry,rule,1.3,3.8,0.5590796706691326
noise,2.0,4,Dry,rule,2.0,3.8,0.5590796706691326
noise,2.0,4,Dry,learned,0.0,11.6,1.0
noise,2.0,4,Dry,learned,0.2,3.3,0.933745776545611
noise,2.0,4,Dry,learned,0.4,3.4,0.933745776545611
noise,2.0,4,Dry,learned,0.6,3.8,0.8899541168509599
noise,2.0,4,Dry,learned,0.9,3.8,0.8899541168509599
noise,2.0,4,Dry,learned,1.3,3.8,0.8899541168509599
noise,2.0,4,Dry,learned,2.0,3.9,0.8899541168509599
noise,2.0,4,Dry,hybrid,0.0,11.6,1.0
noise,2.0,4,Dry,hybrid,0.2,3.4,0.6968404678259545
noise,2.0,4,Dry,hybrid,0.4,3.4,0.7538142945344393
noise,2.0,4,Dry,hybrid,0.6,3.4,0.7123736502858729
noise,2.0,4,Dry,hybrid,0.9,3.4,0.6311443278613471
noise,2.0,4,Dry,hybrid,1.3,3.4,0.6285108926059099
noise,2.0,4,Dry,hybrid,2.0,3.4,0.6352557412688554
noise,2.0,4,Normal,oracle,0.0,8.4,0.4800032020044256
noise,2.0,4,Normal,oracle,0.2,3.0,1.0
noise,2.0,4,Normal,oracle,0.4,3.0,1.0
noise,2.0,4,Normal,oracle,0.6,3.0,1.0
noise,2.0,4,Normal,oracle,0.9,3.0,1.0
noise,2.0,4,Normal,oracle,1.3,3.0,1.0
noise,2.0,4,Normal,oracle,2.0,3.0,1.0
noise,2.0,4,Normal,rule,0.0,8.4,0.4800032020044256
noise,2.0,4,Normal,rule,0.2,3.6,0.7877736340270853
noise,2.0,4,Normal,rule,0.4,3.6,0.7759944384848245
noise,2.0,4,Normal,rule,0.6,3.6,0.6947651160602988
noise,2.0,4,Normal,rule,0.9,3.7,0.6947651160602988
noise,2.0,4,Normal,rule,1.3,3.3,0.7015099647232445
noise,2.0,4,Normal,rule,2.0,3.5,0.7015099647232445
noise,2.0,4,Normal,learned,0.0,8.4,0.4800032020044256
noise,2.0,4,Normal,learned,0.2,4.1,1.0
noise,2.0,4,Normal,learned,0.4,4.1,1.0
noise,2.0,4,Normal,learned,0.6,4.2,0.914856882358379
noise,2.0,4,Normal,learned,0.9,4.2,0.914856882358379
noise,2.0,4,Normal,learned,1.3,4.2,0.9216017310213245
noise,2.0,4,Normal,learned,2.0,4.2,0.914856882358379
noise,2.0,4,Normal,hybrid,0.0,8.4,0.4800032020044256
noise,2.0,4,Normal,hybrid,0.2,3.4,0.8603818544462509
noise,2.0,4,Normal,hybrid,0.4,3.4,0.835780413693672
noise,2.0,4,Normal,hybrid,0.6,3.4,0.7917063341896682
noise,2.0,4,Normal,hybrid,0.9,3.4,0.7917063341896682
noise,2.0,4,Normal,hybrid,1.3,3.4,0.7827392871477701
noise,2.0,4,Normal,hybrid,2.0,3.4,0.7827392871477701
noise,2.0,4,Oily,oracle,0.0,8.6,0.3693362536342715
noise,2.0,4,Oily,oracle,0.2,3.2,0.7753366239771086
noise,2.0,4,Oily,oracle,0.4,3.1,0.7753366239771086
noise,2.0,4,Oily,oracle,0.6,3.0,0.8389574121760602
noise,2.0,4,Oily,oracle,0.9,3.0,0.8389574121760602
noise,2.0,4,Oily,oracle,1.3,3.0,0.8389574121760602
noise,2.0,4,Oily,oracle,2.0,3.0,0.8389574121760602
noise,2.0,4,Oily,rule,0.0,8.6,0.3693362536342715
noise,2.0,4,Oily,rule,0.2,4.2,0.727329844310522
noise,2.0,4,Oily,rule,0.4,3.8,0.7909506325094736
noise,2.0,4,Oily,rule,0.6,3.7,0.7909506325094736
noise,2.0,4,Oily,rule,0.9,3.6,0.8643145546088338
noise,2.0,4,Oily,rule,1.3,3.6,0.8643145546088338
noise,2.0,4,Oily,rule,2.0,3.6,0.8643145546088338
noise,2.0,4,Oily,learned,0.0,8.6,0.3693362536342715
noise,2.0,4,Oily,learned,0.2,3.7,0.9216017310213245
noise,2.0,4,Oily,learned,0.4,3.7,0.9266360779006398
noise,2.0,4,Oily,learned,0.6,3.7,0.9266360779006398
noise,2.0,4,Oily,learned,0.9,3.7,0.9305687780632227
noise,2.0,4,Oily,learned,1.3,3.7,0.9305687780632227
noise,2.0,4,Oily,learned,2.0,3.7,0.8415908474314976
noise,2.0,4,Oily,hybrid,0.0,8.6,0.3693362536342715
noise,2.0,4,Oily,hybrid,0.2,3.6,0.772837825180752
noise,2.0,4,Oily,hybrid,0.4,3.5,0.7702043899253147
noise,2.0,4,Oily,hybrid,0.6,3.5,0.7720617383222416
noise,2.0,4,Oily,hybrid,0.9,3.5,0.8553475075669357
noise,2.0,4,Oily,hybrid,1.3,3.5,0.866947989864271
noise,2.0,4,Oily,hybrid,2.0,3.5,0.866947989864271
noise,2.0,4,Sensitive,oracle,0.0,12.1,0.8630152897016883
noise,2.0,4,Sensitive,oracle,0.2,3.6,0.9052116356304493
noise,2.0,4,Sensitive,oracle,0.4,3.4,0.8611375561264455
noise,2.0,4,Sensitive,oracle,0.6,3.3,0.8611375561264455
noise,2.0,4,Sensitive,oracle,0.9,3.1,0.8611375561264455
noise,2.0,4,Sensitive,oracle,1.3,3.0,0.8611375561264455
noise,2.0,4,Sensitive,oracle,2.0,3.0,0.8611375561264455
noise,2.0,4,Sensitive,rule,0.0,12.1,0.8630152897016883
noise,2.0,4,Sensitive,rule,0.2,4.7,0.5617131059245698
noise,2.0,4,Sensitive,rule,0.4,4.6,0.5337225282363591
noise,2.0,4,Sensitive,rule,0.6,4.2,0.5372903784169164
noise,2.0,4,Sensitive,rule,0.9,4.2,0.5017100640839689
noise,2.0,4,Sensitive,rule,1.3,4.1,0.4728935033594544
noise,2.0,4,Sensitive,rule,2.0,4.0,0.4132054153230855
noise,2.0,4,Sensitive,learned,0.0,12.1,0.8630152897016883
noise,2.0,4,Sensitive,learned,0.2,3.8,0.7975167679274938
noise,2.0,4,Sensitive,learned,0.4,3.4,0.7799082337019198
noise,2.0,4,Sensitive,learned,0.6,3.4,0.7799082337019198
noise,2.0,4,Sensitive,learned,0.9,3.3,0.7799082337019198
noise,2.0,4,Sensitive,learned,1.3,3.1,0.7799082337019198
noise,2.0,4,Sensitive,learned,2.0,3.1,0.8611375561264455
noise,2.0,4,Sensitive,hybrid,0.0,12.1,0.8630152897016883
noise,2.0,4,Sensitive,hybrid,0.2,4.4,0.7104770117651424
noise,2.0,4,Sensitive,hybrid,0.4,3.9,0.7136540102475308
noise,2.0,4,Sensitive,hybrid,0.6,3.9,0.7104770117651424
noise,2.0,4,Sensitive,hybrid,0.9,3.7,0.7799082337019198
noise,2.0,4,Sensitive,hybrid,1.3,3.5,0.7799082337019198
noise,2.0,4,Sensitive,hybrid,2.0,3.5,0.7065443116025597
noise,4.0,0,Combination,oracle,0.0,6.9,1.0
noise,4.0,0,Combination,oracle,0.2,3.0,0.7885497208855956
noise,4.0,0,Combination,oracle,0.4,3.0,0.7885497208855956
noise,4.0,0,Combination,oracle,0.6,3.0,0.7885497208855956
noise,4.0,0,Combination,oracle,0.9,3.0,0.7885497208855956
noise,4.0,0,Combination,oracle,1.3,3.0,0.7885497208855956
noise,4.0,0,Combination,oracle,2.0,3.0,0.7885497208855956
noise,4.0,0,Combination,rule,0.0,6.9,1.0
noise,4.0,0,Combination,rule,0.2,4.1,0.7670273914429263
noise,4.0,0,Combination,rule,0.4,4.0,0.7573821447149965
noise,4.0,0,Combination,rule,0.6,4.0,0.7467045958894681
noise,4.0,0,Combination,rule,0.9,4.0,0.7467045958894681
noise,4.0,0,Combination,rule,1.3,4.1,0.7416702490101529
noise,4.0,0,Combination,rule,2.0,4.1,0.6780494608112012
noise,4.0,0,Combination,learned,0.0,6.9,1.0
noise,4.0,0,Combination,learned,0.2,4.2,0.9052116356304493
noise,4.0,0,Combination,learned,0.4,4.0,0.8200685179888283
noise,4.0,0,Combination,learned,0.6,4.1,0.7416702490101529
noise,4.0,0,Combination,learned,0.9,4.1,0.7264127302306636
noise,4.0,0,Combination,learned,1.3,4.1,0.67269340399873
noise,4.0,0,Combination,learned,2.0,3.7,0.6064391805443411
noise,4.0,0,Combination,hybrid,0.0,6.9,1.0
noise,4.0,0,Combination,hybrid,0.2,4.1,0.8263333286520083
noise,4.0,0,Combination,hybrid,0.4,3.9,0.7097402150304355
noise,4.0,0,Combination,hybrid,0.6,3.9,0.6023277671368327
noise,4.0,0,Combination,hybrid,0.9,4.0,0.575073986183329
noise,4.0,0,Combination,hybrid,1.3,4.0,0.5462574254588145
noise,4.0,0,Combination,hybrid,2.0,4.0,0.5462574254588145
noise,4.0,0,Dry,oracle,0.0,13.4,1.0
noise,4.0,0,Dry,oracle,0.2,3.2,1.0
noise,4.0,0,Dry,oracle,0.4,3.0,1.0
noise,4.0,0,Dry,oracle,0.6,3.0,1.0
noise,4.0,0,Dry,oracle,0.9,3.0,1.0
noise,4.0,0,Dry,oracle,1.3,3.0,1.0
noise,4.0,0,Dry,oracle,2.0,3.0,1.0
noise,4.0,0,Dry,rule,0.0,13.4,1.0
noise,4.0,0,Dry,rule,0.2,4.6,0.8899541168509599
noise,4.0,0,Dry,rule,0.4,4.5,0.8389574121760602
noise,4.0,0,Dry,rule,0.6,4.3,0.8454256604216017
noise,4.0,0,Dry,rule,0.9,4.3,0.8482378089219645
noise,4.0,0,Dry,rule,1.3,4.3,0.8414929602590189
noise,4.0,0,Dry,rule,2.0,4.3,0.8318477135310891
noise,4.0,0,Dry,learned,0.0,13.4,1.0
noise,4.0,0,Dry,learned,0.2,4.2,0.8454256604216017
noise,4.0,0,Dry,learned,0.4,4.1,0.8200685179888283
noise,4.0,0,Dry,learned,0.6,4.3,0.8200685179888283
noise,4.0,0,Dry,learned,0.9,4.2,0.8200685179888283
noise,4.0,0,Dry,learned,1.3,4.3,0.8268133666517739
noise,4.0,0,Dry,learned,2.0,4.3,0.6870165078530993
noise,4.0,0,Dry,hybrid,0.0,13.4,1.0
noise,4.0,0,Dry,hybrid,0.2,4.3,0.8200685179888283
noise,4.0,0,Dry,hybrid,0.4,4.6,0.7951657524814092
noise,4.0,0,Dry,hybrid,0.6,4.6,0.7951657524814092
noise,4.0,0,Dry,hybrid,0.9,4.5,0.7315449642824575
noise,4.0,0,Dry,hybrid,1.3,4.3,0.7951657524814092
noise,4.0,0,Dry,hybrid,2.0,4.4,0.6812060741152737
noise,4.0,0,Normal,oracle,0.0,10.1,0.914856882358379
noise,4.0,0,Normal,oracle,0.2,3.0,0.8579809428223729
noise,4.0,0,Normal,oracle,0.4,3.0,0.8579809428223729
noise,4.0,0,Normal,oracle,0.6,3.0,0.8579809428223729
noise,4.0,0,Normal,oracle,0.9,3.0,0.8579809428223729
noise,4.0,0,Normal,oracle,1.3,3.0,0.8579809428223729
noise,4.0,0,Normal,oracle,2.0,3.0,0.8579809428223729
noise,4.0,0,Normal,rule,0.0,10.1,0.914856882358379
noise,4.0,0,Normal,rule,0.2,4.0,0.9052116356304493
noise,4.0,0,Normal,rule,0.4,3.9,0.9052116356304493
noise,4.0,0,Normal,rule,0.6,4.0,0.8899541168509599
noise,4.0,0,Normal,rule,0.9,4.0,0.8899541168509599
noise,4.0,0,Normal,rule,1.3,4.0,0.8899541168509599
noise,4.0,0,Normal,rule,2.0,4.2,0.8236998933965709
noise,4.0,0,Normal,learned,0.0,10.1,0.914856882358379
noise,4.0,0,Normal,learned,0.2,4.1,1.0
noise,4.0,0,Normal,learned,0.4,4.0,0.933745776545611
noise,4.0,0,Normal,learned,0.6,4.0,0.9052116356304493
noise,4.0,0,Normal,learned,0.9,4.1,0.9052116356304493
noise,4.0,0,Normal,learned,1.3,4.1,0.9052116356304493
noise,4.0,0,Normal,learned,2.0,4.1,0.9052116356304493
noise,4.0,0,Normal,hybrid,0.0,10.1,0.914856882358379
noise,4.0,0,Normal,hybrid,0.2,3.8,1.0
noise,4.0,0,Normal,hybrid,0.4,4.1,1.0
noise,4.0,0,Normal,hybrid,0.6,4.0,1.0
noise,4.0,0,Normal,hybrid,0.9,4.0,1.0
noise,4.0,0,Normal,hybrid,1.3,4.2,0.933745776545611
noise,4.0,0,Normal,hybrid,2.0,4.2,0.9305687780632227
noise,4.0,0,Oily,oracle,0.0,9.0,0.7877736340270853
noise,4.0,0,Oily,oracle,0.2,3.1,0.7183627972686238
noise,4.0,0,Oily,oracle,0.4,3.0,0.7819835854675755
noise,4.0,0,Oily,oracle,0.6,3.0,0.7819835854675755
noise,4.0,0,Oily,oracle,0.9,3.0,0.7819835854675755
noise,4.0,0,Oily,oracle,1.3,3.0,0.7819835854675755
noise,4.0,0,Oily,oracle,2.0,3.0,0.7819835854675755
noise,4.0,0,Oily,rule,0.0,9.0,0.7877736340270853
noise,4.0,0,Oily,rule,0.2,4.6,0.6555476069276601
noise,4.0,0,Oily,rule,0.4,4.2,0.5919268187287084
noise,4.0,0,Oily,rule,0.6,4.3,0.6505132600483448
noise,4.0,0,Oily,rule,0.9,4.3,0.7167674835027338
noise,4.0,0,Oily,rule,1.3,4.6,0.6505132600483448
noise,4.0,0,Oily,rule,2.0,4.5,0.6473362615659565
noise,4.0,0,Oily,learned,0.0,9.0,0.7877736340270853
noise,4.0,0,Oily,learned,0.2,3.7,0.8701249883466594
noise,4.0,0,Oily,learned,0.4,3.6,0.9363792118010483
noise,4.0,0,Oily,learned,0.6,3.6,0.9363792118010483
noise,4.0,0,Oily,learned,0.9,3.6,0.9363792118010483
noise,4.0,0,Oily,learned,1.3,3.6,0.9363792118010483
noise,4.0,0,Oily,learned,2.0,3.7,0.9363792118010483
noise,4.0,0,Oily,hybrid,0.0,9.0,0.7877736340270853
noise,4.0,0,Oily,hybrid,0.2,3.9,0.772837825180752
noise,4.0,0,Oily,hybrid,0.4,4.0,0.8364586133797036
noise,4.0,0,Oily,hybrid,0.6,3.9,0.8364586133797036
noise,4.0,0,Oily,hybrid,0.9,3.9,0.8364586133797036
noise,4.0,0,Oily,hybrid,1.3,3.9,0.7702043899253147
noise,4.0,0,Oily,hybrid,2.0,3.9,0.7720617383222416
noise,4.0,0,Sensitive,oracle,0.0,11.1,0.9305687780632227
noise,4.0,0,Sensitive,oracle,0.2,3.8,0.9266360779006398
noise,4.0,0,Sensitive,oracle,0.4,3.4,0.8701249883466594
noise,4.0,0,Sensitive,oracle,0.6,3.2,0.866947989864271
noise,4.0,0,Sensitive,oracle,0.9,3.2,0.8603818544462509
noise,4.0,0,Sensitive,oracle,1.3,3.2,0.8572048559638626
noise,4.0,0,Sensitive,oracle,2.0,3.2,0.8572048559638626
noise,4.0,0,Sensitive,rule,0.0,11.1,0.9305687780632227
noise,4.0,0,Sensitive,rule,0.2,5.6,0.70937536504841
noise,4.0,0,Sensitive,rule,0.4,4.9,0.6028078051365984
noise,4.0,0,Sensitive,rule,0.6,4.9,0.6028078051365984
noise,4.0,0,Sensitive,rule,0.9,4.8,0.6028078051365984
noise,4.0,0,Sensitive,rule,1.3,4.4,0.6028078051365984
noise,4.0,0,Sensitive,rule,2.0,4.4,0.6028078051365984
noise,4.0,0,Sensitive,learned,0.0,11.1,0.9305687780632227
noise,4.0,0,Sensitive,learned,0.2,4.1,0.9305687780632227
noise,4.0,0,Sensitive,learned,0.4,3.9,0.933745776545611
noise,4.0,0,Sensitive,learned,0.6,3.8,1.0
noise,4.0,0,Sensitive,learned,0.9,3.7,1.0
noise,4.0,0,Sensitive,learned,1.3,3.4,0.933745776545611
noise,4.0,0,Sensitive,learned,2.0,3.4,0.914856882358379
noise,4.0,0,Sensitive,hybrid,0.0,11.1,0.9305687780632227
noise,4.0,0,Sensitive,hybrid,0.2,4.6,0.914856882358379
noise,4.0,0,Sensitive,hybrid,0.4,4.6,0.84860265890399
noise,4.0,0,Sensitive,hybrid,0.6,4.3,0.8512360941594274
noise,4.0,0,Sensitive,hybrid,0.9,4.3,0.8553475075669357
noise,4.0,0,Sensitive,hybrid,1.3,4.3,0.793584067764911
noise,4.0,0,Sensitive,hybrid,2.0,4.3,0.7280855459907165
noise,4.0,1,Combination,oracle,0.0,10.5,0.8899541168509599
noise,4.0,1,Combination,oracle,0.2,3.0,0.9363792118010483
noise,4.0,1,Combination,oracle,0.4,3.0,0.9363792118010483
noise,4.0,1,Combination,oracle,0.6,3.0,0.9363792118010483
noise,4.0,1,Combination,oracle,0.9,3.0,0.9363792118010483
noise,4.0,1,Combination,oracle,1.3,3.0,0.9363792118010483
noise,4.0,1,Combination,oracle,2.0,3.0,0.9363792118010483
noise,4.0,1,Combination,rule,0.0,10.5,0.8899541168509599
noise,4.0,1,Combination,rule,0.2,4.5,0.8611375561264455
noise,4.0,1,Combination,rule,0.4,4.5,0.8611375561264455
noise,4.0,1,Combination,rule,0.6,4.7,0.8611375561264455
noise,4.0,1,Combination,rule,0.9,4.7,0.8611375561264455
noise,4.0,1,Combination,rule,1.3,4.7,0.8611375561264455
noise,4.0,1,Combination,rule,2.0,4.7,0.8611375561264455
noise,4.0,1,Combination,learned,0.0,10.5,0.8899541168509599
noise,4.0,1,Combination,learned,0.2,3.6,1.0
noise,4.0,1,Combination,learned,0.4,3.9,1.0
noise,4.0,1,Combination,learned,0.6,3.9,1.0
noise,4.0,1,Combination,learned,0.9,3.9,1.0
noise,4.0,1,Combination,learned,1.3,3.6,0.9363792118010483
noise,4.0,1,Combination,learned,2.0,3.6,0.914856882358379
noise,4.0,1,Combination,hybrid,0.0,10.5,0.8899541168509599
noise,4.0,1,Combination,hybrid,0.2,4.4,1.0
noise,4.0,1,Combination,hybrid,0.4,4.3,1.0
noise,4.0,1,Combination,hybrid,0.6,4.3,1.0
noise,4.0,1,Combination,hybrid,0.9,4.3,1.0
noise,4.0,1,Combination,hybrid,1.3,3.9,1.0
noise,4.0,1,Combination,hybrid,2.0,3.9,1.0
noise,4.0,1,Dry,oracle,0.0,9.3,0.9216017310213245
noise,4.0,1,Dry,oracle,0.2,3.2,0.9305687780632227
noise,4.0,1,Dry,oracle,0.4,3.0,0.9266360779006398
noise,4.0,1,Dry,oracle,0.6,3.0,0.9266360779006398
noise,4.0,1,Dry,oracle,0.9,3.0,0.9266360779006398
noise,4.0,1,Dry,oracle,1.3,3.0,0.9266360779006398
noise,4.0,1,Dry,oracle,2.0,3.0,0.9266360779006398
noise,4.0,1,Dry,rule,0.0,9.3,0.9216017310213245
noise,4.0,1,Dry,rule,0.2,5.8,0.9363792118010483
noise,4.0,1,Dry,rule,0.4,5.3,1.0
noise,4.0,1,Dry,rule,0.6,5.4,1.0
noise,4.0,1,Dry,rule,0.9,4.5,1.0
noise,4.0,1,Dry,rule,1.3,4.7,1.0
noise,4.0,1,Dry,rule,2.0,4.7,1.0
noise,4.0,1,Dry,learned,0.0,9.3,0.9216017310213245
noise,4.0,1,Dry,learned,0.2,4.3,0.7909506325094736
noise,4.0,1,Dry,learned,0.4,3.8,0.8268133666517739
noise,4.0,1,Dry,learned,0.6,4.1,0.8200685179888283
noise,4.0,1,Dry,learned,0.9,4.1,0.8115558478722845
noise,4.0,1,Dry,learned,1.3,4.1,0.8165901947515998
noise,4.0,1,Dry,learned,2.0,4.1,0.8165901947515998
noise,4.0,1,Dry,hybrid,0.0,9.3,0.9216017310213245
noise,4.0,1,Dry,hybrid,0.2,4.4,0.8899541168509599
noise,4.0,1,Dry,hybrid,0.4,4.2,0.8899541168509599
noise,4.0,1,Dry,hybrid,0.6,4.2,0.8899541168509599
noise,4.0,1,Dry,hybrid,0.9,4.2,0.9052116356304493
noise,4.0,1,Dry,hybrid,1.3,4.1,0.914856882358379
noise,4.0,1,Dry,hybrid,2.0,4.2,0.914856882358379
noise,4.0,1,Normal,oracle,0.0,8.6,0.7799082337019198
noise,4.0,1,Normal,oracle,0.2,3.0,0.8579809428223729
noise,4.0,1,Normal,oracle,0.4,3.0,0.8579809428223729
noise,4.0,1,Normal,oracle,0.6,3.0,0.8579809428223729
noise,4.0,1,Normal,oracle,0.9,3.0,0.8579809428223729
noise,4.0,1,Normal,oracle,1.3,3.0,0.8579809428223729
noise,4.0,1,Normal,oracle,2.0,3.0,0.8579809428223729
noise,4.0,1,Normal,rule,0.0,8.6,0.7799082337019198
noise,4.0,1,Normal,rule,0.2,4.0,0.7951657524814092
noise,4.0,1,Normal,rule,0.4,4.3,0.7315449642824575
noise,4.0,1,Normal,rule,0.6,4.3,0.7315449642824575
noise,4.0,1,Normal,rule,0.9,4.3,0.7315449642824575
noise,4.0,1,Normal,rule,1.3,4.3,0.7315449642824575
noise,4.0,1,Normal,rule,2.0,4.3,0.7315449642824575
noise,4.0,1,Normal,learned,0.0,8.6,0.7799082337019198
noise,4.0,1,Normal,learned,0.2,3.4,0.9216017310213245
noise,4.0,1,Normal,learned,0.4,3.4,0.9216017310213245
noise,4.0,1,Normal,learned,0.6,3.4,0.9216017310213245
noise,4.0,1,Normal,learned,0.9,3.7,0.8482378089219645
noise,4.0,1,Normal,learned,1.3,4.0,0.793584067764911
noise,4.0,1,Normal,learned,2.0,4.0,0.7655934900767002
noise,4.0,1,Normal,hybrid,0.0,8.6,0.7799082337019198
noise,4.0,1,Normal,hybrid,0.2,3.9,0.933745776545611
noise,4.0,1,Normal,hybrid,0.4,3.9,1.0
noise,4.0,1,Normal,hybrid,0.6,3.8,1.0
noise,4.0,1,Normal,hybrid,0.9,3.8,1.0
noise,4.0,1,Normal,hybrid,1.3,3.8,1.0
noise,4.0,1,Normal,hybrid,2.0,3.9,1.0
noise,4.0,1,Oily,oracle,0.0,11.0,0.8630152897016883
noise,4.0,1,Oily,oracle,0.2,3.3,0.7951657524814092
noise,4.0,1,Oily,oracle,0.4,3.1,0.6906478832608419
noise,4.0,1,Oily,oracle,0.6,3.0,0.6906478832608419
noise,4.0,1,Oily,oracle,0.9,3.0,0.6906478832608419
noise,4.0,1,Oily,oracle,1.3,3.0,0.6906478832608419
noise,4.0,1,Oily,oracle,2.0,3.0,0.6906478832608419
noise,4.0,1,Oily,rule,0.0,11.0,0.8630152897016883
noise,4.0,1,Oily,rule,0.2,5.9,0.6468562235661908
noise,4.0,1,Oily,rule,0.4,5.7,0.7065443116025597
noise,4.0,1,Oily,rule,0.6,5.7,0.6947651160602988
noise,4.0,1,Oily,rule,0.9,5.3,0.6947651160602988
noise,4.0,1,Oily,rule,1.3,5.3,0.6947651160602988
noise,4.0,1,Oily,rule,2.0,4.5,0.6947651160602988
noise,4.0,1,Oily,learned,0.0,11.0,0.8630152897016883
noise,4.0,1,Oily,learned,0.2,4.1,0.8512360941594274
noise,4.0,1,Oily,learned,0.4,4.0,0.9305687780632227
noise,4.0,1,Oily,learned,0.6,3.9,0.866947989864271
noise,4.0,1,Oily,learned,0.9,3.9,0.8415908474314976
noise,4.0,1,Oily,learned,1.3,3.4,0.8263333286520083
noise,4.0,1,Oily,learned,2.0,3.4,0.8165901947515998
noise,4.0,1,Oily,hybrid,0.0,11.0,0.8630152897016883
noise,4.0,1,Oily,hybrid,0.2,4.7,0.8389574121760602
noise,4.0,1,Oily,hybrid,0.4,4.4,0.9052116356304493
noise,4.0,1,Oily,hybrid,0.6,3.9,0.914856882358379
noise,4.0,1,Oily,hybrid,0.9,3.9,0.9216017310213245
noise,4.0,1,Oily,hybrid,1.3,4.1,0.9216017310213245
noise,4.0,1,Oily,hybrid,2.0,3.7,0.7885497208855956
noise,4.0,1,Sensitive,oracle,0.0,11.0,0.7917063341896682
noise,4.0,1,Sensitive,oracle,0.2,3.4,1.0
noise,4.0,1,Sensitive,oracle,0.4,3.4,1.0
noise,4.0,1,Sensitive,oracle,0.6,3.3,1.0
noise,4.0,1,Sensitive,oracle,0.9,3.2,1.0
noise,4.0,1,Sensitive,oracle,1.3,3.1,1.0
noise,4.0,1,Sensitive,oracle,2.0,3.0,1.0
noise,4.0,1,Sensitive,rule,0.0,11.0,0.7917063341896682
noise,4.0,1,Sensitive,rule,0.2,5.2,0.8414929602590189
noise,4.0,1,Sensitive,rule,0.4,5.0,0.8512360941594274
noise,4.0,1,Sensitive,rule,0.6,4.7,0.914856882358379
noise,4.0,1,Sensitive,rule,0.9,4.3,0.914856882358379
noise,4.0,1,Sensitive,rule,1.3,4.3,0.914856882358379
noise,4.0,1,Sensitive,rule,2.0,4.3,0.914856882358379
noise,4.0,1,Sensitive,learned,0.0,11.0,0.7917063341896682
noise,4.0,1,Sensitive,learned,0.2,4.1,0.9363792118010483
noise,4.0,1,Sensitive,learned,0.4,3.6,1.0
noise,4.0,1,Sensitive,learned,0.6,3.4,1.0
noise,4.0,1,Sensitive,learned,0.9,3.4,1.0
noise,4.0,1,Sensitive,learned,1.3,3.7,0.9305687780632227
noise,4.0,1,Sensitive,learned,2.0,3.7,0.9216017310213245
noise,4.0,1,Sensitive,hybrid,0.0,11.0,0.7917063341896682
noise,4.0,1,Sensitive,hybrid,0.2,4.5,0.866947989864271
noise,4.0,1,Sensitive,hybrid,0.4,4.2,0.8579809428223729
noise,4.0,1,Sensitive,hybrid,0.6,4.2,0.8572048559638626
noise,4.0,1,Sensitive,hybrid,0.9,4.1,0.8521705090845473
noise,4.0,1,Sensitive,hybrid,1.3,4.2,0.84860265890399
noise,4.0,1,Sensitive,hybrid,2.0,4.1,0.8553475075669357
noise,4.0,2,Combination,oracle,0.0,13.2,0.933745776545611
noise,4.0,2,Combination,oracle,0.2,3.0,0.7778721720600672
noise,4.0,2,Combination,oracle,0.4,3.0,0.7778721720600672
noise,4.0,2,Combination,oracle,0.6,3.0,0.7778721720600672
noise,4.0,2,Combination,oracle,0.9,3.0,0.7778721720600672
noise,4.0,2,Combination,oracle,1.3,3.0,0.7778721720600672
noise,4.0,2,Combination,oracle,2.0,3.0,0.7778721720600672
noise,4.0,2,Combination,rule,0.0,13.2,0.933745776545611
noise,4.0,2,Combination,rule,0.2,5.0,0.7788065869851872
noise,4.0,2,Combination,rule,0.4,4.9,0.7819835854675755
noise,4.0,2,Combination,rule,0.6,4.3,0.8482378089219645
noise,4.0,2,Combination,rule,0.9,4.3,0.8482378089219645
noise,4.0,2,Combination,rule,1.3,4.3,0.8482378089219645
noise,4.0,2,Combination,rule,2.0,4.3,0.8482378089219645
noise,4.0,2,Combination,learned,0.0,13.2,0.933745776545611
noise,4.0,2,Combination,learned,0.2,3.6,0.914856882358379
noise,4.0,2,Combination,learned,0.4,3.6,0.914856882358379
noise,4.0,2,Combination,learned,0.6,3.6,0.8414929602590189
noise,4.0,2,Combination,learned,0.9,3.6,0.8414929602590189
noise,4.0,2,Combination,learned,1.3,3.2,0.8414929602590189
noise,4.0,2,Combination,learned,2.0,3.4,0.8414929602590189
noise,4.0,2,Combination,hybrid,0.0,13.2,0.933745776545611
noise,4.0,2,Combination,hybrid,0.2,3.5,0.7975167679274938
noise,4.0,2,Combination,hybrid,0.4,3.4,0.9052116356304493
noise,4.0,2,Combination,hybrid,0.6,3.2,0.8415908474314976
noise,4.0,2,Combination,hybrid,0.9,3.2,0.8389574121760602
noise,4.0,2,Combination,hybrid,1.3,3.2,0.8415908474314976
noise,4.0,2,Combination,hybrid,2.0,3.2,0.8415908474314976
noise,4.0,2,Dry,oracle,0.0,10.9,0.9305687780632227
noise,4.0,2,Dry,oracle,0.2,3.6,0.8611375561264455
noise,4.0,2,Dry,oracle,0.4,3.4,0.7827392871477701
noise,4.0,2,Dry,oracle,0.6,3.3,0.70937536504841
noise,4.0,2,Dry,oracle,0.9,3.1,0.70937536504841
noise,4.0,2,Dry,oracle,1.3,3.1,0.70937536504841
noise,4.0,2,Dry,oracle,2.0,3.0,0.70937536504841
noise,4.0,2,Dry,rule,0.0,10.9,0.9305687780632227
noise,4.0,2,Dry,rule,0.2,6.4,0.7479350596733328
noise,4.0,2,Dry,rule,0.4,6.4,0.7453016244178956
noise,4.0,2,Dry,rule,0.6,6.4,0.7573821447149965
noise,4.0,2,Dry,rule,0.9,6.4,0.7630946912803435
noise,4.0,2,Dry,rule,1.3,5.2,0.7630946912803435
noise,4.0,2,Dry,rule,2.0,5.2,0.7630946912803435
noise,4.0,2,Dry,learned,0.0,10.9,0.9305687780632227
noise,4.0,2,Dry,learned,0.2,3.8,0.8899541168509599
noise,4.0,2,Dry,learned,0.4,3.8,0.835780413693672
noise,4.0,2,Dry,learned,0.6,3.7,0.8389574121760602
noise,4.0,2,Dry,learned,0.9,3.8,0.8630152897016883
noise,4.0,2,Dry,learned,1.3,3.8,0.866947989864271
noise,4.0,2,Dry,learned,2.0,3.8,0.9305687780632227
noise,4.0,2,Dry,hybrid,0.0,10.9,0.9305687780632227
noise,4.0,2,Dry,hybrid,0.2,4.3,0.772837825180752
noise,4.0,2,Dry,hybrid,0.4,4.0,0.7542686714597936
noise,4.0,2,Dry,hybrid,0.6,4.0,0.7542686714597936
noise,4.0,2,Dry,hybrid,0.9,3.8,0.8263333286520083
noise,4.0,2,Dry,hybrid,1.3,3.6,0.8415908474314976
noise,4.0,2,Dry,hybrid,2.0,3.5,0.8364586133797036
noise,4.0,2,Normal,oracle,0.0,10.6,0.9266360779006398
noise,4.0,2,Normal,oracle,0.2,3.2,0.6947651160602988
noise,4.0,2,Normal,oracle,0.4,3.0,0.6947651160602988
noise,4.0,2,Normal,oracle,0.6,3.0,0.6947651160602988
noise,4.0,2,Normal,oracle,0.9,3.0,0.6947651160602988
noise,4.0,2,Normal,oracle,1.3,3.0,0.6947651160602988
noise,4.0,2,Normal,oracle,2.0,3.0,0.6947651160602988
noise,4.0,2,Normal,rule,0.0,10.6,0.9266360779006398
noise,4.0,2,Normal,rule,0.2,5.4,0.7819835854675755
noise,4.0,2,Normal,rule,0.4,5.4,0.7788065869851872
noise,4.0,2,Normal,rule,0.6,5.2,0.7788065869851872
noise,4.0,2,Normal,rule,0.9,5.2,0.7788065869851872
noise,4.0,2,Normal,rule,1.3,5.2,0.7819835854675755
noise,4.0,2,Normal,rule,2.0,5.2,0.7846170207230129
noise,4.0,2,Normal,learned,0.0,10.6,0.9266360779006398
noise,4.0,2,Normal,learned,0.2,4.0,0.9216017310213245
noise,4.0,2,Normal,learned,0.4,3.8,0.9305687780632227
noise,4.0,2,Normal,learned,0.6,3.8,1.0
noise,4.0,2,Normal,learned,0.9,3.9,1.0
noise,4.0,2,Normal,learned,1.3,3.9,1.0
noise,4.0,2,Normal,learned,2.0,3.8,1.0
noise,4.0,2,Normal,hybrid,0.0,10.6,0.9266360779006398
noise,4.0,2,Normal,hybrid,0.2,4.0,1.0
noise,4.0,2,Normal,hybrid,0.4,3.9,1.0
noise,4.0,2,Normal,hybrid,0.6,3.9,1.0
noise,4.0,2,Normal,hybrid,0.9,3.9,1.0
noise,4.0,2,Normal,hybrid,1.3,4.0,0.933745776545611
noise,4.0,2,Normal,hybrid,2.0,3.9,0.8701249883466594
noise,4.0,2,Oily,oracle,0.0,10.7,0.7917063341896682
noise,4.0,2,Oily,oracle,0.2,3.2,0.791726719367984
noise,4.0,2,Oily,oracle,0.4,3.1,0.8553475075669357
noise,4.0,2,Oily,oracle,0.6,3.0,0.9216017310213245
noise,4.0,2,Oily,oracle,0.9,3.0,0.9216017310213245
noise,4.0,2,Oily,oracle,1.3,3.0,0.9216017310213245
noise,4.0,2,Oily,oracle,2.0,3.0,0.9216017310213245
noise,4.0,2,Oily,rule,0.0,10.7,0.7917063341896682
noise,4.0,2,Oily,rule,0.2,5.1,0.642923523403608
noise,4.0,2,Oily,rule,0.4,4.8,0.6371130896657824
noise,4.0,2,Oily,rule,0.6,5.1,0.6281460426238843
noise,4.0,2,Oily,rule,0.9,4.8,0.6281460426238843
noise,4.0,2,Oily,rule,1.3,4.8,0.6281460426238843
noise,4.0,2,Oily,rule,2.0,4.8,0.6281460426238843
noise,4.0,2,Oily,learned,0.0,10.7,0.7917063341896682
noise,4.0,2,Oily,learned,0.2,3.8,0.8603818544462509
noise,4.0,2,Oily,learned,0.4,4.1,0.914856882358379
noise,4.0,2,Oily,learned,0.6,4.1,0.9266360779006398
noise,4.0,2,Oily,learned,0.9,3.7,0.9266360779006398
noise,4.0,2,Oily,learned,1.3,3.7,0.933745776545611
noise,4.0,2,Oily,learned,2.0,3.7,0.933745776545611
noise,4.0,2,Oily,hybrid,0.0,10.7,0.7917063341896682
noise,4.0,2,Oily,hybrid,0.2,3.6,0.6969383549984333
noise,4.0,2,Oily,hybrid,0.4,3.3,0.8482378089219645
noise,4.0,2,Oily,hybrid,0.6,3.3,0.8572048559638626
noise,4.0,2,Oily,hybrid,0.9,3.3,0.8521705090845473
noise,4.0,2,Oily,hybrid,1.3,3.3,0.8521705090845473
noise,4.0,2,Oily,hybrid,2.0,3.3,0.8521705090845473
noise,4.0,2,Sensitive,oracle,0.0,8.1,0.7948833326720566
noise,4.0,2,Sensitive,oracle,0.2,3.3,0.9266360779006398
noise,4.0,2,Sensitive,oracle,0.4,3.1,0.8630152897016883
noise,4.0,2,Sensitive,oracle,0.6,3.0,0.7967610662472993
noise,4.0,2,Sensitive,oracle,0.9,3.0,0.7967610662472993
noise,4.0,2,Sensitive,oracle,1.3,3.0,0.7967610662472993
noise,4.0,2,Sensitive,oracle,2.0,3.0,0.7967610662472993
noise,4.0,2,Sensitive,rule,0.0,8.1,0.7948833326720566
noise,4.0,2,Sensitive,rule,0.2,4.7,0.6987957033953601
noise,4.0,2,Sensitive,rule,0.4,4.4,0.7059054020403313
noise,4.0,2,Sensitive,rule,0.6,3.9,0.7059054020403313
noise,4.0,2,Sensitive,rule,0.9,4.1,0.6961622681399229
noise,4.0,2,Sensitive,rule,1.3,4.1,0.6961622681399229
noise,4.0,2,Sensitive,rule,2.0,4.8,0.6325414799409712
noise,4.0,2,Sensitive,learned,0.0,8.1,0.7948833326720566
noise,4.0,2,Sensitive,learned,0.2,3.5,0.9305687780632227
noise,4.0,2,Sensitive,learned,0.4,3.5,0.9216017310213245
noise,4.0,2,Sensitive,learned,0.6,3.4,0.914856882358379
noise,4.0,2,Sensitive,learned,0.9,3.4,0.914856882358379
noise,4.0,2,Sensitive,learned,1.3,3.5,0.914856882358379
noise,4.0,2,Sensitive,learned,2.0,3.6,0.9052116356304493
noise,4.0,2,Sensitive,hybrid,0.0,8.1,0.7948833326720566
noise,4.0,2,Sensitive,hybrid,0.2,4.3,0.9052116356304493
noise,4.0,2,Sensitive,hybrid,0.4,3.9,0.8482378089219645
noise,4.0,2,Sensitive,hybrid,0.6,3.8,0.8603818544462509
noise,4.0,2,Sensitive,hybrid,0.9,3.8,0.8630152897016883
noise,4.0,2,Sensitive,hybrid,1.3,3.6,0.8630152897016883
noise,4.0,2,Sensitive,hybrid,2.0,3.3,0.9216017310213245
noise,4.0,3,Combination,oracle,0.0,9.4,0.835780413693672
noise,4.0,3,Combination,oracle,0.2,3.0,1.0
noise,4.0,3,Combination,oracle,0.4,3.0,1.0
noise,4.0,3,Combination,oracle,0.6,3.0,1.0
noise,4.0,3,Combination,oracle,0.9,3.0,1.0
noise,4.0,3,Combination,oracle,1.3,3.0,1.0
noise,4.0,3,Combination,oracle,2.0,3.0,1.0
noise,4.0,3,Combination,rule,0.0,9.4,0.835780413693672
noise,4.0,3,Combination,rule,0.2,3.6,0.7104770117651424
noise,4.0,3,Combination,rule,0.4,3.6,0.6468562235661908
noise,4.0,3,Combination,rule,0.6,3.6,0.6468562235661908
noise,4.0,3,Combination,rule,0.9,3.6,0.6468562235661908
noise,4.0,3,Combination,rule,1.3,3.6,0.6468562235661908
noise,4.0,3,Combination,rule,2.0,3.6,0.6468562235661908
noise,4.0,3,Combination,learned,0.0,9.4,0.835780413693672
noise,4.0,3,Combination,learned,0.2,3.7,1.0
noise,4.0,3,Combination,learned,0.4,3.9,1.0
noise,4.0,3,Combination,learned,0.6,3.9,1.0
noise,4.0,3,Combination,learned,0.9,3.9,1.0
noise,4.0,3,Combination,learned,1.3,3.9,0.9216017310213245
noise,4.0,3,Combination,learned,2.0,4.1,0.7788065869851872
noise,4.0,3,Combination,hybrid,0.0,9.4,0.835780413693672
noise,4.0,3,Combination,hybrid,0.2,3.4,1.0
noise,4.0,3,Combination,hybrid,0.4,3.4,1.0
noise,4.0,3,Combination,hybrid,0.6,3.4,1.0
noise,4.0,3,Combination,hybrid,0.9,3.4,0.9363792118010483
noise,4.0,3,Combination,hybrid,1.3,3.4,0.9052116356304493
noise,4.0,3,Combination,hybrid,2.0,3.5,0.8268133666517739
noise,4.0,3,Dry,oracle,0.0,9.4,0.6163668470816234
noise,4.0,3,Dry,oracle,0.2,3.5,0.8899541168509599
noise,4.0,3,Dry,oracle,0.4,3.3,0.8115558478722845
noise,4.0,3,Dry,oracle,0.6,3.3,0.8115558478722845
noise,4.0,3,Dry,oracle,0.9,3.1,0.8115558478722845
noise,4.0,3,Dry,oracle,1.3,3.0,0.7479350596733328
noise,4.0,3,Dry,oracle,2.0,3.0,0.7479350596733328
noise,4.0,3,Dry,rule,0.0,9.4,0.6163668470816234
noise,4.0,3,Dry,rule,0.2,4.6,0.6698623505528797
noise,4.0,3,Dry,rule,0.4,4.6,0.6698623505528797
noise,4.0,3,Dry,rule,0.6,4.6,0.6698623505528797
noise,4.0,3,Dry,rule,0.9,4.6,0.6698623505528797
noise,4.0,3,Dry,rule,1.3,4.6,0.6698623505528797
noise,4.0,3,Dry,rule,2.0,4.6,0.6698623505528797
noise,4.0,3,Dry,learned,0.0,9.4,0.6163668470816234
noise,4.0,3,Dry,learned,0.2,4.0,0.8899541168509599
noise,4.0,3,Dry,learned,0.4,4.0,0.8611375561264455
noise,4.0,3,Dry,learned,0.6,4.0,0.8611375561264455
noise,4.0,3,Dry,learned,0.9,4.0,0.8611375561264455
noise,4.0,3,Dry,learned,1.3,4.0,0.7799082337019198
noise,4.0,3,Dry,learned,2.0,4.0,0.8611375561264455
noise,4.0,3,Dry,hybrid,0.0,9.4,0.6163668470816234
noise,4.0,3,Dry,hybrid,0.2,3.8,0.8415908474314976
noise,4.0,3,Dry,hybrid,0.4,3.8,0.8899541168509599
noise,4.0,3,Dry,hybrid,0.6,3.7,0.914856882358379
noise,4.0,3,Dry,hybrid,0.9,3.6,0.9216017310213245
noise,4.0,3,Dry,hybrid,1.3,3.6,0.9266360779006398
noise,4.0,3,Dry,hybrid,2.0,3.6,0.9305687780632227
noise,4.0,3,Normal,oracle,0.0,8.0,0.8611375561264455
noise,4.0,3,Normal,oracle,0.2,3.0,0.84860265890399
noise,4.0,3,Normal,oracle,0.4,3.0,0.84860265890399
noise,4.0,3,Normal,oracle,0.6,3.0,0.84860265890399
noise,4.0,3,Normal,oracle,0.9,3.0,0.84860265890399
noise,4.0,3,Normal,oracle,1.3,3.0,0.84860265890399
noise,4.0,3,Normal,oracle,2.0,3.0,0.84860265890399
noise,4.0,3,Normal,rule,0.0,8.0,0.8611375561264455
noise,4.0,3,Normal,rule,0.2,4.1,0.8899541168509599
noise,4.0,3,Normal,rule,0.4,4.1,0.8899541168509599
noise,4.0,3,Normal,rule,0.6,4.3,0.8263333286520083
noise,4.0,3,Normal,rule,0.9,3.7,0.8236998933965709
noise,4.0,3,Normal,rule,1.3,3.7,0.8236998933965709
noise,4.0,3,Normal,rule,2.0,3.7,0.8236998933965709
noise,4.0,3,Normal,learned,0.0,8.0,0.8611375561264455
noise,4.0,3,Normal,learned,0.2,3.8,0.9363792118010483
noise,4.0,3,Normal,learned,0.4,3.9,0.8572048559638626
noise,4.0,3,Normal,learned,0.6,3.9,0.8414929602590189
noise,4.0,3,Normal,learned,0.9,3.9,0.7631925784528222
noise,4.0,3,Normal,learned,1.3,3.9,0.7573821447149965
noise,4.0,3,Normal,learned,2.0,4.2,0.7026305163854644
noise,4.0,3,Normal,hybrid,0.0,8.0,0.8611375561264455
noise,4.0,3,Normal,hybrid,0.2,3.5,0.933745776545611
noise,4.0,3,Normal,hybrid,0.4,3.5,0.9052116356304493
noise,4.0,3,Normal,hybrid,0.6,3.6,0.9052116356304493
noise,4.0,3,Normal,hybrid,0.9,3.5,0.835780413693672
noise,4.0,3,Normal,hybrid,1.3,3.5,0.8200685179888283
noise,4.0,3,Normal,hybrid,2.0,3.5,0.8048109992093389
noise,4.0,3,Oily,oracle,0.0,8.7,0.8268133666517739
noise,4.0,3,Oily,oracle,0.2,3.1,0.6500332220485792
noise,4.0,3,Oily,oracle,0.4,3.0,0.6500332220485792
noise,4.0,3,Oily,oracle,0.6,3.0,0.6500332220485792
noise,4.0,3,Oily,oracle,0.9,3.0,0.6500332220485792
noise,4.0,3,Oily,oracle,1.3,3.0,0.6500332220485792
noise,4.0,3,Oily,oracle,2.0,3.0,0.6500332220485792
noise,4.0,3,Oily,rule,0.0,8.7,0.8268133666517739
noise,4.0,3,Oily,rule,0.2,3.4,0.7778721720600672
noise,4.0,3,Oily,rule,0.4,3.5,0.7702043899253147
noise,4.0,3,Oily,rule,0.6,3.5,0.7670273914429263
noise,4.0,3,Oily,rule,0.9,3.5,0.7670273914429263
noise,4.0,3,Oily,rule,1.3,3.5,0.7670273914429263
noise,4.0,3,Oily,rule,2.0,3.5,0.7670273914429263
noise,4.0,3,Oily,learned,0.0,8.7,0.8268133666517739
noise,4.0,3,Oily,learned,0.2,3.3,0.9363792118010483
noise,4.0,3,Oily,learned,0.4,3.5,1.0
noise,4.0,3,Oily,learned,0.6,3.6,0.9363792118010483
noise,4.0,3,Oily,learned,0.9,3.6,0.914856882358379
noise,4.0,3,Oily,learned,1.3,3.7,0.835780413693672
noise,4.0,3,Oily,learned,2.0,3.7,0.8268133666517739
noise,4.0,3,Oily,hybrid,0.0,8.7,0.8268133666517739
noise,4.0,3,Oily,hybrid,0.2,3.3,0.9363792118010483
noise,4.0,3,Oily,hybrid,0.4,3.2,1.0
noise,4.0,3,Oily,hybrid,0.6,3.2,1.0
noise,4.0,3,Oily,hybrid,0.9,3.3,0.9266360779006398
noise,4.0,3,Oily,hybrid,1.3,3.3,0.9266360779006398
noise,4.0,3,Oily,hybrid,2.0,3.3,0.8415908474314976
noise,4.0,3,Sensitive,oracle,0.0,8.1,0.9216017310213245
noise,4.0,3,Sensitive,oracle,0.2,3.3,1.0
noise,4.0,3,Sensitive,oracle,0.4,3.2,0.933745776545611
noise,4.0,3,Sensitive,oracle,0.6,3.2,0.9305687780632227
noise,4.0,3,Sensitive,oracle,0.9,3.2,0.9305687780632227
noise,4.0,3,Sensitive,oracle,1.3,3.1,0.9305687780632227
noise,4.0,3,Sensitive,oracle,2.0,3.0,0.866947989864271
noise,4.0,3,Sensitive,rule,0.0,8.1,0.9216017310213245
noise,4.0,3,Sensitive,rule,0.2,4.1,0.9266360779006398
noise,4.0,3,Sensitive,rule,0.4,4.5,0.9216017310213245
noise,4.0,3,Sensitive,rule,0.6,4.5,0.914856882358379
noise,4.0,3,Sensitive,rule,0.9,4.5,0.914856882358379
noise,4.0,3,Sensitive,rule,1.3,4.1,0.84860265890399
noise,4.0,3,Sensitive,rule,2.0,4.1,0.84860265890399
noise,4.0,3,Sensitive,learned,0.0,8.1,0.9216017310213245
noise,4.0,3,Sensitive,learned,0.2,3.8,0.9363792118010483
noise,4.0,3,Sensitive,learned,0.4,3.9,1.0
noise,4.0,3,Sensitive,learned,0.6,3.9,1.0
noise,4.0,3,Sensitive,learned,0.9,3.9,1.0
noise,4.0,3,Sensitive,learned,1.3,3.5,1.0
noise,4.0,3,Sensitive,learned,2.0,3.5,1.0
noise,4.0,3,Sensitive,hybrid,0.0,8.1,0.9216017310213245
noise,4.0,3,Sensitive,hybrid,0.2,3.8,0.9363792118010483
noise,4.0,3,Sensitive,hybrid,0.4,3.7,1.0
noise,4.0,3,Sensitive,hybrid,0.6,3.5,0.933745776545611
noise,4.0,3,Sensitive,hybrid,0.9,3.4,1.0
noise,4.0,3,Sensitive,hybrid,1.3,3.4,1.0
noise,4.0,3,Sensitive,hybrid,2.0,3.4,1.0
noise,4.0,4,Combination,oracle,0.0,8.9,0.7191184989488184
noise,4.0,4,Combination,oracle,0.2,3.0,0.7720617383222416
noise,4.0,4,Combination,oracle,0.4,3.0,0.7720617383222416
noise,4.0,4,Combination,oracle,0.6,3.0,0.7720617383222416
noise,4.0,4,Combination,oracle,0.9,3.0,0.7720617383222416
noise,4.0,4,Combination,oracle,1.3,3.0,0.7720617383222416
noise,4.0,4,Combination,oracle,2.0,3.0,0.7720617383222416
noise,4.0,4,Combination,rule,0.0,8.9,0.7191184989488184
noise,4.0,4,Combination,rule,0.2,4.2,0.772837825180752
noise,4.0,4,Combination,rule,0.4,4.2,0.772837825180752
noise,4.0,4,Combination,rule,0.6,4.2,0.772837825180752
noise,4.0,4,Combination,rule,0.9,4.4,0.772837825180752
noise,4.0,4,Combination,rule,1.3,4.4,0.7778721720600672
noise,4.0,4,Combination,rule,2.0,4.4,0.77523873680463
noise,4.0,4,Combination,learned,0.0,8.9,0.7191184989488184
noise,4.0,4,Combination,learned,0.2,3.8,0.7542686714597936
noise,4.0,4,Combination,learned,0.4,4.0,0.8048109992093389
noise,4.0,4,Combination,learned,0.6,4.1,0.7759944384848245
noise,4.0,4,Combination,learned,0.9,4.2,0.7759944384848245
noise,4.0,4,Combination,learned,1.3,4.2,0.7827392871477701
noise,4.0,4,Combination,learned,2.0,4.1,0.7827392871477701
noise,4.0,4,Combination,hybrid,0.0,8.9,0.7191184989488184
noise,4.0,4,Combination,hybrid,0.2,3.6,0.8048109992093389
noise,4.0,4,Combination,hybrid,0.4,3.5,0.7663491917568948
noise,4.0,4,Combination,hybrid,0.6,3.5,0.7827392871477701
noise,4.0,4,Combination,hybrid,0.9,3.5,0.7827392871477701
noise,4.0,4,Combination,hybrid,1.3,3.4,0.7827392871477701
noise,4.0,4,Combination,hybrid,2.0,3.4,0.7877736340270853
noise,4.0,4,Dry,oracle,0.0,11.6,1.0
noise,4.0,4,Dry,oracle,0.2,3.3,0.7967610662472993
noise,4.0,4,Dry,oracle,0.4,3.0,0.8630152897016883
noise,4.0,4,Dry,oracle,0.6,3.0,0.8630152897016883
noise,4.0,4,Dry,oracle,0.9,3.0,0.8630152897016883
noise,4.0,4,Dry,oracle,1.3,3.0,0.8630152897016883
noise,4.0,4,Dry,oracle,2.0,3.0,0.8630152897016883
noise,4.0,4,Dry,rule,0.0,11.6,1.0
noise,4.0,4,Dry,rule,0.2,4.8,0.8512360941594274
noise,4.0,4,Dry,rule,0.4,4.8,0.7791714369672127
noise,4.0,4,Dry,rule,0.6,4.8,0.7720617383222416
noise,4.0,4,Dry,rule,0.9,4.6,0.6961622681399229
noise,4.0,4,Dry,rule,1.3,4.6,0.6968404678259545
noise,4.0,4,Dry,rule,2.0,4.6,0.6936634693435662
noise,4.0,4,Dry,learned,0.0,11.6,1.0
noise,4.0,4,Dry,learned,0.2,3.3,0.933745776545611
noise,4.0,4,Dry,learned,0.4,3.4,0.933745776545611
noise,4.0,4,Dry,learned,0.6,3.8,0.8899541168509599
noise,4.0,4,Dry,learned,0.9,3.8,0.8899541168509599
noise,4.0,4,Dry,learned,1.3,3.8,0.8899541168509599
noise,4.0,4,Dry,learned,2.0,3.9,0.8899541168509599
noise,4.0,4,Dry,hybrid,0.0,11.6,1.0
noise,4.0,4,Dry,hybrid,0.2,3.4,0.750637296052051
noise,4.0,4,Dry,hybrid,0.4,3.4,0.8200685179888283
noise,4.0,4,Dry,hybrid,0.6,3.5,0.7123736502858729
noise,4.0,4,Dry,hybrid,0.9,3.5,0.6311443278613471
noise,4.0,4,Dry,hybrid,1.3,3.5,0.6311443278613471
noise,4.0,4,Dry,hybrid,2.0,3.5,0.6352557412688554
noise,4.0,4,Normal,oracle,0.0,8.4,0.4800032020044256
noise,4.0,4,Normal,oracle,0.2,3.0,1.0
noise,4.0,4,Normal,oracle,0.4,3.0,1.0
noise,4.0,4,Normal,oracle,0.6,3.0,1.0
noise,4.0,4,Normal,oracle,0.9,3.0,1.0
noise,4.0,4,Normal,oracle,1.3,3.0,1.0
noise,4.0,4,Normal,oracle,2.0,3.0,1.0
noise,4.0,4,Normal,rule,0.0,8.4,0.4800032020044256
noise,4.0,4,Normal,rule,0.2,4.1,0.793584067764911
noise,4.0,4,Normal,rule,0.4,4.1,0.7819835854675755
noise,4.0,4,Normal,rule,0.6,4.1,0.7819835854675755
noise,4.0,4,Normal,rule,0.9,4.4,0.7034066032439746
noise,4.0,4,Normal,rule,1.3,4.6,0.7670273914429263
noise,4.0,4,Normal,rule,2.0,4.6,0.7670273914429263
noise,4.0,4,Normal,learned,0.0,8.4,0.4800032020044256
noise,4.0,4,Normal,learned,0.2,4.1,1.0
noise,4.0,4,Normal,learned,0.4,4.1,1.0
noise,4.0,4,Normal,learned,0.6,4.2,0.914856882358379
noise,4.0,4,Normal,learned,0.9,4.2,0.914856882358379
noise,4.0,4,Normal,learned,1.3,4.2,0.9216017310213245
noise,4.0,4,Normal,learned,2.0,4.2,0.914856882358379
noise,4.0,4,Normal,hybrid,0.0,8.4,0.4800032020044256
noise,4.0,4,Normal,hybrid,0.2,3.4,0.8603818544462509
noise,4.0,4,Normal,hybrid,0.4,3.4,0.835780413693672
noise,4.0,4,Normal,hybrid,0.6,3.4,0.835780413693672
noise,4.0,4,Normal,hybrid,0.9,3.4,0.7917063341896682
noise,4.0,4,Normal,hybrid,1.3,3.5,0.7877736340270853
noise,4.0,4,Normal,hybrid,2.0,3.5,0.7827392871477701
noise,4.0,4,Oily,oracle,0.0,8.6,0.3693362536342715
noise,4.0,4,Oily,oracle,0.2,3.2,0.7753366239771086
noise,4.0,4,Oily,oracle,0.4,3.1,0.7753366239771086
noise,4.0,4,Oily,oracle,0.6,3.0,0.8389574121760602
noise,4.0,4,Oily,oracle,0.9,3.0,0.8389574121760602
noise,4.0,4,Oily,oracle,1.3,3.0,0.8389574121760602
noise,4.0,4,Oily,oracle,2.0,3.0,0.8389574121760602
noise,4.0,4,Oily,rule,0.0,8.6,0.3693362536342715
noise,4.0,4,Oily,rule,0.2,4.5,0.7753366239771086
noise,4.0,4,Oily,rule,0.4,4.7,0.8389574121760602
noise,4.0,4,Oily,rule,0.6,4.7,0.8415908474314976
noise,4.0,4,Oily,rule,0.9,4.6,0.9052116356304493
noise,4.0,4,Oily,rule,1.3,4.7,0.9052116356304493
noise,4.0,4,Oily,rule,2.0,5.1,0.8512360941594274
noise,4.0,4,Oily,learned,0.0,8.6,0.3693362536342715
noise,4.0,4,Oily,learned,0.2,3.7,0.9216017310213245
noise,4.0,4,Oily,learned,0.4,3.7,0.9266360779006398
noise,4.0,4,Oily,learned,0.6,3.7,0.9266360779006398
noise,4.0,4,Oily,learned,0.9,3.7,0.9305687780632227
noise,4.0,4,Oily,learned,1.3,3.7,0.9305687780632227
noise,4.0,4,Oily,learned,2.0,3.7,0.8415908474314976
noise,4.0,4,Oily,hybrid,0.0,8.6,0.3693362536342715
noise,4.0,4,Oily,hybrid,0.2,4.1,0.6371523797895857
noise,4.0,4,Oily,hybrid,0.4,3.9,0.642186726668901
noise,4.0,4,Oily,hybrid,0.6,3.8,0.7084409501232899
noise,4.0,4,Oily,hybrid,0.9,3.5,0.84860265890399
noise,4.0,4,Oily,hybrid,1.3,3.5,0.8630152897016883
noise,4.0,4,Oily,hybrid,2.0,3.5,0.866947989864271
noise,4.0,4,Sensitive,oracle,0.0,12.1,0.8630152897016883
noise,4.0,4,Sensitive,oracle,0.2,3.6,0.9052116356304493
noise,4.0,4,Sensitive,oracle,0.4,3.4,0.8611375561264455
noise,4.0,4,Sensitive,oracle,0.6,3.3,0.8611375561264455
noise,4.0,4,Sensitive,oracle,0.9,3.1,0.8611375561264455
noise,4.0,4,Sensitive,oracle,1.3,3.0,0.8611375561264455
noise,4.0,4,Sensitive,oracle,2.0,3.0,0.8611375561264455
noise,4.0,4,Sensitive,rule,0.0,12.1,0.8630152897016883
noise,4.0,4,Sensitive,rule,0.2,5.3,0.5779050396291793
noise,4.0,4,Sensitive,rule,0.4,5.1,0.5239294981581574
noise,4.0,4,Sensitive,rule,0.6,5.6,0.45767527470376834
noise,4.0,4,Sensitive,rule,0.9,5.6,0.47293279348325773
noise,4.0,4,Sensitive,rule,1.3,5.3,0.46582309483828654
noise,4.0,4,Sensitive,rule,2.0,5.3,0.4631896595828493
noise,4.0,4,Sensitive,learned,0.0,12.1,0.8630152897016883
noise,4.0,4,Sensitive,learned,0.2,3.8,0.7975167679274938
noise,4.0,4,Sensitive,learned,0.4,3.4,0.7799082337019198
noise,4.0,4,Sensitive,learned,0.6,3.4,0.7799082337019198
noise,4.0,4,Sensitive,learned,0.9,3.3,0.7799082337019198
noise,4.0,4,Sensitive,learned,1.3,3.1,0.7799082337019198
noise,4.0,4,Sensitive,learned,2.0,3.1,0.8611375561264455
noise,4.0,4,Sensitive,hybrid,0.0,12.1,0.8630152897016883
noise,4.0,4,Sensitive,hybrid,0.2,4.5,0.7104770117651424
noise,4.0,4,Sensitive,hybrid,0.4,4.0,0.7104770117651424
noise,4.0,4,Sensitive,hybrid,0.6,4.0,0.7104770117651424
noise,4.0,4,Sensitive,hybrid,0.9,3.8,0.7799082337019198
noise,4.0,4,Sensitive,hybrid,1.3,3.6,0.7162874455029681
noise,4.0,4,Sensitive,hybrid,2.0,3.6,0.7917063341896682
noise,8.0,0,Combination,oracle,0.0,6.9,1.0
noise,8.0,0,Combination,oracle,0.2,3.0,0.7885497208855956
noise,8.0,0,Combination,oracle,0.4,3.0,0.7885497208855956
noise,8.0,0,Combination,oracle,0.6,3.0,0.7885497208855956
noise,8.0,0,Combination,oracle,0.9,3.0,0.7885497208855956
noise,8.0,0,Combination,oracle,1.3,3.0,0.7885497208855956
noise,8.0,0,Combination,oracle,2.0,3.0,0.7885497208855956
noise,8.0,0,Combination,rule,0.0,6.9,1.0
noise,8.0,0,Combination,rule,0.2,5.2,1.0
noise,8.0,0,Combination,rule,0.4,4.9,1.0
noise,8.0,0,Combination,rule,0.6,4.9,1.0
noise,8.0,0,Combination,rule,0.9,4.9,1.0
noise,8.0,0,Combination,rule,1.3,4.9,1.0
noise,8.0,0,Combination,rule,2.0,4.9,1.0
noise,8.0,0,Combination,learned,0.0,6.9,1.0
noise,8.0,0,Combination,learned,0.2,4.2,0.9052116356304493
noise,8.0,0,Combination,learned,0.4,4.0,0.8200685179888283
noise,8.0,0,Combination,learned,0.6,4.1,0.7416702490101529
noise,8.0,0,Combination,learned,0.9,4.1,0.7264127302306636
noise,8.0,0,Combination,learned,1.3,4.1,0.67269340399873
noise,8.0,0,Combination,learned,2.0,3.7,0.6064391805443411
noise,8.0,0,Combination,hybrid,0.0,6.9,1.0
noise,8.0,0,Combination,hybrid,0.2,4.3,0.9052116356304493
noise,8.0,0,Combination,hybrid,0.4,4.2,0.8236998933965709
noise,8.0,0,Combination,hybrid,0.6,4.2,0.7315449642824575
noise,8.0,0,Combination,hybrid,0.9,4.2,0.6812060741152737
noise,8.0,0,Combination,hybrid,1.3,4.2,0.5847192329112587
noise,8.0,0,Combination,hybrid,2.0,4.2,0.5462574254588145
noise,8.0,0,Dry,oracle,0.0,13.4,1.0
noise,8.0,0,Dry,oracle,0.2,3.2,1.0
noise,8.0,0,Dry,oracle,0.4,3.0,1.0
noise,8.0,0,Dry,oracle,0.6,3.0,1.0
noise,8.0,0,Dry,oracle,0.9,3.0,1.0
noise,8.0,0,Dry,oracle,1.3,3.0,1.0
noise,8.0,0,Dry,oracle,2.0,3.0,1.0
noise,8.0,0,Dry,rule,0.0,13.4,1.0
noise,8.0,0,Dry,rule,0.2,6.0,0.7381919257729244
noise,8.0,0,Dry,rule,0.4,5.3,0.8115558478722845
noise,8.0,0,Dry,rule,0.6,5.3,0.8115558478722845
noise,8.0,0,Dry,rule,0.9,5.3,0.8115558478722845
noise,8.0,0,Dry,rule,1.3,5.3,0.8115558478722845
noise,8.0,0,Dry,rule,2.0,5.3,0.8115558478722845
noise,8.0,0,Dry,learned,0.0,13.4,1.0
noise,8.0,0,Dry,learned,0.2,4.2,0.8454256604216017
noise,8.0,0,Dry,learned,0.4,4.1,0.8200685179888283
noise,8.0,0,Dry,learned,0.6,4.3,0.8200685179888283
noise,8.0,0,Dry,learned,0.9,4.2,0.8200685179888283
noise,8.0,0,Dry,learned,1.3,4.3,0.8268133666517739
noise,8.0,0,Dry,learned,2.0,4.3,0.6870165078530993
noise,8.0,0,Dry,hybrid,0.0,13.4,1.0
noise,8.0,0,Dry,hybrid,0.2,4.5,0.8364586133797036
noise,8.0,0,Dry,hybrid,0.4,4.6,0.8268133666517739
noise,8.0,0,Dry,hybrid,0.6,4.6,0.8200685179888283
noise,8.0,0,Dry,hybrid,0.9,4.6,0.8200685179888283
noise,8.0,0,Dry,hybrid,1.3,4.6,0.8200685179888283
noise,8.0,0,Dry,hybrid,2.0,4.7,0.7411902110103872
noise,8.0,0,Normal,oracle,0.0,10.1,0.914856882358379
noise,8.0,0,Normal,oracle,0.2,3.0,0.8579809428223729
noise,8.0,0,Normal,oracle,0.4,3.0,0.8579809428223729
noise,8.0,0,Normal,oracle,0.6,3.0,0.8579809428223729
noise,8.0,0,Normal,oracle,0.9,3.0,0.8579809428223729
noise,8.0,0,Normal,oracle,1.3,3.0,0.8579809428223729
noise,8.0,0,Normal,oracle,2.0,3.0,0.8579809428223729
noise,8.0,0,Normal,rule,0.0,10.1,0.914856882358379
noise,8.0,0,Normal,rule,0.2,5.2,1.0
noise,8.0,0,Normal,rule,0.4,5.2,1.0
noise,8.0,0,Normal,rule,0.6,5.2,1.0
noise,8.0,0,Normal,rule,0.9,5.2,1.0
noise,8.0,0,Normal,rule,1.3,5.2,1.0
noise,8.0,0,Normal,rule,2.0,5.2,1.0
noise,8.0,0,Normal,learned,0.0,10.1,0.914856882358379
noise,8.0,0,Normal,learned,0.2,4.1,1.0
noise,8.0,0,Normal,learned,0.4,4.0,0.933745776545611
noise,8.0,0,Normal,learned,0.6,4.0,0.9052116356304493
noise,8.0,0,Normal,learned,0.9,4.1,0.9052116356304493
noise,8.0,0,Normal,learned,1.3,4.1,0.9052116356304493
noise,8.0,0,Normal,learned,2.0,4.1,0.9052116356304493
noise,8.0,0,Normal,hybrid,0.0,10.1,0.914856882358379
noise,8.0,0,Normal,hybrid,0.2,4.2,1.0
noise,8.0,0,Normal,hybrid,0.4,4.4,1.0
noise,8.0,0,Normal,hybrid,0.6,4.3,1.0
noise,8.0,0,Normal,hybrid,0.9,4.2,1.0
noise,8.0,0,Normal,hybrid,1.3,4.2,1.0
noise,8.0,0,Normal,hybrid,2.0,4.4,0.933745776545611
noise,8.0,0,Oily,oracle,0.0,9.0,0.7877736340270853
noise,8.0,0,Oily,oracle,0.2,3.1,0.7183627972686238
noise,8.0,0,Oily,oracle,0.4,3.0,0.7819835854675755
noise,8.0,0,Oily,oracle,0.6,3.0,0.7819835854675755
noise,8.0,0,Oily,oracle,0.9,3.0,0.7819835854675755
noise,8.0,0,Oily,oracle,1.3,3.0,0.7819835854675755
noise,8.0,0,Oily,oracle,2.0,3.0,0.7819835854675755
noise,8.0,0,Oily,rule,0.0,9.0,0.7877736340270853
noise,8.0,0,Oily,rule,0.2,4.8,0.6505132600483448
noise,8.0,0,Oily,rule,0.4,5.0,0.7167674835027338
noise,8.0,0,Oily,rule,0.6,5.0,0.7167674835027338
noise,8.0,0,Oily,rule,0.9,5.0,0.7167674835027338
noise,8.0,0,Oily,rule,1.3,5.0,0.7167674835027338
noise,8.0,0,Oily,rule,2.0,5.0,0.7167674835027338
noise,8.0,0,Oily,learned,0.0,9.0,0.7877736340270853
noise,8.0,0,Oily,learned,0.2,3.7,0.8701249883466594
noise,8.0,0,Oily,learned,0.4,3.6,0.9363792118010483
noise,8.0,0,Oily,learned,0.6,3.6,0.9363792118010483
noise,8.0,0,Oily,learned,0.9,3.6,0.9363792118010483
noise,8.0,0,Oily,learned,1.3,3.6,0.9363792118010483
noise,8.0,0,Oily,learned,2.0,3.7,0.9363792118010483
noise,8.0,0,Oily,hybrid,0.0,9.0,0.7877736340270853
noise,8.0,0,Oily,hybrid,0.2,3.9,0.7034066032439746
noise,8.0,0,Oily,hybrid,0.4,4.0,0.772837825180752
noise,8.0,0,Oily,hybrid,0.6,4.1,0.8364586133797036
noise,8.0,0,Oily,hybrid,0.9,4.0,0.7702043899253147
noise,8.0,0,Oily,hybrid,1.3,3.9,0.7702043899253147
noise,8.0,0,Oily,hybrid,2.0,4.0,0.7151857987862356
noise,8.0,0,Sensitive,oracle,0.0,11.1,0.9305687780632227
noise,8.0,0,Sensitive,oracle,0.2,3.8,0.9266360779006398
noise,8.0,0,Sensitive,oracle,0.4,3.4,0.8701249883466594
noise,8.0,0,Sensitive,oracle,0.6,3.2,0.866947989864271
noise,8.0,0,Sensitive,oracle,0.9,3.2,0.8603818544462509
noise,8.0,0,Sensitive,oracle,1.3,3.2,0.8572048559638626
noise,8.0,0,Sensitive,oracle,2.0,3.2,0.8572048559638626
noise,8.0,0,Sensitive,rule,0.0,11.1,0.9305687780632227
noise,8.0,0,Sensitive,rule,0.2,7.0,0.8048109992093389
noise,8.0,0,Sensitive,rule,0.4,6.4,0.7453016244178956
noise,8.0,0,Sensitive,rule,0.6,6.1,0.6745711375739727
noise,8.0,0,Sensitive,rule,0.9,6.1,0.6719377023185354
noise,8.0,0,Sensitive,rule,1.3,5.6,0.6122496142821666
noise,8.0,0,Sensitive,rule,2.0,5.6,0.6122496142821666
noise,8.0,0,Sensitive,learned,0.0,11.1,0.9305687780632227
noise,8.0,0,Sensitive,learned,0.2,4.1,0.9305687780632227
noise,8.0,0,Sensitive,learned,0.4,3.9,0.933745776545611
noise,8.0,0,Sensitive,learned,0.6,3.8,1.0
noise,8.0,0,Sensitive,learned,0.9,3.7,1.0
noise,8.0,0,Sensitive,learned,1.3,3.4,0.933745776545611
noise,8.0,0,Sensitive,learned,2.0,3.4,0.914856882358379
noise,8.0,0,Sensitive,hybrid,0.0,11.1,0.9305687780632227
noise,8.0,0,Sensitive,hybrid,0.2,5.1,0.8415908474314976
noise,8.0,0,Sensitive,hybrid,0.4,5.0,0.9052116356304493
noise,8.0,0,Sensitive,hybrid,0.6,4.7,0.835780413693672
noise,8.0,0,Sensitive,hybrid,0.9,4.7,0.84860265890399
noise,8.0,0,Sensitive,hybrid,1.3,4.3,0.7846170207230129
noise,8.0,0,Sensitive,hybrid,2.0,4.3,0.7682269253321374
noise,8.0,1,Combination,oracle,0.0,10.5,0.8899541168509599
noise,8.0,1,Combination,oracle,0.2,3.0,0.9363792118010483
noise,8.0,1,Combination,oracle,0.4,3.0,0.9363792118010483
noise,8.0,1,Combination,oracle,0.6,3.0,0.9363792118010483
noise,8.0,1,Combination,oracle,0.9,3.0,0.9363792118010483
noise,8.0,1,Combination,oracle,1.3,3.0,0.9363792118010483
noise,8.0,1,Combination,oracle,2.0,3.0,0.9363792118010483
noise,8.0,1,Combination,rule,0.0,10.5,0.8899541168509599
noise,8.0,1,Combination,rule,0.2,5.7,0.8200685179888283
noise,8.0,1,Combination,rule,0.4,5.7,0.8200685179888283
noise,8.0,1,Combination,rule,0.6,5.7,0.8200685179888283
noise,8.0,1,Combination,rule,0.9,5.7,0.8200685179888283
noise,8.0,1,Combination,rule,1.3,5.7,0.8200685179888283
noise,8.0,1,Combination,rule,2.0,5.7,0.8200685179888283
noise,8.0,1,Combination,learned,0.0,10.5,0.8899541168509599
noise,8.0,1,Combination,learned,0.2,3.6,1.0
noise,8.0,1,Combination,learned,0.4,3.9,1.0
noise,8.0,1,Combination,learned,0.6,3.9,1.0
noise,8.0,1,Combination,learned,0.9,3.9,1.0
noise,8.0,1,Combination,learned,1.3,3.6,0.9363792118010483
noise,8.0,1,Combination,learned,2.0,3.6,0.914856882358379
noise,8.0,1,Combination,hybrid,0.0,10.5,0.8899541168509599
noise,8.0,1,Combination,hybrid,0.2,4.4,1.0
noise,8.0,1,Combination,hybrid,0.4,4.3,1.0
noise,8.0,1,Combination,hybrid,0.6,4.3,1.0
noise,8.0,1,Combination,hybrid,0.9,4.3,1.0
noise,8.0,1,Combination,hybrid,1.3,4.3,1.0
noise,8.0,1,Combination,hybrid,2.0,4.0,1.0
noise,8.0,1,Dry,oracle,0.0,9.3,0.9216017310213245
noise,8.0,1,Dry,oracle,0.2,3.2,0.9305687780632227
noise,8.0,1,Dry,oracle,0.4,3.0,0.9266360779006398
noise,8.0,1,Dry,oracle,0.6,3.0,0.9266360779006398
noise,8.0,1,Dry,oracle,0.9,3.0,0.9266360779006398
noise,8.0,1,Dry,oracle,1.3,3.0,0.9266360779006398
noise,8.0,1,Dry,oracle,2.0,3.0,0.9266360779006398
noise,8.0,1,Dry,rule,0.0,9.3,0.9216017310213245
noise,8.0,1,Dry,rule,0.2,6.3,0.7162874455029681
noise,8.0,1,Dry,rule,0.4,6.3,0.7162874455029681
noise,8.0,1,Dry,rule,0.6,6.3,0.7162874455029681
noise,8.0,1,Dry,rule,0.9,6.4,0.7136540102475308
noise,8.0,1,Dry,rule,1.3,6.4,0.7136540102475308
noise,8.0,1,Dry,rule,2.0,6.4,0.7136540102475308
noise,8.0,1,Dry,learned,0.0,9.3,0.9216017310213245
noise,8.0,1,Dry,learned,0.2,4.3,0.7909506325094736
noise,8.0,1,Dry,learned,0.4,3.8,0.8268133666517739
noise,8.0,1,Dry,learned,0.6,4.1,0.8200685179888283
noise,8.0,1,Dry,learned,0.9,4.1,0.8115558478722845
noise,8.0,1,Dry,learned,1.3,4.1,0.8165901947515998
noise,8.0,1,Dry,learned,2.0,4.1,0.8165901947515998
noise,8.0,1,Dry,hybrid,0.0,9.3,0.9216017310213245
noise,8.0,1,Dry,hybrid,0.2,4.6,0.8263333286520083
noise,8.0,1,Dry,hybrid,0.4,4.6,0.8236998933965709
noise,8.0,1,Dry,hybrid,0.6,4.2,0.8899541168509599
noise,8.0,1,Dry,hybrid,0.9,4.2,0.9052116356304493
noise,8.0,1,Dry,hybrid,1.3,4.2,0.9052116356304493
noise,8.0,1,Dry,hybrid,2.0,4.2,0.914856882358379
noise,8.0,1,Normal,oracle,0.0,8.6,0.7799082337019198
noise,8.0,1,Normal,oracle,0.2,3.0,0.8579809428223729
noise,8.0,1,Normal,oracle,0.4,3.0,0.8579809428223729
noise,8.0,1,Normal,oracle,0.6,3.0,0.8579809428223729
noise,8.0,1,Normal,oracle,0.9,3.0,0.8579809428223729
noise,8.0,1,Normal,oracle,1.3,3.0,0.8579809428223729
noise,8.0,1,Normal,oracle,2.0,3.0,0.8579809428223729
noise,8.0,1,Normal,rule,0.0,8.6,0.7799082337019198
noise,8.0,1,Normal,rule,0.2,4.6,0.7264127302306636
noise,8.0,1,Normal,rule,0.4,4.6,0.7264127302306636
noise,8.0,1,Normal,rule,0.6,4.6,0.7264127302306636
noise,8.0,1,Normal,rule,0.9,4.6,0.7264127302306636
noise,8.0,1,Normal,rule,1.3,4.6,0.7264127302306636
noise,8.0,1,Normal,rule,2.0,4.6,0.7264127302306636
noise,8.0,1,Normal,learned,0.0,8.6,0.7799082337019198
noise,8.0,1,Normal,learned,0.2,3.4,0.9216017310213245
noise,8.0,1,Normal,learned,0.4,3.4,0.9216017310213245
noise,8.0,1,Normal,learned,0.6,3.4,0.9216017310213245
noise,8.0,1,Normal,learned,0.9,3.7,0.8482378089219645
noise,8.0,1,Normal,learned,1.3,4.0,0.793584067764911
noise,8.0,1,Normal,learned,2.0,4.0,0.7655934900767002
noise,8.0,1,Normal,hybrid,0.0,8.6,0.7799082337019198
noise,8.0,1,Normal,hybrid,0.2,3.9,0.866947989864271
noise,8.0,1,Normal,hybrid,0.4,4.0,0.933745776545611
noise,8.0,1,Normal,hybrid,0.6,4.0,1.0
noise,8.0,1,Normal,hybrid,0.9,3.9,1.0
noise,8.0,1,Normal,hybrid,1.3,3.9,1.0
noise,8.0,1,Normal,hybrid,2.0,4.0,1.0
noise,8.0,1,Oily,oracle,0.0,11.0,0.8630152897016883
noise,8.0,1,Oily,oracle,0.2,3.3,0.7951657524814092
noise,8.0,1,Oily,oracle,0.4,3.1,0.6906478832608419
noise,8.0,1,Oily,oracle,0.6,3.0,0.6906478832608419
noise,8.0,1,Oily,oracle,0.9,3.0,0.6906478832608419
noise,8.0,1,Oily,oracle,1.3,3.0,0.6906478832608419
noise,8.0,1,Oily,oracle,2.0,3.0,0.6906478832608419
noise,8.0,1,Oily,rule,0.0,11.0,0.8630152897016883
noise,8.0,1,Oily,rule,0.2,7.1,0.7917063341896682
noise,8.0,1,Oily,rule,0.4,7.9,0.7877736340270853
noise,8.0,1,Oily,rule,0.6,7.9,0.7877736340270853
noise,8.0,1,Oily,rule,0.9,7.7,0.7241528458281337
noise,8.0,1,Oily,rule,1.3,7.7,0.7241528458281337
noise,8.0,1,Oily,rule,2.0,7.7,0.7215194105726964
noise,8.0,1,Oily,learned,0.0,11.0,0.8630152897016883
noise,8.0,1,Oily,learned,0.2,4.1,0.8512360941594274
noise,8.0,1,Oily,learned,0.4,4.0,0.9305687780632227
noise,8.0,1,Oily,learned,0.6,3.9,0.866947989864271
noise,8.0,1,Oily,learned,0.9,3.9,0.8415908474314976
noise,8.0,1,Oily,learned,1.3,3.4,0.8263333286520083
noise,8.0,1,Oily,learned,2.0,3.4,0.8165901947515998
noise,8.0,1,Oily,hybrid,0.0,11.0,0.8630152897016883
noise,8.0,1,Oily,hybrid,0.2,5.1,0.7663491917568948
noise,8.0,1,Oily,hybrid,0.4,4.7,0.7411902110103872
noise,8.0,1,Oily,hybrid,0.6,4.7,0.8200685179888283
noise,8.0,1,Oily,hybrid,0.9,4.3,0.7778721720600672
noise,8.0,1,Oily,hybrid,1.3,4.5,0.8414929602590189
noise,8.0,1,Oily,hybrid,2.0,4.4,0.715550648768261
noise,8.0,1,Sensitive,oracle,0.0,11.0,0.7917063341896682
noise,8.0,1,Sensitive,oracle,0.2,3.4,1.0
noise,8.0,1,Sensitive,oracle,0.4,3.4,1.0
noise,8.0,1,Sensitive,oracle,0.6,3.3,1.0
noise,8.0,1,Sensitive,oracle,0.9,3.2,1.0
noise,8.0,1,Sensitive,oracle,1.3,3.1,1.0
noise,8.0,1,Sensitive,oracle,2.0,3.0,1.0
noise,8.0,1,Sensitive,rule,0.0,11.0,0.7917063341896682
noise,8.0,1,Sensitive,rule,0.2,7.2,0.7136540102475308
noise,8.0,1,Sensitive,rule,0.4,6.4,0.7162874455029681
noise,8.0,1,Sensitive,rule,0.6,6.4,0.7162874455029681
noise,8.0,1,Sensitive,rule,0.9,6.4,0.7162874455029681
noise,8.0,1,Sensitive,rule,1.3,6.4,0.7162874455029681
noise,8.0,1,Sensitive,rule,2.0,6.4,0.7162874455029681
noise,8.0,1,Sensitive,learned,0.0,11.0,0.7917063341896682
noise,8.0,1,Sensitive,learned,0.2,4.1,0.9363792118010483
noise,8.0,1,Sensitive,learned,0.4,3.6,1.0
noise,8.0,1,Sensitive,learned,0.6,3.4,1.0
noise,8.0,1,Sensitive,learned,0.9,3.4,1.0
noise,8.0,1,Sensitive,learned,1.3,3.7,0.9305687780632227
noise,8.0,1,Sensitive,learned,2.0,3.7,0.9216017310213245
noise,8.0,1,Sensitive,hybrid,0.0,11.0,0.7917063341896682
noise,8.0,1,Sensitive,hybrid,0.2,4.7,0.9266360779006398
noise,8.0,1,Sensitive,hybrid,0.4,4.5,0.8414929602590189
noise,8.0,1,Sensitive,hybrid,0.6,4.5,0.8482378089219645
noise,8.0,1,Sensitive,hybrid,0.9,4.2,0.8482378089219645
noise,8.0,1,Sensitive,hybrid,1.3,4.2,0.8454256604216017
noise,8.0,1,Sensitive,hybrid,2.0,4.2,0.8521705090845473
noise,8.0,2,Combination,oracle,0.0,13.2,0.933745776545611
noise,8.0,2,Combination,oracle,0.2,3.0,0.7778721720600672
noise,8.0,2,Combination,oracle,0.4,3.0,0.7778721720600672
noise,8.0,2,Combination,oracle,0.6,3.0,0.7778721720600672
noise,8.0,2,Combination,oracle,0.9,3.0,0.7778721720600672
noise,8.0,2,Combination,oracle,1.3,3.0,0.7778721720600672
noise,8.0,2,Combination,oracle,2.0,3.0,0.7778721720600672
noise,8.0,2,Combination,rule,0.0,13.2,0.933745776545611
noise,8.0,2,Combination,rule,0.2,6.2,0.7885497208855956
noise,8.0,2,Combination,rule,0.4,6.2,0.7885497208855956
noise,8.0,2,Combination,rule,0.6,6.2,0.7885497208855956
noise,8.0,2,Combination,rule,0.9,6.2,0.7885497208855956
noise,8.0,2,Combination,rule,1.3,6.2,0.7885497208855956
noise,8.0,2,Combination,rule,2.0,6.2,0.7885497208855956
noise,8.0,2,Combination,learned,0.0,13.2,0.933745776545611
noise,8.0,2,Combination,learned,0.2,3.6,0.914856882358379
noise,8.0,2,Combination,learned,0.4,3.6,0.914856882358379
noise,8.0,2,Combination,learned,0.6,3.6,0.8414929602590189
noise,8.0,2,Combination,learned,0.9,3.6,0.8414929602590189
noise,8.0,2,Combination,learned,1.3,3.2,0.8414929602590189
noise,8.0,2,Combination,learned,2.0,3.4,0.8414929602590189
noise,8.0,2,Combination,hybrid,0.0,13.2,0.933745776545611
noise,8.0,2,Combination,hybrid,0.2,3.5,0.7975167679274938
noise,8.0,2,Combination,hybrid,0.4,3.4,0.9052116356304493
noise,8.0,2,Combination,hybrid,0.6,3.3,0.8389574121760602
noise,8.0,2,Combination,hybrid,0.9,3.3,0.8389574121760602
noise,8.0,2,Combination,hybrid,1.3,3.2,0.8415908474314976
noise,8.0,2,Combination,hybrid,2.0,3.2,0.8415908474314976
noise,8.0,2,Dry,oracle,0.0,10.9,0.9305687780632227
noise,8.0,2,Dry,oracle,0.2,3.6,0.8611375561264455
noise,8.0,2,Dry,oracle,0.4,3.4,0.7827392871477701
noise,8.0,2,Dry,oracle,0.6,3.3,0.70937536504841
noise,8.0,2,Dry,oracle,0.9,3.1,0.70937536504841
noise,8.0,2,Dry,oracle,1.3,3.1,0.70937536504841
noise,8.0,2,Dry,oracle,2.0,3.0,0.70937536504841
noise,8.0,2,Dry,rule,0.0,10.9,0.9305687780632227
noise,8.0,2,Dry,rule,0.2,7.9,0.7471589728148225
noise,8.0,2,Dry,rule,0.4,7.9,0.7503359712972109
noise,8.0,2,Dry,rule,0.6,7.9,0.7529694065526481
noise,8.0,2,Dry,rule,0.9,7.5,0.8165901947515998
noise,8.0,2,Dry,rule,1.3,7.5,0.8165901947515998
noise,8.0,2,Dry,rule,2.0,7.5,0.8165901947515998
noise,8.0,2,Dry,learned,0.0,10.9,0.9305687780632227
noise,8.0,2,Dry,learned,0.2,3.8,0.8899541168509599
noise,8.0,2,Dry,learned,0.4,3.8,0.835780413693672
noise,8.0,2,Dry,learned,0.6,3.7,0.8389574121760602
noise,8.0,2,Dry,learned,0.9,3.8,0.8630152897016883
noise,8.0,2,Dry,learned,1.3,3.8,0.866947989864271
noise,8.0,2,Dry,learned,2.0,3.8,0.9305687780632227
noise,8.0,2,Dry,hybrid,0.0,10.9,0.9305687780632227
noise,8.0,2,Dry,hybrid,0.2,4.3,0.7791714369672127
noise,8.0,2,Dry,hybrid,0.4,4.0,0.7381919257729244
noise,8.0,2,Dry,hybrid,0.6,4.1,0.7471589728148225
noise,8.0,2,Dry,hybrid,0.9,4.0,0.756902106715231
noise,8.0,2,Dry,hybrid,1.3,3.8,0.8236998933965709
noise,8.0,2,Dry,hybrid,2.0,3.6,0.8318477135310891
noise,8.0,2,Normal,oracle,0.0,10.6,0.9266360779006398
noise,8.0,2,Normal,oracle,0.2,3.2,0.6947651160602988
noise,8.0,2,Normal,oracle,0.4,3.0,0.6947651160602988
noise,8.0,2,Normal,oracle,0.6,3.0,0.6947651160602988
noise,8.0,2,Normal,oracle,0.9,3.0,0.6947651160602988
noise,8.0,2,Normal,oracle,1.3,3.0,0.6947651160602988
noise,8.0,2,Normal,oracle,2.0,3.0,0.6947651160602988
noise,8.0,2,Normal,rule,0.0,10.6,0.9266360779006398
noise,8.0,2,Normal,rule,0.2,7.1,0.7529694065526481
noise,8.0,2,Normal,rule,0.4,6.8,0.8165901947515998
noise,8.0,2,Normal,rule,0.6,6.8,0.8165901947515998
noise,8.0,2,Normal,rule,0.9,6.8,0.8165901947515998
noise,8.0,2,Normal,rule,1.3,6.8,0.8165901947515998
noise,8.0,2,Normal,rule,2.0,6.8,0.8165901947515998
noise,8.0,2,Normal,learned,0.0,10.6,0.9266360779006398
noise,8.0,2,Normal,learned,0.2,4.0,0.9216017310213245
noise,8.0,2,Normal,learned,0.4,3.8,0.9305687780632227
noise,8.0,2,Normal,learned,0.6,3.8,1.0
noise,8.0,2,Normal,learned,0.9,3.9,1.0
noise,8.0,2,Normal,learned,1.3,3.9,1.0
noise,8.0,2,Normal,learned,2.0,3.8,1.0
noise,8.0,2,Normal,hybrid,0.0,10.6,0.9266360779006398
noise,8.0,2,Normal,hybrid,0.2,4.0,0.933745776545611
noise,8.0,2,Normal,hybrid,0.4,3.9,1.0
noise,8.0,2,Normal,hybrid,0.6,3.9,1.0
noise,8.0,2,Normal,hybrid,0.9,3.9,1.0
noise,8.0,2,Normal,hybrid,1.3,4.0,0.9363792118010483
noise,8.0,2,Normal,hybrid,2.0,4.0,0.933745776545611
noise,8.0,2,Oily,oracle,0.0,10.7,0.7917063341896682
noise,8.0,2,Oily,oracle,0.2,3.2,0.791726719367984
noise,8.0,2,Oily,oracle,0.4,3.1,0.8553475075669357
noise,8.0,2,Oily,oracle,0.6,3.0,0.9216017310213245
noise,8.0,2,Oily,oracle,0.9,3.0,0.9216017310213245
noise,8.0,2,Oily,oracle,1.3,3.0,0.9216017310213245
noise,8.0,2,Oily,oracle,2.0,3.0,0.9216017310213245
noise,8.0,2,Oily,rule,0.0,10.7,0.7917063341896682
noise,8.0,2,Oily,rule,0.2,6.5,0.7254521107352793
noise,8.0,2,Oily,rule,0.4,6.5,0.718342412090308
noise,8.0,2,Oily,rule,0.6,6.5,0.718342412090308
noise,8.0,2,Oily,rule,0.9,6.3,0.718342412090308
noise,8.0,2,Oily,rule,1.3,6.3,0.718342412090308
noise,8.0,2,Oily,rule,2.0,6.3,0.718342412090308
noise,8.0,2,Oily,learned,0.0,10.7,0.7917063341896682
noise,8.0,2,Oily,learned,0.2,3.8,0.8603818544462509
noise,8.0,2,Oily,learned,0.4,4.1,0.914856882358379
noise,8.0,2,Oily,learned,0.6,4.1,0.9266360779006398
noise,8.0,2,Oily,learned,0.9,3.7,0.9266360779006398
noise,8.0,2,Oily,learned,1.3,3.7,0.933745776545611
noise,8.0,2,Oily,learned,2.0,3.7,0.933745776545611
noise,8.0,2,Oily,hybrid,0.0,10.7,0.7917063341896682
noise,8.0,2,Oily,hybrid,0.2,4.1,0.6177639991612475
noise,8.0,2,Oily,hybrid,0.4,3.5,0.7846170207230129
noise,8.0,2,Oily,hybrid,0.6,3.4,0.8482378089219645
noise,8.0,2,Oily,hybrid,0.9,3.4,0.8572048559638626
noise,8.0,2,Oily,hybrid,1.3,3.4,0.8521705090845473
noise,8.0,2,Oily,hybrid,2.0,3.4,0.8521705090845473
noise,8.0,2,Sensitive,oracle,0.0,8.1,0.7948833326720566
noise,8.0,2,Sensitive,oracle,0.2,3.3,0.9266360779006398
noise,8.0,2,Sensitive,oracle,0.4,3.1,0.8630152897016883
noise,8.0,2,Sensitive,oracle,0.6,3.0,0.7967610662472993
noise,8.0,2,Sensitive,oracle,0.9,3.0,0.7967610662472993
noise,8.0,2,Sensitive,oracle,1.3,3.0,0.7967610662472993
noise,8.0,2,Sensitive,oracle,2.0,3.0,0.7967610662472993
noise,8.0,2,Sensitive,rule,0.0,8.1,0.7948833326720566
noise,8.0,2,Sensitive,rule,0.2,6.7,0.7720617383222416
noise,8.0,2,Sensitive,rule,0.4,5.9,0.706583601726363
noise,8.0,2,Sensitive,rule,0.6,6.5,0.7670273914429263
noise,8.0,2,Sensitive,rule,0.9,6.9,0.7034066032439746
noise,8.0,2,Sensitive,rule,1.3,6.9,0.7007731679885374
noise,8.0,2,Sensitive,rule,2.0,6.7,0.7007731679885374
noise,8.0,2,Sensitive,learned,0.0,8.1,0.7948833326720566
noise,8.0,2,Sensitive,learned,0.2,3.5,0.9305687780632227
noise,8.0,2,Sensitive,learned,0.4,3.5,0.9216017310213245
noise,8.0,2,Sensitive,learned,0.6,3.4,0.914856882358379
noise,8.0,2,Sensitive,learned,0.9,3.4,0.914856882358379
noise,8.0,2,Sensitive,learned,1.3,3.5,0.914856882358379
noise,8.0,2,Sensitive,learned,2.0,3.6,0.9052116356304493
noise,8.0,2,Sensitive,hybrid,0.0,8.1,0.7948833326720566
noise,8.0,2,Sensitive,hybrid,0.2,4.3,0.8899541168509599
noise,8.0,2,Sensitive,hybrid,0.4,4.1,0.7721596254947203
noise,8.0,2,Sensitive,hybrid,0.6,3.9,0.8364586133797036
noise,8.0,2,Sensitive,hybrid,0.9,3.8,0.8521705090845473
noise,8.0,2,Sensitive,hybrid,1.3,3.8,0.8603818544462509
noise,8.0,2,Sensitive,hybrid,2.0,3.6,0.791726719367984
noise,8.0,3,Combination,oracle,0.0,9.4,0.835780413693672
noise,8.0,3,Combination,oracle,0.2,3.0,1.0
noise,8.0,3,Combination,oracle,0.4,3.0,1.0
noise,8.0,3,Combination,oracle,0.6,3.0,1.0
noise,8.0,3,Combination,oracle,0.9,3.0,1.0
noise,8.0,3,Combination,oracle,1.3,3.0,1.0
noise,8.0,3,Combination,oracle,2.0,3.0,1.0
noise,8.0,3,Combination,rule,0.0,9.4,0.835780413693672
noise,8.0,3,Combination,rule,0.2,5.1,0.7799082337019198
noise,8.0,3,Combination,rule,0.4,5.1,0.7799082337019198
noise,8.0,3,Combination,rule,0.6,5.1,0.7799082337019198
noise,8.0,3,Combination,rule,0.9,5.1,0.7799082337019198
noise,8.0,3,Combination,rule,1.3,5.1,0.7799082337019198
noise,8.0,3,Combination,rule,2.0,5.1,0.7799082337019198
noise,8.0,3,Combination,learned,0.0,9.4,0.835780413693672
noise,8.0,3,Combination,learned,0.2,3.7,1.0
noise,8.0,3,Combination,learned,0.4,3.9,1.0
noise,8.0,3,Combination,learned,0.6,3.9,1.0
noise,8.0,3,Combination,learned,0.9,3.9,1.0
noise,8.0,3,Combination,learned,1.3,3.9,0.9216017310213245
noise,8.0,3,Combination,learned,2.0,4.1,0.7788065869851872
noise,8.0,3,Combination,hybrid,0.0,9.4,0.835780413693672
noise,8.0,3,Combination,hybrid,0.2,3.4,1.0
noise,8.0,3,Combination,hybrid,0.4,3.4,1.0
noise,8.0,3,Combination,hybrid,0.6,3.4,1.0
noise,8.0,3,Combination,hybrid,0.9,3.4,1.0
noise,8.0,3,Combination,hybrid,1.3,3.4,0.9363792118010483
noise,8.0,3,Combination,hybrid,2.0,3.4,0.9052116356304493
noise,8.0,3,Dry,oracle,0.0,9.4,0.6163668470816234
noise,8.0,3,Dry,oracle,0.2,3.5,0.8899541168509599
noise,8.0,3,Dry,oracle,0.4,3.3,0.8115558478722845
noise,8.0,3,Dry,oracle,0.6,3.3,0.8115558478722845
noise,8.0,3,Dry,oracle,0.9,3.1,0.8115558478722845
noise,8.0,3,Dry,oracle,1.3,3.0,0.7479350596733328
noise,8.0,3,Dry,oracle,2.0,3.0,0.7479350596733328
noise,8.0,3,Dry,rule,0.0,9.4,0.6163668470816234
noise,8.0,3,Dry,rule,0.2,5.6,0.685119869332369
noise,8.0,3,Dry,rule,0.4,4.8,0.685119869332369
noise,8.0,3,Dry,rule,0.6,4.8,0.685119869332369
noise,8.0,3,Dry,rule,0.9,4.8,0.685119869332369
noise,8.0,3,Dry,rule,1.3,4.8,0.685119869332369
noise,8.0,3,Dry,rule,2.0,4.8,0.685119869332369
noise,8.0,3,Dry,learned,0.0,9.4,0.6163668470816234
noise,8.0,3,Dry,learned,0.2,4.0,0.8899541168509599
noise,8.0,3,Dry,learned,0.4,4.0,0.8611375561264455
noise,8.0,3,Dry,learned,0.6,4.0,0.8611375561264455
noise,8.0,3,Dry,learned,0.9,4.0,0.8611375561264455
noise,8.0,3,Dry,learned,1.3,4.0,0.7799082337019198
noise,8.0,3,Dry,learned,2.0,4.0,0.8611375561264455
noise,8.0,3,Dry,hybrid,0.0,9.4,0.6163668470816234
noise,8.0,3,Dry,hybrid,0.2,3.9,0.7753366239771086
noise,8.0,3,Dry,hybrid,0.4,3.8,0.8899541168509599
noise,8.0,3,Dry,hybrid,0.6,3.8,0.8899541168509599
noise,8.0,3,Dry,hybrid,0.9,3.7,0.8899541168509599
noise,8.0,3,Dry,hybrid,1.3,3.6,0.8899541168509599
noise,8.0,3,Dry,hybrid,2.0,3.6,0.9052116356304493
noise,8.0,3,Normal,oracle,0.0,8.0,0.8611375561264455
noise,8.0,3,Normal,oracle,0.2,3.0,0.84860265890399
noise,8.0,3,Normal,oracle,0.4,3.0,0.84860265890399
noise,8.0,3,Normal,oracle,0.6,3.0,0.84860265890399
noise,8.0,3,Normal,oracle,0.9,3.0,0.84860265890399
noise,8.0,3,Normal,oracle,1.3,3.0,0.84860265890399
noise,8.0,3,Normal,oracle,2.0,3.0,0.84860265890399
noise,8.0,3,Normal,rule,0.0,8.0,0.8611375561264455
noise,8.0,3,Normal,rule,0.2,5.4,0.933745776545611
noise,8.0,3,Normal,rule,0.4,5.4,0.933745776545611
noise,8.0,3,Normal,rule,0.6,5.4,0.933745776545611
noise,8.0,3,Normal,rule,0.9,5.4,0.933745776545611
noise,8.0,3,Normal,rule,1.3,5.4,0.933745776545611
noise,8.0,3,Normal,rule,2.0,5.4,0.933745776545611
noise,8.0,3,Normal,learned,0.0,8.0,0.8611375561264455
noise,8.0,3,Normal,learned,0.2,3.8,0.9363792118010483
noise,8.0,3,Normal,learned,0.4,3.9,0.8572048559638626
noise,8.0,3,Normal,learned,0.6,3.9,0.8414929602590189
noise,8.0,3,Normal,learned,0.9,3.9,0.7631925784528222
noise,8.0,3,Normal,learned,1.3,3.9,0.7573821447149965
noise,8.0,3,Normal,learned,2.0,4.2,0.7026305163854644
noise,8.0,3,Normal,hybrid,0.0,8.0,0.8611375561264455
noise,8.0,3,Normal,hybrid,0.2,3.5,1.0
noise,8.0,3,Normal,hybrid,0.4,3.5,0.9266360779006398
noise,8.0,3,Normal,hybrid,0.6,3.5,0.9216017310213245
noise,8.0,3,Normal,hybrid,0.9,3.6,0.8512360941594274
noise,8.0,3,Normal,hybrid,1.3,3.5,0.835780413693672
noise,8.0,3,Normal,hybrid,2.0,3.5,0.8268133666517739
noise,8.0,3,Oily,oracle,0.0,8.7,0.8268133666517739
noise,8.0,3,Oily,oracle,0.2,3.1,0.6500332220485792
noise,8.0,3,Oily,oracle,0.4,3.0,0.6500332220485792
noise,8.0,3,Oily,oracle,0.6,3.0,0.6500332220485792
noise,8.0,3,Oily,oracle,0.9,3.0,0.6500332220485792
noise,8.0,3,Oily,oracle,1.3,3.0,0.6500332220485792
noise,8.0,3,Oily,oracle,2.0,3.0,0.6500332220485792
noise,8.0,3,Oily,rule,0.0,8.7,0.8268133666517739
noise,8.0,3,Oily,rule,0.2,4.5,0.8579809428223729
noise,8.0,3,Oily,rule,0.4,4.1,0.8643145546088338
noise,8.0,3,Oily,rule,0.6,4.1,0.8643145546088338
noise,8.0,3,Oily,rule,0.9,4.1,0.8643145546088338
noise,8.0,3,Oily,rule,1.3,4.1,0.8643145546088338
noise,8.0,3,Oily,rule,2.0,4.1,0.8643145546088338
noise,8.0,3,Oily,learned,0.0,8.7,0.8268133666517739
noise,8.0,3,Oily,learned,0.2,3.3,0.9363792118010483
noise,8.0,3,Oily,learned,0.4,3.5,1.0
noise,8.0,3,Oily,learned,0.6,3.6,0.9363792118010483
noise,8.0,3,Oily,learned,0.9,3.6,0.914856882358379
noise,8.0,3,Oily,learned,1.3,3.7,0.835780413693672
noise,8.0,3,Oily,learned,2.0,3.7,0.8268133666517739
noise,8.0,3,Oily,hybrid,0.0,8.7,0.8268133666517739
noise,8.0,3,Oily,hybrid,0.2,3.5,0.933745776545611
noise,8.0,3,Oily,hybrid,0.4,3.2,1.0
noise,8.0,3,Oily,hybrid,0.6,3.2,1.0
noise,8.0,3,Oily,hybrid,0.9,3.3,0.9363792118010483
noise,8.0,3,Oily,hybrid,1.3,3.4,0.8630152897016883
noise,8.0,3,Oily,hybrid,2.0,3.4,0.835780413693672
noise,8.0,3,Sensitive,oracle,0.0,8.1,0.9216017310213245
noise,8.0,3,Sensitive,oracle,0.2,3.3,1.0
noise,8.0,3,Sensitive,oracle,0.4,3.2,0.933745776545611
noise,8.0,3,Sensitive,oracle,0.6,3.2,0.9305687780632227
noise,8.0,3,Sensitive,oracle,0.9,3.2,0.9305687780632227
noise,8.0,3,Sensitive,oracle,1.3,3.1,0.9305687780632227
noise,8.0,3,Sensitive,oracle,2.0,3.0,0.866947989864271
noise,8.0,3,Sensitive,rule,0.0,8.1,0.9216017310213245
noise,8.0,3,Sensitive,rule,0.2,4.3,0.9363792118010483
noise,8.0,3,Sensitive,rule,0.4,4.5,0.933745776545611
noise,8.0,3,Sensitive,rule,0.6,4.5,0.9305687780632227
noise,8.0,3,Sensitive,rule,0.9,4.5,0.9305687780632227
noise,8.0,3,Sensitive,rule,1.3,4.6,0.9305687780632227
noise,8.0,3,Sensitive,rule,2.0,4.6,0.9305687780632227
noise,8.0,3,Sensitive,learned,0.0,8.1,0.9216017310213245
noise,8.0,3,Sensitive,learned,0.2,3.8,0.9363792118010483
noise,8.0,3,Sensitive,learned,0.4,3.9,1.0
noise,8.0,3,Sensitive,learned,0.6,3.9,1.0
noise,8.0,3,Sensitive,learned,0.9,3.9,1.0
noise,8.0,3,Sensitive,learned,1.3,3.5,1.0
noise,8.0,3,Sensitive,learned,2.0,3.5,1.0
noise,8.0,3,Sensitive,hybrid,0.0,8.1,0.9216017310213245
noise,8.0,3,Sensitive,hybrid,0.2,3.8,0.933745776545611
noise,8.0,3,Sensitive,hybrid,0.4,3.9,0.9363792118010483
noise,8.0,3,Sensitive,hybrid,0.6,3.9,0.9363792118010483
noise,8.0,3,Sensitive,hybrid,0.9,3.9,0.933745776545611
noise,8.0,3,Sensitive,hybrid,1.3,3.7,1.0
noise,8.0,3,Sensitive,hybrid,2.0,3.5,1.0
noise,8.0,4,Combination,oracle,0.0,8.9,0.7191184989488184
noise,8.0,4,Combination,oracle,0.2,3.0,0.7720617383222416
noise,8.0,4,Combination,oracle,0.4,3.0,0.7720617383222416
noise,8.0,4,Combination,oracle,0.6,3.0,0.7720617383222416
noise,8.0,4,Combination,oracle,0.9,3.0,0.7720617383222416
noise,8.0,4,Combination,oracle,1.3,3.0,0.7720617383222416
noise,8.0,4,Combination,oracle,2.0,3.0,0.7720617383222416
noise,8.0,4,Combination,rule,0.0,8.9,0.7191184989488184
noise,8.0,4,Combination,rule,0.2,4.8,0.7059054020403313
noise,8.0,4,Combination,rule,0.4,4.8,0.7059054020403313
noise,8.0,4,Combination,rule,0.6,4.8,0.7059054020403313
noise,8.0,4,Combination,rule,0.9,4.8,0.7059054020403313
noise,8.0,4,Combination,rule,1.3,4.8,0.7059054020403313
noise,8.0,4,Combination,rule,2.0,4.8,0.7059054020403313
noise,8.0,4,Combination,learned,0.0,8.9,0.7191184989488184
noise,8.0,4,Combination,learned,0.2,3.8,0.7542686714597936
noise,8.0,4,Combination,learned,0.4,4.0,0.8048109992093389
noise,8.0,4,Combination,learned,0.6,4.1,0.7759944384848245
noise,8.0,4,Combination,learned,0.9,4.2,0.7759944384848245
noise,8.0,4,Combination,learned,1.3,4.2,0.7827392871477701
noise,8.0,4,Combination,learned,2.0,4.1,0.7827392871477701
noise,8.0,4,Combination,hybrid,0.0,8.9,0.7191184989488184
noise,8.0,4,Combination,hybrid,0.2,3.6,0.8048109992093389
noise,8.0,4,Combination,hybrid,0.4,3.5,0.7663491917568948
noise,8.0,4,Combination,hybrid,0.6,3.5,0.7759944384848245
noise,8.0,4,Combination,hybrid,0.9,3.5,0.7827392871477701
noise,8.0,4,Combination,hybrid,1.3,3.4,0.7827392871477701
noise,8.0,4,Combination,hybrid,2.0,3.4,0.7877736340270853
noise,8.0,4,Dry,oracle,0.0,11.6,1.0
noise,8.0,4,Dry,oracle,0.2,3.3,0.7967610662472993
noise,8.0,4,Dry,oracle,0.4,3.0,0.8630152897016883
noise,8.0,4,Dry,oracle,0.6,3.0,0.8630152897016883
noise,8.0,4,Dry,oracle,0.9,3.0,0.8630152897016883
noise,8.0,4,Dry,oracle,1.3,3.0,0.8630152897016883
noise,8.0,4,Dry,oracle,2.0,3.0,0.8630152897016883
noise,8.0,4,Dry,rule,0.0,11.6,1.0
noise,8.0,4,Dry,rule,0.2,5.5,0.9363792118010483
noise,8.0,4,Dry,rule,0.4,5.5,0.9363792118010483
noise,8.0,4,Dry,rule,0.6,5.5,0.9363792118010483
noise,8.0,4,Dry,rule,0.9,5.5,0.9363792118010483
noise,8.0,4,Dry,rule,1.3,5.5,0.9363792118010483
noise,8.0,4,Dry,rule,2.0,5.5,0.9363792118010483
noise,8.0,4,Dry,learned,0.0,11.6,1.0
noise,8.0,4,Dry,learned,0.2,3.3,0.933745776545611
noise,8.0,4,Dry,learned,0.4,3.4,0.933745776545611
noise,8.0,4,Dry,learned,0.6,3.8,0.8899541168509599
noise,8.0,4,Dry,learned,0.9,3.8,0.8899541168509599
noise,8.0,4,Dry,learned,1.3,3.8,0.8899541168509599
noise,8.0,4,Dry,learned,2.0,3.9,0.8899541168509599
noise,8.0,4,Dry,hybrid,0.0,11.6,1.0
noise,8.0,4,Dry,hybrid,0.2,3.5,0.7564477297898765
noise,8.0,4,Dry,hybrid,0.4,3.5,0.8200685179888283
noise,8.0,4,Dry,hybrid,0.6,3.4,0.8200685179888283
noise,8.0,4,Dry,hybrid,0.9,3.5,0.6311443278613471
noise,8.0,4,Dry,hybrid,1.3,3.5,0.6311443278613471
noise,8.0,4,Dry,hybrid,2.0,3.5,0.6352557412688554
noise,8.0,4,Normal,oracle,0.0,8.4,0.4800032020044256
noise,8.0,4,Normal,oracle,0.2,3.0,1.0
noise,8.0,4,Normal,oracle,0.4,3.0,1.0
noise,8.0,4,Normal,oracle,0.6,3.0,1.0
noise,8.0,4,Normal,oracle,0.9,3.0,1.0
noise,8.0,4,Normal,oracle,1.3,3.0,1.0
noise,8.0,4,Normal,oracle,2.0,3.0,1.0
noise,8.0,4,Normal,rule,0.0,8.4,0.4800032020044256
noise,8.0,4,Normal,rule,0.2,6.5,0.6188656458779801
noise,8.0,4,Normal,rule,0.4,6.5,0.6188656458779801
noise,8.0,4,Normal,rule,0.6,6.5,0.6188656458779801
noise,8.0,4,Normal,rule,0.9,6.5,0.6188656458779801
noise,8.0,4,Normal,rule,1.3,6.5,0.6188656458779801
noise,8.0,4,Normal,rule,2.0,6.5,0.6188656458779801
noise,8.0,4,Normal,learned,0.0,8.4,0.4800032020044256
noise,8.0,4,Normal,learned,0.2,4.1,1.0
noise,8.0,4,Normal,learned,0.4,4.1,1.0
noise,8.0,4,Normal,learned,0.6,4.2,0.914856882358379
noise,8.0,4,Normal,learned,0.9,4.2,0.914856882358379
noise,8.0,4,Normal,learned,1.3,4.2,0.9216017310213245
noise,8.0,4,Normal,learned,2.0,4.2,0.914856882358379
noise,8.0,4,Normal,hybrid,0.0,8.4,0.4800032020044256
noise,8.0,4,Normal,hybrid,0.2,3.4,0.8603818544462509
noise,8.0,4,Normal,hybrid,0.4,3.4,0.8454256604216017
noise,8.0,4,Normal,hybrid,0.6,3.4,0.835780413693672
noise,8.0,4,Normal,hybrid,0.9,3.4,0.7917063341896682
noise,8.0,4,Normal,hybrid,1.3,3.3,0.7877736340270853
noise,8.0,4,Normal,hybrid,2.0,3.5,0.7827392871477701
noise,8.0,4,Oily,oracle,0.0,8.6,0.3693362536342715
noise,8.0,4,Oily,oracle,0.2,3.2,0.7753366239771086
noise,8.0,4,Oily,oracle,0.4,3.1,0.7753366239771086
noise,8.0,4,Oily,oracle,0.6,3.0,0.8389574121760602
noise,8.0,4,Oily,oracle,0.9,3.0,0.8389574121760602
noise,8.0,4,Oily,oracle,1.3,3.0,0.8389574121760602
noise,8.0,4,Oily,oracle,2.0,3.0,0.8389574121760602
noise,8.0,4,Oily,rule,0.0,8.6,0.3693362536342715
noise,8.0,4,Oily,rule,0.2,4.9,0.7065443116025597
noise,8.0,4,Oily,rule,0.4,4.9,0.7065443116025597
noise,8.0,4,Oily,rule,0.6,4.9,0.7065443116025597
noise,8.0,4,Oily,rule,0.9,4.9,0.7065443116025597
noise,8.0,4,Oily,rule,1.3,4.9,0.7065443116025597
noise,8.0,4,Oily,rule,2.0,4.9,0.7065443116025597
noise,8.0,4,Oily,learned,0.0,8.6,0.3693362536342715
noise,8.0,4,Oily,learned,0.2,3.7,0.9216017310213245
noise,8.0,4,Oily,learned,0.4,3.7,0.9266360779006398
noise,8.0,4,Oily,learned,0.6,3.7,0.9266360779006398
noise,8.0,4,Oily,learned,0.9,3.7,0.9305687780632227
noise,8.0,4,Oily,learned,1.3,3.7,0.9305687780632227
noise,8.0,4,Oily,learned,2.0,3.7,0.8415908474314976
noise,8.0,4,Oily,hybrid,0.0,8.6,0.3693362536342715
noise,8.0,4,Oily,hybrid,0.2,4.2,0.7058075148678526
noise,8.0,4,Oily,hybrid,0.4,4.1,0.642186726668901
noise,8.0,4,Oily,hybrid,0.6,3.9,0.7084409501232899
noise,8.0,4,Oily,hybrid,0.9,3.5,0.8454256604216017
noise,8.0,4,Oily,hybrid,1.3,3.5,0.8579809428223729
noise,8.0,4,Oily,hybrid,2.0,3.5,0.866947989864271
noise,8.0,4,Sensitive,oracle,0.0,12.1,0.8630152897016883
noise,8.0,4,Sensitive,oracle,0.2,3.6,0.9052116356304493
noise,8.0,4,Sensitive,oracle,0.4,3.4,0.8611375561264455
noise,8.0,4,Sensitive,oracle,0.6,3.3,0.8611375561264455
noise,8.0,4,Sensitive,oracle,0.9,3.1,0.8611375561264455
noise,8.0,4,Sensitive,oracle,1.3,3.0,0.8611375561264455
noise,8.0,4,Sensitive,oracle,2.0,3.0,0.8611375561264455
noise,8.0,4,Sensitive,rule,0.0,12.1,0.8630152897016883
noise,8.0,4,Sensitive,rule,0.2,5.6,0.7381919257729244
noise,8.0,4,Sensitive,rule,0.4,5.4,0.7100226348397881
noise,8.0,4,Sensitive,rule,0.6,5.7,0.6464018466408364
noise,8.0,4,Sensitive,rule,0.9,5.7,0.6464018466408364
noise,8.0,4,Sensitive,rule,1.3,5.7,0.6464018466408364
noise,8.0,4,Sensitive,rule,2.0,5.7,0.6464018466408364
noise,8.0,4,Sensitive,learned,0.0,12.1,0.8630152897016883
noise,8.0,4,Sensitive,learned,0.2,3.8,0.7975167679274938
noise,8.0,4,Sensitive,learned,0.4,3.4,0.7799082337019198
noise,8.0,4,Sensitive,learned,0.6,3.4,0.7799082337019198
noise,8.0,4,Sensitive,learned,0.9,3.3,0.7799082337019198
noise,8.0,4,Sensitive,learned,1.3,3.1,0.7799082337019198
noise,8.0,4,Sensitive,learned,2.0,3.1,0.8611375561264455
noise,8.0,4,Sensitive,hybrid,0.0,12.1,0.8630152897016883
noise,8.0,4,Sensitive,hybrid,0.2,4.8,0.7917063341896682
noise,8.0,4,Sensitive,hybrid,0.4,4.2,0.7104770117651424
noise,8.0,4,Sensitive,hybrid,0.6,4.2,0.7065443116025597
noise,8.0,4,Sensitive,hybrid,0.9,3.9,0.7065443116025597
noise,8.0,4,Sensitive,hybrid,1.3,3.7,0.7799082337019198
noise,8.0,4,Sensitive,hybrid,2.0,3.6,0.7104770117651424
